Ordre,Brand,Model,Year,Price,Mileage,Age,FuelType,Transmission,AdditionalInfo
1,Hyundai,Civic,1990,10700,190500.0,34.0,Hybrid,Automatic,Imported
2,Hyundai,Impala,2014,4100,143000.0,10.0,Diesel,Automatic,Imported
3,Mercedes,F-150,2003,37700,187000.0,21.0,Diesel,Semi-Automatic,
4,Kia,Sportage,2018,36100,43500.0,6.0,Gas,Manual,Fleet vehicle
5,Chevrolet,C-Class,2002,32000,203500.0,22.0,Gas,Semi-Automatic,First owner
6,Honda,F-150,1997,32500,4500.0,27.0,Electric,Automatic,Refurbished
7,Audi,Impala,2003,24600,215000.0,21.0,Electric,Automatic,Imported
8,Honda,X5,2004,30700,228000.0,20.0,Gas,Automatic,Fleet vehicle
9,Toyota,A4,2002,24300,,22.0,Hybrid,Semi-Automatic,Second owner
10,???,Impala,2003,Error,164000.0,21.0,Diesel,Manual,Refurbished
11,Honda,A4,2010,15300,,14.0,Diesel,Semi-Automatic,
12,Toyota,Sportage,2011,38800,,13.0,Diesel,Semi-Automatic,Second owner
13,Ford,X5,2011,33500,-5000.0,13.0,Petrol,Semi-Automatic,Imported
14,Audi,Sportage,2022,6800,223000.0,2.0,Gas,Automatic,Second owner
15,Mercedes,A4,1996,40200,174000.0,28.0,Diesel,Manual,First owner
16,BMW,Altima,2006,12000,4000.0,18.0,Petrol,Semi-Automatic,Refurbished
17,Mercedes,Altima,2010,6600,230500.0,14.0,Gas,Semi-Automatic,Second owner
18,Chevrolet,X5,2023,41300,241500.0,1.0,Electric,Manual,
19,Ford,Elantra,2012,16200,29000.0,12.0,Gas,Semi-Automatic,Second owner
20,Kia,A4,2015,12900,161500.0,9.0,Petrol,Semi-Automatic,Refurbished
21,Ford,A4,1996,34400,137500.0,28.0,Diesel,Automatic,First owner
22,Honda,F-150,2018,,48500.0,6.0,Petrol,Automatic,First owner
23,Nissan,Corolla,2005,,207500.0,19.0,Hybrid,Semi-Automatic,Imported
24,Audi,C-Class,2008,15900,193000.0,16.0,Diesel,Semi-Automatic,Imported
25,Ford,Civic,,13100,207500.0,,Hybrid,Automatic,Fleet vehicle
26,???,C-Class,2005,40500,-5000.0,19.0,Diesel,Automatic,Imported
27,Chevrolet,Corolla,2004,Error,281000.0,20.0,Gas,Semi-Automatic,
28,Nissan,F-150,2006,31400,44500.0,18.0,Gas,Semi-Automatic,Refurbished
29,Chevrolet,F-150,1999,24500,15000.0,25.0,Petrol,Manual,Second owner
30,Audi,Civic,2013,34900,287500.0,11.0,Electric,Semi-Automatic,
31,Ford,C-Class,2023,-1,11000.0,1.0,Diesel,Manual,First owner
32,Mercedes,Unknown,2008,9000,109000.0,16.0,Diesel,Manual,Second owner
33,Audi,Corolla,2013,3300,-5000.0,11.0,Diesel,Automatic,Second owner
34,Honda,Altima,2009,22500,184000.0,15.0,Hybrid,Automatic,Fleet vehicle
35,Nissan,C-Class,1995,19800,229500.0,29.0,Gas,Semi-Automatic,Imported
36,Toyota,Elantra,2008,1400,267500.0,16.0,Petrol,Manual,Imported
37,Chevrolet,C-Class,2016,38900,175500.0,8.0,Gas,Automatic,Fleet vehicle
38,Mercedes,F-150,1996,25000,71500.0,28.0,Petrol,Automatic,Imported
39,Chevrolet,X5,2015,21400,254000.0,9.0,Diesel,Semi-Automatic,
40,Hyundai,Sportage,2010,26800,170000.0,14.0,Hybrid,Semi-Automatic,Second owner
41,Honda,Elantra,2012,31100,225000.0,12.0,Gas,Automatic,
42,Toyota,Altima,2012,7300,189500.0,12.0,Gas,Manual,Imported
43,Honda,Altima,2020,37400,252500.0,4.0,Electric,Automatic,
44,Hyundai,Civic,2019,3100,130000.0,5.0,Electric,Automatic,First owner
45,Honda,A4,2007,18600,178000.0,17.0,Gas,Automatic,Imported
46,Audi,X5,1996,35200,184500.0,28.0,Hybrid,Manual,Imported
47,Toyota,Sportage,2014,22600,56500.0,10.0,Diesel,Automatic,First owner
48,BMW,F-150,2015,28100,162500.0,9.0,Diesel,Semi-Automatic,First owner
49,Chevrolet,Corolla,1998,40600,146000.0,26.0,Hybrid,Automatic,
50,Nissan,Impala,2011,40700,115500.0,13.0,Petrol,Manual,Imported
51,Audi,Altima,2003,28900,161000.0,21.0,Gas,Manual,Imported
52,???,Altima,2011,4900,192000.0,13.0,Diesel,Automatic,Second owner
53,Toyota,Sportage,1993,48800,192000.0,31.0,Diesel,Manual,
54,Hyundai,Altima,2004,35800,37000.0,20.0,Diesel,Manual,First owner
55,BMW,C-Class,2004,31900,2000.0,20.0,Hybrid,Automatic,Fleet vehicle
56,BMW,Sportage,2013,33900,221000.0,11.0,Hybrid,Automatic,Second owner
57,Mercedes,X5,2008,16100,30500.0,16.0,Electric,Automatic,
58,Audi,X5,2009,40700,,15.0,Gas,Semi-Automatic,Fleet vehicle
59,Ford,Altima,2013,5700,72500.0,11.0,Petrol,Automatic,Refurbished
60,Honda,Unknown,1996,42100,250500.0,28.0,Electric,Automatic,Refurbished
61,Mercedes,Civic,2013,,121000.0,11.0,Petrol,Semi-Automatic,Imported
62,Chevrolet,C-Class,2007,33700,175000.0,17.0,Gas,Semi-Automatic,Imported
63,Toyota,X5,1990,15000,,34.0,Gas,Semi-Automatic,First owner
64,Toyota,Impala,2020,37600,3500.0,4.0,Petrol,Semi-Automatic,Imported
65,???,X5,2017,16600,50500.0,7.0,Petrol,Manual,
66,,Corolla,2022,4100,230500.0,2.0,Diesel,Manual,Imported
67,Nissan,Corolla,2004,38900,255500.0,20.0,Petrol,Semi-Automatic,Refurbished
68,Chevrolet,Impala,2020,6200,88500.0,4.0,Hybrid,Manual,
69,Hyundai,Impala,0,10500,227500.0,,Hybrid,Semi-Automatic,
70,Hyundai,Sportage,2004,34400,205000.0,20.0,Gas,Automatic,
71,Nissan,Corolla,1995,20500,154500.0,29.0,Gas,Automatic,Fleet vehicle
72,Mercedes,Elantra,1993,29600,104500.0,31.0,Gas,Manual,Refurbished
73,Ford,Corolla,2007,-1,-5000.0,17.0,Petrol,Automatic,Fleet vehicle
74,Ford,Sportage,2013,14700,247000.0,11.0,Gas,Semi-Automatic,Refurbished
75,Mercedes,Sportage,2004,-1,103000.0,20.0,Electric,Automatic,Imported
76,Nissan,Impala,2011,18000,,13.0,Hybrid,Automatic,First owner
77,Mercedes,Impala,2001,17900,122500.0,23.0,Hybrid,Manual,Refurbished
78,Honda,Altima,1993,32500,11000.0,31.0,Gas,Automatic,Refurbished
79,Hyundai,Unknown,2015,45100,230000.0,9.0,Gas,Semi-Automatic,Refurbished
80,Kia,Corolla,0,-1,285000.0,,Electric,Semi-Automatic,Refurbished
81,Nissan,Elantra,1993,31600,-5000.0,31.0,Petrol,Automatic,First owner
82,Audi,Altima,2011,7100,286500.0,13.0,Petrol,Automatic,Fleet vehicle
83,Chevrolet,Civic,2000,22300,171500.0,24.0,Gas,Semi-Automatic,Refurbished
84,BMW,Corolla,2011,33600,51000.0,13.0,Hybrid,Manual,Imported
85,Honda,Altima,1991,19700,48000.0,33.0,Hybrid,Manual,First owner
86,Ford,C-Class,1999,25600,219000.0,25.0,Hybrid,Automatic,Imported
87,Mercedes,X5,1991,22700,39500.0,33.0,Electric,Semi-Automatic,
88,Honda,Impala,1994,5400,92000.0,30.0,Electric,Semi-Automatic,Imported
89,Mercedes,Civic,2007,19800,96000.0,17.0,Gas,Automatic,Fleet vehicle
90,Chevrolet,Elantra,2003,Error,238000.0,21.0,Gas,Automatic,
91,Hyundai,Sportage,2007,39800,188000.0,17.0,Diesel,Automatic,
92,Hyundai,A4,2006,19600,266500.0,18.0,Petrol,Semi-Automatic,Fleet vehicle
93,Honda,Unknown,2008,45300,57000.0,16.0,Hybrid,Semi-Automatic,Fleet vehicle
94,Honda,Sportage,1994,41400,24000.0,30.0,Diesel,Manual,Second owner
95,Kia,F-150,1998,25200,182500.0,26.0,Electric,Manual,
96,Toyota,Corolla,2022,43800,176500.0,2.0,Gas,Semi-Automatic,Fleet vehicle
97,Honda,A4,2012,9100,,12.0,Diesel,Manual,
98,???,Impala,1991,25400,107000.0,33.0,Petrol,Semi-Automatic,Fleet vehicle
99,Chevrolet,Corolla,2005,,274000.0,19.0,Gas,Automatic,Fleet vehicle
100,Hyundai,Elantra,2017,,5500.0,7.0,Petrol,Manual,Fleet vehicle
101,Honda,Civic,2019,26000,89000.0,5.0,Petrol,Semi-Automatic,Refurbished
102,Nissan,Impala,2003,18600,39000.0,21.0,Electric,Semi-Automatic,Fleet vehicle
103,Audi,Impala,2014,32300,69000.0,10.0,Electric,Automatic,Fleet vehicle
104,Toyota,Impala,2014,46500,298500.0,10.0,Electric,Manual,Fleet vehicle
105,Kia,Sportage,1992,25200,178000.0,32.0,Diesel,Manual,Refurbished
106,Ford,C-Class,1997,23900,201000.0,27.0,Gas,Manual,Second owner
107,Toyota,Elantra,1998,,228500.0,26.0,Gas,Manual,Fleet vehicle
108,Nissan,A4,2014,49300,30000.0,10.0,Petrol,Manual,Second owner
109,BMW,Corolla,Year?,22800,218000.0,,Petrol,Automatic,Refurbished
110,Audi,Sportage,2021,45800,93500.0,3.0,Petrol,Semi-Automatic,
111,Nissan,Corolla,1998,6800,102000.0,26.0,Diesel,Semi-Automatic,Fleet vehicle
112,Toyota,A4,2000,18400,76000.0,24.0,Petrol,Semi-Automatic,Refurbished
113,Toyota,Altima,2014,26700,275500.0,10.0,Hybrid,Automatic,Fleet vehicle
114,Nissan,Sportage,2021,29000,158500.0,3.0,Gas,Automatic,Second owner
115,Hyundai,C-Class,Year?,31200,40000.0,,Petrol,Manual,
116,Hyundai,A4,1999,11900,191500.0,25.0,Petrol,Manual,Fleet vehicle
117,Audi,Corolla,2022,22400,298500.0,2.0,Petrol,Automatic,First owner
118,Ford,F-150,2021,36700,58500.0,3.0,Diesel,Automatic,First owner
119,Nissan,Civic,2017,45100,,7.0,Diesel,Manual,
120,BMW,Altima,2004,27300,179000.0,20.0,Petrol,Manual,First owner
121,Audi,F-150,2010,5400,125500.0,14.0,Hybrid,Semi-Automatic,Refurbished
122,Audi,A4,1995,24300,232000.0,29.0,Hybrid,Manual,Refurbished
123,Mercedes,,2013,45400,70000.0,11.0,Gas,Automatic,Imported
124,BMW,Elantra,2012,19300,237000.0,12.0,Diesel,Semi-Automatic,Second owner
125,Mercedes,F-150,2006,11800,196500.0,18.0,Petrol,Automatic,Refurbished
126,Mercedes,Corolla,2016,28000,240000.0,8.0,Petrol,Automatic,Refurbished
127,Audi,Elantra,1991,41000,40000.0,33.0,Electric,Manual,Fleet vehicle
128,Toyota,Civic,2020,28500,179000.0,4.0,Diesel,Semi-Automatic,
129,Chevrolet,Corolla,1994,Error,79500.0,30.0,Electric,Semi-Automatic,Refurbished
130,Honda,F-150,2018,6300,286000.0,6.0,Electric,Automatic,Refurbished
131,,X5,1990,30900,,34.0,Petrol,Automatic,Second owner
132,Chevrolet,Elantra,1996,40800,236500.0,28.0,Diesel,Manual,
133,Nissan,Impala,2023,37000,241500.0,1.0,Electric,Semi-Automatic,First owner
134,Honda,F-150,1999,-1,164000.0,25.0,Petrol,Manual,Fleet vehicle
135,Ford,F-150,2019,4600,269000.0,5.0,Hybrid,Automatic,Refurbished
136,Mercedes,C-Class,Year?,4900,27000.0,,Diesel,Manual,
137,BMW,A4,2014,44400,,10.0,Petrol,Semi-Automatic,Second owner
138,Nissan,Sportage,2019,47600,,5.0,Hybrid,Automatic,Fleet vehicle
139,Mercedes,Civic,1995,30700,43500.0,29.0,Hybrid,Manual,Imported
140,Kia,Elantra,2017,3400,,7.0,Diesel,Automatic,First owner
141,Toyota,Civic,2022,12200,204000.0,2.0,Diesel,Automatic,First owner
142,Kia,A4,2020,,234500.0,4.0,Diesel,Automatic,First owner
143,Honda,Sportage,2005,-1,167000.0,19.0,Hybrid,Semi-Automatic,First owner
144,Nissan,Corolla,1998,47100,199500.0,26.0,Electric,Semi-Automatic,First owner
145,Ford,Altima,Year?,10200,33500.0,,Petrol,Automatic,Fleet vehicle
146,,Altima,2016,40700,111000.0,8.0,Diesel,Automatic,Fleet vehicle
147,Hyundai,X5,2014,46500,197500.0,10.0,Petrol,Semi-Automatic,Fleet vehicle
148,Toyota,Impala,2013,16200,64000.0,11.0,Petrol,Semi-Automatic,Imported
149,Honda,Corolla,2004,-1,239000.0,20.0,Electric,Semi-Automatic,
150,BMW,Elantra,2017,23800,177500.0,7.0,Electric,Semi-Automatic,Fleet vehicle
151,Hyundai,F-150,2009,36000,1000.0,15.0,Hybrid,Manual,First owner
152,Kia,Sportage,1997,34800,22000.0,27.0,Diesel,Automatic,Refurbished
153,Toyota,A4,1999,35000,134500.0,25.0,Diesel,Semi-Automatic,
154,Chevrolet,Civic,2007,6300,,17.0,Gas,Automatic,Second owner
155,???,Impala,1996,38900,67500.0,28.0,Diesel,Automatic,
156,BMW,Civic,2008,17900,226500.0,16.0,Petrol,Automatic,Refurbished
157,???,Impala,2000,2000,237000.0,24.0,Petrol,Semi-Automatic,
158,BMW,Sportage,1993,16400,256500.0,31.0,Electric,Semi-Automatic,Second owner
159,Kia,Sportage,2014,,65500.0,10.0,Diesel,Semi-Automatic,Refurbished
160,Audi,Altima,1997,3700,8500.0,27.0,Electric,Semi-Automatic,Fleet vehicle
161,BMW,X5,2011,20800,195500.0,13.0,Petrol,Manual,Second owner
162,Nissan,C-Class,2011,33200,254500.0,13.0,Diesel,Semi-Automatic,Refurbished
163,Kia,X5,2014,43500,251000.0,10.0,Hybrid,Semi-Automatic,Fleet vehicle
164,Kia,,2017,15400,69000.0,7.0,Electric,Semi-Automatic,
165,Ford,Corolla,2001,45300,192500.0,23.0,Electric,Semi-Automatic,Second owner
166,Chevrolet,Civic,2004,23300,80500.0,20.0,Petrol,Automatic,Refurbished
167,Chevrolet,A4,1992,16700,207500.0,32.0,Petrol,Manual,First owner
168,Toyota,Elantra,1996,33400,86500.0,28.0,Gas,Automatic,Imported
169,Audi,Altima,1997,36600,230000.0,27.0,Hybrid,Manual,First owner
170,Honda,Corolla,2020,1600,54000.0,4.0,Electric,Semi-Automatic,Fleet vehicle
171,Audi,C-Class,1998,16000,161000.0,26.0,Gas,Automatic,Second owner
172,Toyota,A4,2021,32700,205500.0,3.0,Diesel,Automatic,Fleet vehicle
173,Kia,A4,1994,43000,,30.0,Petrol,Automatic,First owner
174,Honda,Sportage,2006,37000,75500.0,18.0,Hybrid,Automatic,Refurbished
175,Toyota,A4,1999,16600,238500.0,25.0,Hybrid,Automatic,Fleet vehicle
176,Mercedes,Altima,2008,41600,83000.0,16.0,Petrol,Automatic,Second owner
177,,X5,2002,1900,56000.0,22.0,Diesel,Manual,First owner
178,Kia,X5,1998,11500,,26.0,Petrol,Automatic,Imported
179,Toyota,Civic,,44900,2000.0,,Electric,Automatic,Imported
180,Ford,C-Class,1993,3300,214500.0,31.0,Gas,Manual,Imported
181,Honda,C-Class,1993,21800,270500.0,31.0,Petrol,Semi-Automatic,Fleet vehicle
182,Toyota,C-Class,2022,39800,52000.0,2.0,Diesel,Semi-Automatic,
183,Mercedes,Elantra,2005,3000,233000.0,19.0,Petrol,Manual,First owner
184,Kia,C-Class,1990,43100,235000.0,34.0,Petrol,Manual,Fleet vehicle
185,Hyundai,C-Class,1998,19400,239000.0,26.0,Gas,Manual,
186,Nissan,Elantra,1998,43700,15000.0,26.0,Diesel,Manual,Second owner
187,Hyundai,F-150,2001,36200,139500.0,23.0,Hybrid,Automatic,Second owner
188,Ford,F-150,2014,27400,73500.0,10.0,Gas,Manual,Fleet vehicle
189,Toyota,A4,2009,6500,201500.0,15.0,Gas,Semi-Automatic,Refurbished
190,Mercedes,X5,2003,46100,70500.0,21.0,Gas,Manual,Fleet vehicle
191,Honda,Sportage,1991,42500,147500.0,33.0,Petrol,Manual,
192,Chevrolet,F-150,2004,31800,236500.0,20.0,Petrol,Manual,Fleet vehicle
193,Toyota,F-150,1999,28400,160000.0,25.0,Gas,Semi-Automatic,
194,Nissan,A4,2015,37800,174000.0,9.0,Hybrid,Manual,Imported
195,Ford,Impala,1995,Error,208000.0,29.0,Petrol,Automatic,Second owner
196,Nissan,Civic,2019,3100,5500.0,5.0,Diesel,Manual,
197,BMW,F-150,2002,49200,225500.0,22.0,Gas,Semi-Automatic,Refurbished
198,Mercedes,C-Class,2017,35300,214500.0,7.0,Diesel,Automatic,
199,Chevrolet,X5,2010,12900,113500.0,14.0,Diesel,Semi-Automatic,Fleet vehicle
200,Hyundai,Altima,1992,1000,198000.0,32.0,Hybrid,Semi-Automatic,
201,???,Corolla,2017,12900,259500.0,7.0,Gas,Semi-Automatic,Fleet vehicle
202,Nissan,Elantra,2005,3900,248000.0,19.0,Petrol,Semi-Automatic,
203,Hyundai,Impala,2015,15000,,9.0,Hybrid,Automatic,Fleet vehicle
204,BMW,Sportage,2001,20200,231500.0,23.0,Gas,Automatic,First owner
205,Chevrolet,Sportage,2019,19100,204000.0,5.0,Electric,Semi-Automatic,First owner
206,Toyota,Civic,Year?,,253500.0,,Hybrid,Semi-Automatic,
207,Hyundai,Corolla,2000,23200,245000.0,24.0,Petrol,Semi-Automatic,Imported
208,BMW,X5,2009,48700,129500.0,15.0,Petrol,Automatic,First owner
209,Nissan,F-150,1990,34400,172500.0,34.0,Electric,Automatic,First owner
210,Audi,X5,1994,34000,273500.0,30.0,Diesel,Semi-Automatic,
211,Ford,Impala,2019,28000,80500.0,5.0,Gas,Manual,Imported
212,Chevrolet,Civic,2016,10200,84500.0,8.0,Hybrid,Manual,
213,Toyota,X5,2001,35000,55000.0,23.0,Hybrid,Semi-Automatic,First owner
214,Chevrolet,Sportage,1990,26700,243500.0,34.0,Diesel,Automatic,Refurbished
215,???,X5,2001,3800,151000.0,23.0,Petrol,Manual,Refurbished
216,Nissan,Impala,1993,24100,145500.0,31.0,Hybrid,Semi-Automatic,Refurbished
217,Hyundai,Altima,2009,34800,28000.0,15.0,Diesel,Automatic,Imported
218,Hyundai,Altima,2009,32200,81000.0,15.0,Diesel,Semi-Automatic,First owner
219,BMW,Civic,2010,6000,282000.0,14.0,Petrol,Automatic,Refurbished
220,Toyota,F-150,1996,,17500.0,28.0,Gas,Automatic,Fleet vehicle
221,Audi,Altima,2011,44300,195500.0,13.0,Gas,Manual,Refurbished
222,BMW,,1991,18600,103000.0,33.0,Petrol,Semi-Automatic,Second owner
223,Nissan,A4,1995,45500,254500.0,29.0,Hybrid,Semi-Automatic,
224,Kia,F-150,2007,32900,175000.0,17.0,Petrol,Manual,Imported
225,Nissan,C-Class,1996,43600,4000.0,28.0,Electric,Manual,Imported
226,Audi,Elantra,1990,43500,214500.0,34.0,Petrol,Manual,Imported
227,Chevrolet,F-150,2017,26200,36000.0,7.0,Electric,Manual,Fleet vehicle
228,Honda,Unknown,1991,49000,113500.0,33.0,Gas,Automatic,
229,Nissan,Elantra,1993,,132000.0,31.0,Gas,Automatic,Refurbished
230,Mercedes,Sportage,1998,Error,296000.0,26.0,Petrol,Semi-Automatic,Refurbished
231,,A4,2012,41300,69000.0,12.0,Diesel,Automatic,Fleet vehicle
232,,Corolla,2015,46900,123000.0,9.0,Electric,Semi-Automatic,Second owner
233,Toyota,Altima,2009,27200,132000.0,15.0,Petrol,Manual,Refurbished
234,Nissan,A4,2013,22000,143000.0,11.0,Hybrid,Manual,
235,Honda,A4,2014,31900,42000.0,10.0,Diesel,Semi-Automatic,Imported
236,Nissan,X5,2013,14100,103500.0,11.0,Gas,Manual,
237,Toyota,C-Class,2020,44300,149500.0,4.0,Gas,Automatic,Fleet vehicle
238,Hyundai,Corolla,2009,19900,121500.0,15.0,Petrol,Semi-Automatic,Fleet vehicle
239,Kia,C-Class,2015,32600,133500.0,9.0,Hybrid,Manual,Fleet vehicle
240,Chevrolet,F-150,1994,27300,174500.0,30.0,Hybrid,Manual,Refurbished
241,Nissan,A4,2012,6200,270000.0,12.0,Gas,Automatic,Imported
242,Chevrolet,Corolla,1991,22600,87500.0,33.0,Electric,Automatic,Fleet vehicle
243,Mercedes,Impala,2012,21800,75000.0,12.0,Petrol,Manual,Refurbished
244,Audi,F-150,2021,20100,267000.0,3.0,Diesel,Manual,
245,Toyota,X5,1993,12900,50000.0,31.0,Electric,Automatic,Imported
246,Honda,Sportage,2021,26600,215500.0,3.0,Electric,Automatic,First owner
247,Chevrolet,A4,2011,-1,93500.0,13.0,Hybrid,Manual,Second owner
248,Honda,Sportage,1999,35200,251500.0,25.0,Petrol,Manual,Refurbished
249,Hyundai,X5,0,23800,,,Hybrid,Semi-Automatic,First owner
250,Nissan,Altima,2016,5500,46000.0,8.0,Petrol,Automatic,Imported
251,BMW,C-Class,2012,,209000.0,12.0,Hybrid,Automatic,Second owner
252,Audi,C-Class,2004,32200,80500.0,20.0,Hybrid,Manual,Refurbished
253,Nissan,Altima,1998,Error,168000.0,26.0,Diesel,Semi-Automatic,Refurbished
254,Audi,A4,2012,46500,250000.0,12.0,Hybrid,Automatic,
255,Kia,A4,1993,40000,8500.0,31.0,Gas,Manual,Refurbished
256,Audi,Sportage,2012,11700,231000.0,12.0,Hybrid,Semi-Automatic,Refurbished
257,Kia,Elantra,2003,6900,216000.0,21.0,Petrol,Automatic,Imported
258,Mercedes,Impala,2016,30300,116000.0,8.0,Hybrid,Automatic,Imported
259,Ford,Sportage,2017,2800,172000.0,7.0,Electric,Semi-Automatic,Refurbished
260,Nissan,Civic,2016,44800,150000.0,8.0,Gas,Semi-Automatic,Imported
261,BMW,X5,2004,26900,187500.0,20.0,Electric,Semi-Automatic,Imported
262,Nissan,Sportage,1998,11600,95500.0,26.0,Petrol,Manual,Refurbished
263,,,1995,38800,154000.0,29.0,Diesel,Automatic,Refurbished
264,Audi,F-150,1997,38000,269000.0,27.0,Gas,Automatic,First owner
265,Kia,C-Class,1999,13600,131000.0,25.0,Electric,Semi-Automatic,
266,Honda,Corolla,2008,16900,,16.0,Hybrid,Manual,
267,Kia,Unknown,1997,26100,67500.0,27.0,Electric,Automatic,Second owner
268,Toyota,X5,2003,14000,52000.0,21.0,Gas,Automatic,First owner
269,Mercedes,C-Class,1996,34800,286000.0,28.0,Petrol,Semi-Automatic,Fleet vehicle
270,Honda,Civic,1991,1700,262000.0,33.0,Petrol,Automatic,Imported
271,Nissan,Altima,2017,45300,108000.0,7.0,Diesel,Manual,Refurbished
272,Honda,A4,2011,18800,,13.0,Petrol,Manual,
273,Audi,Corolla,2014,38900,266500.0,10.0,Diesel,Automatic,Second owner
274,Audi,Sportage,2022,-1,135000.0,2.0,Gas,Automatic,First owner
275,Toyota,Altima,1998,19000,,26.0,Gas,Manual,
276,Ford,Altima,1995,44500,,29.0,Petrol,Semi-Automatic,Second owner
277,Mercedes,Unknown,2004,4100,68000.0,20.0,Hybrid,Semi-Automatic,Second owner
278,Audi,Altima,2017,15200,224000.0,7.0,Hybrid,Manual,Refurbished
279,Toyota,F-150,2015,3100,,9.0,Diesel,Manual,Second owner
280,Chevrolet,Impala,2006,-1,279000.0,18.0,Electric,Automatic,Refurbished
281,Honda,Altima,2019,35000,208000.0,5.0,Diesel,Manual,Second owner
282,Honda,F-150,2008,4200,167000.0,16.0,Electric,Semi-Automatic,Fleet vehicle
283,Honda,Civic,1991,20600,-5000.0,33.0,Gas,Automatic,First owner
284,Nissan,Impala,1995,29000,-5000.0,29.0,Electric,Automatic,Fleet vehicle
285,Ford,Sportage,1999,7500,234000.0,25.0,Diesel,Automatic,
286,Nissan,Altima,2002,36800,223000.0,22.0,Electric,Manual,Fleet vehicle
287,,A4,2018,42700,291000.0,6.0,Gas,Semi-Automatic,Second owner
288,BMW,Sportage,2023,36100,225000.0,1.0,Petrol,Manual,Fleet vehicle
289,Mercedes,Elantra,2018,14200,231000.0,6.0,Gas,Manual,Second owner
290,Kia,Elantra,1996,28000,100500.0,28.0,Gas,Manual,Imported
291,Ford,Civic,1995,26800,135500.0,29.0,Petrol,Manual,Refurbished
292,Nissan,Sportage,2015,41100,107500.0,9.0,Hybrid,Manual,Fleet vehicle
293,Nissan,A4,1990,15600,99500.0,34.0,Diesel,Manual,
294,Nissan,Impala,2002,8100,6000.0,22.0,Hybrid,Semi-Automatic,Second owner
295,Honda,Impala,2013,26000,209500.0,11.0,Hybrid,Semi-Automatic,First owner
296,Nissan,C-Class,2015,4400,76000.0,9.0,Petrol,Manual,First owner
297,Kia,Altima,1997,28300,1500.0,27.0,Petrol,Manual,First owner
298,BMW,Impala,2011,37500,-5000.0,13.0,Diesel,Automatic,Fleet vehicle
299,Honda,X5,2016,22800,252000.0,8.0,Diesel,Semi-Automatic,Fleet vehicle
300,Audi,A4,1995,10000,,29.0,Electric,Manual,Imported
301,Audi,Altima,1996,-1,167000.0,28.0,Diesel,Automatic,
302,Honda,Altima,2004,44800,94000.0,20.0,Petrol,Automatic,Imported
303,Ford,A4,2014,22500,,10.0,Diesel,Manual,
304,BMW,Corolla,2006,28400,35000.0,18.0,Petrol,Semi-Automatic,Refurbished
305,???,Altima,1992,,19000.0,32.0,Gas,Semi-Automatic,Refurbished
306,Chevrolet,X5,1992,33700,50500.0,32.0,Electric,Semi-Automatic,Refurbished
307,???,Elantra,2019,36000,32000.0,5.0,Electric,Manual,First owner
308,Nissan,Civic,2008,11800,196000.0,16.0,Diesel,Semi-Automatic,First owner
309,Chevrolet,A4,2014,22200,218000.0,10.0,Diesel,Automatic,Refurbished
310,Hyundai,X5,2013,12600,39000.0,11.0,Electric,Manual,Second owner
311,Honda,X5,,14500,238000.0,,Hybrid,Manual,
312,Honda,X5,1991,43300,23000.0,33.0,Gas,Manual,Fleet vehicle
313,Honda,Civic,2010,33500,256500.0,14.0,Electric,Semi-Automatic,Refurbished
314,Chevrolet,Corolla,2016,32600,234500.0,8.0,Diesel,Manual,Imported
315,Ford,Altima,1994,26100,133500.0,30.0,Petrol,Automatic,Fleet vehicle
316,Chevrolet,F-150,2013,36400,85000.0,11.0,Diesel,Semi-Automatic,Second owner
317,Mercedes,Elantra,2011,8800,132000.0,13.0,Gas,Automatic,First owner
318,Kia,Impala,1991,7300,175000.0,33.0,Petrol,Manual,First owner
319,Audi,A4,2015,45700,,9.0,Gas,Automatic,First owner
320,Audi,Sportage,2013,13200,212000.0,11.0,Electric,Automatic,Fleet vehicle
321,BMW,A4,2022,23000,34000.0,2.0,Petrol,Automatic,Fleet vehicle
322,Chevrolet,Corolla,2002,23700,153500.0,22.0,Hybrid,Manual,Fleet vehicle
323,???,Corolla,2021,31700,53000.0,3.0,Hybrid,Manual,Imported
324,Kia,Civic,1996,,206500.0,28.0,Petrol,Semi-Automatic,Fleet vehicle
325,Chevrolet,Civic,2014,-1,19500.0,10.0,Gas,Automatic,Fleet vehicle
326,Hyundai,Elantra,1996,7600,,28.0,Electric,Semi-Automatic,Fleet vehicle
327,Mercedes,Sportage,1991,41700,6500.0,33.0,Petrol,Semi-Automatic,
328,Chevrolet,C-Class,2005,14800,124500.0,19.0,Petrol,Automatic,First owner
329,Kia,,1998,34700,293000.0,26.0,Electric,Automatic,Second owner
330,Nissan,Impala,2015,Error,17000.0,9.0,Hybrid,Automatic,First owner
331,Hyundai,Civic,,Error,155000.0,,Petrol,Semi-Automatic,First owner
332,Nissan,C-Class,2003,18900,198000.0,21.0,Gas,Semi-Automatic,Refurbished
333,Chevrolet,X5,2008,21300,165000.0,16.0,Gas,Semi-Automatic,
334,Ford,Unknown,2012,27300,58500.0,12.0,Petrol,Automatic,Refurbished
335,Nissan,A4,2018,17800,27500.0,6.0,Diesel,Manual,Fleet vehicle
336,Nissan,Elantra,0,21200,30500.0,,Diesel,Automatic,Refurbished
337,Honda,F-150,2007,11900,145500.0,17.0,Petrol,Manual,
338,Ford,Unknown,2009,44900,86000.0,15.0,Petrol,Automatic,Refurbished
339,Audi,Elantra,2004,47500,282500.0,20.0,Electric,Semi-Automatic,Refurbished
340,Kia,F-150,2019,46400,250000.0,5.0,Hybrid,Semi-Automatic,Second owner
341,Chevrolet,C-Class,2008,32600,,16.0,Electric,Semi-Automatic,First owner
342,Hyundai,A4,2010,4400,40500.0,14.0,Electric,Manual,First owner
343,Audi,Sportage,0,31600,103500.0,,Electric,Semi-Automatic,Second owner
344,Ford,F-150,2012,19500,248000.0,12.0,Gas,Automatic,Second owner
345,Mercedes,Unknown,2006,11400,125500.0,18.0,Electric,Automatic,Second owner
346,BMW,Altima,2020,48300,236000.0,4.0,Diesel,Manual,Imported
347,Nissan,Civic,2019,42600,162500.0,5.0,Petrol,Semi-Automatic,Refurbished
348,Toyota,Elantra,2020,Error,277500.0,4.0,Diesel,Manual,Second owner
349,???,A4,2015,26700,237000.0,9.0,Hybrid,Automatic,
350,Toyota,C-Class,2015,34900,141500.0,9.0,Hybrid,Automatic,Fleet vehicle
351,Ford,Altima,1998,14200,17000.0,26.0,Electric,Semi-Automatic,First owner
352,Hyundai,,2016,20500,70000.0,8.0,Electric,Semi-Automatic,Fleet vehicle
353,Ford,X5,1992,15200,144500.0,32.0,Petrol,Automatic,Refurbished
354,Chevrolet,Altima,1993,9200,136000.0,31.0,Diesel,Automatic,First owner
355,Kia,Elantra,1991,37900,163500.0,33.0,Diesel,Automatic,Fleet vehicle
356,Honda,Civic,2009,9400,275500.0,15.0,Diesel,Semi-Automatic,First owner
357,BMW,F-150,1996,10500,289500.0,28.0,Gas,Semi-Automatic,
358,BMW,Corolla,2015,6400,171000.0,9.0,Hybrid,Automatic,Fleet vehicle
359,Ford,Altima,2005,43600,54000.0,19.0,Electric,Semi-Automatic,Second owner
360,Honda,A4,1999,39700,106000.0,25.0,Diesel,Manual,Imported
361,Ford,F-150,2011,20600,165500.0,13.0,Electric,Semi-Automatic,First owner
362,Audi,Elantra,2008,3700,132000.0,16.0,Hybrid,Automatic,Imported
363,Kia,F-150,1999,6300,229500.0,25.0,Hybrid,Semi-Automatic,
364,Hyundai,Unknown,2004,26600,233000.0,20.0,Petrol,Manual,Second owner
365,Toyota,Sportage,2012,33200,186000.0,12.0,Diesel,Manual,Second owner
366,Toyota,A4,2010,1100,234500.0,14.0,Diesel,Manual,Fleet vehicle
367,???,C-Class,2005,34100,118000.0,19.0,Electric,Semi-Automatic,Fleet vehicle
368,BMW,Sportage,2020,42500,,4.0,Hybrid,Manual,Imported
369,Audi,F-150,1999,16100,86000.0,25.0,Gas,Automatic,Imported
370,Hyundai,C-Class,1992,12200,177000.0,32.0,Gas,Automatic,Refurbished
371,Kia,C-Class,2013,7500,183000.0,11.0,Gas,Manual,Refurbished
372,Nissan,F-150,2011,10300,175000.0,13.0,Petrol,Semi-Automatic,First owner
373,Honda,Elantra,2001,4100,180000.0,23.0,Diesel,Manual,
374,Mercedes,Impala,2005,12100,281000.0,19.0,Gas,Automatic,Fleet vehicle
375,Honda,F-150,1998,6500,81000.0,26.0,Hybrid,Semi-Automatic,
376,Kia,Civic,2023,27900,,1.0,Petrol,Automatic,
377,Nissan,Impala,2018,35800,190000.0,6.0,Gas,Manual,First owner
378,BMW,Sportage,1992,42900,132500.0,32.0,Petrol,Manual,Imported
379,Kia,C-Class,1990,25800,259500.0,34.0,Gas,Automatic,Refurbished
380,Nissan,Altima,2006,-1,-5000.0,18.0,Hybrid,Automatic,Fleet vehicle
381,Nissan,Impala,2015,37500,216500.0,9.0,Diesel,Automatic,First owner
382,Hyundai,Altima,2016,,108500.0,8.0,Hybrid,Automatic,Fleet vehicle
383,Toyota,A4,2011,,87000.0,13.0,Gas,Semi-Automatic,First owner
384,???,Civic,1990,37300,149500.0,34.0,Hybrid,Automatic,Imported
385,Chevrolet,X5,2011,7700,269000.0,13.0,Gas,Automatic,
386,Ford,Elantra,1993,26000,132500.0,31.0,Gas,Automatic,Imported
387,Audi,Elantra,1999,38700,126000.0,25.0,Gas,Manual,Refurbished
388,Toyota,Corolla,1993,3800,139500.0,31.0,Hybrid,Manual,
389,BMW,Altima,Year?,15400,191500.0,,Electric,Semi-Automatic,
390,Mercedes,A4,2012,6900,5000.0,12.0,Diesel,Semi-Automatic,Fleet vehicle
391,Hyundai,Civic,2017,27900,283500.0,7.0,Gas,Semi-Automatic,
392,Kia,Unknown,2016,3400,131500.0,8.0,Petrol,Manual,Fleet vehicle
393,Chevrolet,Elantra,2011,4600,116500.0,13.0,Petrol,Manual,First owner
394,Audi,Altima,2015,41700,95000.0,9.0,Hybrid,Manual,Imported
395,Nissan,Elantra,2004,16300,25000.0,20.0,Electric,Automatic,Fleet vehicle
396,Honda,A4,2008,21600,228500.0,16.0,Petrol,Manual,Imported
397,Mercedes,C-Class,1997,30600,32000.0,27.0,Petrol,Automatic,
398,Honda,Altima,1994,-1,,30.0,Electric,Automatic,Fleet vehicle
399,BMW,Sportage,2011,30800,134000.0,13.0,Hybrid,Manual,First owner
400,Hyundai,Elantra,2005,42300,-5000.0,19.0,Gas,Automatic,Imported
401,Nissan,X5,2018,26200,247000.0,6.0,Gas,Semi-Automatic,Imported
402,Mercedes,A4,2012,42300,96500.0,12.0,Petrol,Manual,Second owner
403,Honda,Sportage,2004,,271500.0,20.0,Gas,Semi-Automatic,Second owner
404,Hyundai,C-Class,2014,25500,279000.0,10.0,Electric,Manual,Second owner
405,Hyundai,Altima,2016,,218500.0,8.0,Gas,Automatic,Second owner
406,BMW,Corolla,1995,28100,4000.0,29.0,Petrol,Automatic,Refurbished
407,Honda,A4,1992,10700,57000.0,32.0,Diesel,Semi-Automatic,Imported
408,Hyundai,A4,Year?,11600,176500.0,,Petrol,Manual,First owner
409,Toyota,Impala,2012,30100,207500.0,12.0,Diesel,Automatic,Imported
410,Honda,A4,2019,8500,143500.0,5.0,Diesel,Semi-Automatic,Refurbished
411,Toyota,Elantra,2006,3300,175500.0,18.0,Gas,Manual,Fleet vehicle
412,Chevrolet,Impala,2009,,134500.0,15.0,Petrol,Automatic,
413,Nissan,F-150,2011,,21000.0,13.0,Gas,Semi-Automatic,Second owner
414,Audi,A4,0,7500,281000.0,,Petrol,Semi-Automatic,Second owner
415,Chevrolet,Civic,2015,2800,285000.0,9.0,Diesel,Automatic,Second owner
416,Honda,Sportage,1994,41400,183000.0,30.0,Petrol,Semi-Automatic,Imported
417,Toyota,A4,2001,48200,,23.0,Electric,Manual,Refurbished
418,Mercedes,A4,2001,37300,70500.0,23.0,Diesel,Automatic,Second owner
419,Toyota,Elantra,1998,37800,75000.0,26.0,Diesel,Semi-Automatic,Second owner
420,Ford,Corolla,0,15700,152000.0,,Petrol,Automatic,First owner
421,Hyundai,,2020,44700,,4.0,Hybrid,Manual,Fleet vehicle
422,Nissan,Civic,2022,26500,211500.0,2.0,Diesel,Manual,Fleet vehicle
423,BMW,F-150,1998,11300,108500.0,26.0,Petrol,Manual,Second owner
424,Chevrolet,C-Class,2009,11500,17000.0,15.0,Gas,Semi-Automatic,Imported
425,Toyota,A4,2018,,204500.0,6.0,Gas,Semi-Automatic,Fleet vehicle
426,Toyota,A4,2021,-1,261000.0,3.0,Diesel,Automatic,Imported
427,Honda,X5,2006,35800,23500.0,18.0,Electric,Semi-Automatic,Imported
428,Chevrolet,C-Class,2021,34400,286500.0,3.0,Gas,Automatic,Imported
429,Audi,Impala,1998,6200,,26.0,Electric,Automatic,Imported
430,Honda,Impala,1997,45400,12000.0,27.0,Gas,Automatic,Fleet vehicle
431,Toyota,Sportage,1994,44400,222500.0,30.0,Diesel,Semi-Automatic,Refurbished
432,BMW,Corolla,2023,,235000.0,1.0,Petrol,Automatic,Imported
433,Mercedes,F-150,1991,36000,16500.0,33.0,Hybrid,Automatic,
434,Chevrolet,Corolla,2011,42000,53500.0,13.0,Gas,Semi-Automatic,First owner
435,Nissan,C-Class,1990,15200,224000.0,34.0,Petrol,Automatic,Imported
436,Audi,Sportage,2015,21800,68500.0,9.0,Hybrid,Automatic,First owner
437,Honda,F-150,2000,1300,26000.0,24.0,Electric,Automatic,
438,Nissan,F-150,2001,29900,137000.0,23.0,Diesel,Automatic,First owner
439,Ford,Impala,2003,39100,216500.0,21.0,Electric,Automatic,Second owner
440,Audi,Altima,2008,24700,146000.0,16.0,Gas,Semi-Automatic,Second owner
441,Audi,F-150,2022,37800,243000.0,2.0,Gas,Manual,First owner
442,Chevrolet,,2006,,192000.0,18.0,Petrol,Semi-Automatic,Imported
443,???,A4,2001,43200,95500.0,23.0,Electric,Semi-Automatic,
444,Chevrolet,Sportage,2010,45600,42500.0,14.0,Hybrid,Manual,Imported
445,,Sportage,1998,7600,49000.0,26.0,Petrol,Manual,Refurbished
446,Ford,Sportage,2012,42500,-5000.0,12.0,Hybrid,Automatic,Refurbished
447,Nissan,A4,2014,,75500.0,10.0,Petrol,Automatic,Fleet vehicle
448,Mercedes,C-Class,2005,1900,200500.0,19.0,Electric,Automatic,Second owner
449,Hyundai,F-150,2019,43800,62500.0,5.0,Petrol,Manual,Fleet vehicle
450,Toyota,Elantra,2019,29800,208000.0,5.0,Hybrid,Manual,Imported
451,???,Sportage,1994,46300,143000.0,30.0,Petrol,Automatic,Refurbished
452,Honda,C-Class,2019,23200,,5.0,Electric,Automatic,Refurbished
453,Mercedes,Altima,,22300,36000.0,,Hybrid,Semi-Automatic,First owner
454,Hyundai,Altima,1997,16500,89500.0,27.0,Gas,Semi-Automatic,Refurbished
455,Audi,Altima,1992,44800,256000.0,32.0,Electric,Automatic,
456,Toyota,Sportage,2002,1100,212000.0,22.0,Diesel,Manual,
457,Toyota,Elantra,2009,13500,4000.0,15.0,Gas,Manual,Refurbished
458,Nissan,Impala,1991,-1,39500.0,33.0,Gas,Manual,Imported
459,BMW,F-150,2010,32500,110500.0,14.0,Hybrid,Automatic,Fleet vehicle
460,Audi,F-150,2010,22800,127500.0,14.0,Gas,Manual,Refurbished
461,Mercedes,Impala,1998,2900,84000.0,26.0,Gas,Semi-Automatic,Refurbished
462,???,Altima,2018,40600,,6.0,Gas,Automatic,
463,Chevrolet,Corolla,2023,11500,139500.0,1.0,Petrol,Manual,Fleet vehicle
464,Mercedes,,2005,42400,103500.0,19.0,Petrol,Manual,Second owner
465,Hyundai,Elantra,1992,12900,86500.0,32.0,Diesel,Manual,First owner
466,???,Elantra,2010,9900,261000.0,14.0,Diesel,Semi-Automatic,Second owner
467,Ford,X5,2001,38700,159500.0,23.0,Hybrid,Manual,First owner
468,Kia,Altima,2014,15400,200000.0,10.0,Hybrid,Automatic,Refurbished
469,Toyota,X5,2004,1300,230500.0,20.0,Gas,Automatic,
470,BMW,F-150,2006,35100,128500.0,18.0,Electric,Semi-Automatic,Refurbished
471,Ford,Altima,2017,3200,41500.0,7.0,Hybrid,Manual,Imported
472,Hyundai,A4,2021,23600,150000.0,3.0,Petrol,Automatic,
473,Nissan,Corolla,2009,39000,,15.0,Diesel,Manual,
474,BMW,Corolla,1993,25500,18500.0,31.0,Electric,Semi-Automatic,
475,BMW,Corolla,1998,3800,26000.0,26.0,Electric,Manual,Fleet vehicle
476,Toyota,Elantra,2009,29500,37000.0,15.0,Hybrid,Semi-Automatic,Second owner
477,???,F-150,1993,,192500.0,31.0,Petrol,Semi-Automatic,Refurbished
478,Toyota,Impala,2015,28900,153000.0,9.0,Hybrid,Automatic,Refurbished
479,Hyundai,C-Class,2022,30700,78000.0,2.0,Hybrid,Manual,Refurbished
480,Toyota,Civic,1996,3200,109000.0,28.0,Petrol,Automatic,Refurbished
481,Hyundai,X5,1998,3200,183500.0,26.0,Diesel,Manual,Second owner
482,Hyundai,Sportage,,34300,274000.0,,Diesel,Automatic,Second owner
483,Hyundai,X5,2003,19400,231000.0,21.0,Electric,Manual,Refurbished
484,Audi,Altima,2001,1400,1500.0,23.0,Hybrid,Manual,First owner
485,Mercedes,Sportage,1997,-1,11000.0,27.0,Petrol,Semi-Automatic,First owner
486,,Corolla,2014,18000,99000.0,10.0,Electric,Semi-Automatic,First owner
487,Hyundai,Elantra,2020,47500,234500.0,4.0,Hybrid,Semi-Automatic,
488,Honda,Unknown,1991,42400,204500.0,33.0,Electric,Manual,Imported
489,Chevrolet,Impala,2007,-1,41500.0,17.0,Electric,Automatic,First owner
490,Toyota,Civic,2004,30400,,20.0,Petrol,Semi-Automatic,Fleet vehicle
491,Hyundai,,1995,38900,53000.0,29.0,Electric,Semi-Automatic,First owner
492,BMW,Sportage,2012,,66500.0,12.0,Hybrid,Semi-Automatic,Fleet vehicle
493,,Altima,2005,49000,,19.0,Hybrid,Automatic,Fleet vehicle
494,Mercedes,Altima,2005,18600,153000.0,19.0,Hybrid,Automatic,First owner
495,Chevrolet,F-150,2012,30800,180000.0,12.0,Gas,Automatic,
496,Chevrolet,Corolla,2013,,285500.0,11.0,Electric,Semi-Automatic,Imported
497,Ford,A4,2004,37400,282000.0,20.0,Diesel,Manual,First owner
498,Mercedes,Impala,2019,6100,284500.0,5.0,Diesel,Semi-Automatic,Refurbished
499,Chevrolet,Civic,1995,32300,269500.0,29.0,Electric,Semi-Automatic,Second owner
500,Toyota,Corolla,2008,2000,105500.0,16.0,Gas,Manual,Refurbished
501,Chevrolet,Impala,2016,1600,237000.0,8.0,Electric,Semi-Automatic,Imported
502,Mercedes,Unknown,2015,-1,75000.0,9.0,Hybrid,Semi-Automatic,Fleet vehicle
503,Hyundai,Sportage,2003,34300,33000.0,21.0,Hybrid,Automatic,Second owner
504,BMW,X5,2009,44900,3500.0,15.0,Hybrid,Semi-Automatic,
505,Nissan,Impala,2009,34800,114000.0,15.0,Diesel,Automatic,First owner
506,Honda,Civic,2022,35100,,2.0,Electric,Automatic,Fleet vehicle
507,BMW,Elantra,2006,49900,234500.0,18.0,Hybrid,Semi-Automatic,Fleet vehicle
508,Mercedes,Civic,2019,1200,250500.0,5.0,Hybrid,Semi-Automatic,Imported
509,Hyundai,Elantra,2009,29700,275500.0,15.0,Diesel,Semi-Automatic,
510,Toyota,Civic,2019,Error,-5000.0,5.0,Electric,Manual,Fleet vehicle
511,BMW,X5,1998,36700,205500.0,26.0,Petrol,Automatic,First owner
512,Ford,Elantra,2003,-1,213000.0,21.0,Gas,Automatic,First owner
513,Kia,Civic,2011,19500,132500.0,13.0,Diesel,Semi-Automatic,First owner
514,BMW,Impala,2002,14100,295500.0,22.0,Petrol,Semi-Automatic,
515,Honda,Impala,2013,23200,65000.0,11.0,Gas,Automatic,Fleet vehicle
516,Chevrolet,Corolla,2021,39300,16000.0,3.0,Electric,Semi-Automatic,Refurbished
517,Honda,Civic,1990,12700,210500.0,34.0,Diesel,Semi-Automatic,First owner
518,Kia,Corolla,2002,27200,11500.0,22.0,Petrol,Manual,Refurbished
519,Chevrolet,Corolla,2005,14100,247000.0,19.0,Hybrid,Semi-Automatic,First owner
520,Honda,Corolla,2007,32400,32500.0,17.0,Hybrid,Semi-Automatic,Imported
521,Toyota,F-150,2000,14600,247500.0,24.0,Diesel,Semi-Automatic,Refurbished
522,Chevrolet,Elantra,2004,5700,248500.0,20.0,Electric,Semi-Automatic,Refurbished
523,BMW,Impala,1994,19400,245000.0,30.0,Diesel,Automatic,Imported
524,Toyota,F-150,2004,33400,219000.0,20.0,Electric,Automatic,First owner
525,Audi,X5,2023,-1,55000.0,1.0,Diesel,Manual,Refurbished
526,Nissan,Impala,2007,11700,113000.0,17.0,Diesel,Semi-Automatic,Fleet vehicle
527,Honda,Civic,2013,5800,138500.0,11.0,Petrol,Manual,Fleet vehicle
528,Hyundai,A4,2014,Error,51000.0,10.0,Diesel,Semi-Automatic,
529,Nissan,Sportage,2006,25800,128000.0,18.0,Hybrid,Semi-Automatic,Fleet vehicle
530,Audi,Altima,1995,15300,205000.0,29.0,Diesel,Manual,First owner
531,Kia,Elantra,Year?,36700,280000.0,,Hybrid,Automatic,Imported
532,Audi,X5,1990,26800,148000.0,34.0,Diesel,Manual,Imported
533,???,Altima,2017,33000,-5000.0,7.0,Gas,Semi-Automatic,Second owner
534,Audi,Impala,1995,9000,192000.0,29.0,Gas,Automatic,First owner
535,Ford,Elantra,1991,2000,41500.0,33.0,Electric,Automatic,First owner
536,Nissan,F-150,2011,24200,93500.0,13.0,Petrol,Semi-Automatic,First owner
537,Kia,X5,2002,19800,134500.0,22.0,Electric,Automatic,Fleet vehicle
538,,Unknown,0,25600,,,Hybrid,Automatic,Imported
539,Toyota,F-150,2004,8700,154500.0,20.0,Diesel,Semi-Automatic,Fleet vehicle
540,Audi,F-150,2000,15400,111000.0,24.0,Hybrid,Semi-Automatic,Refurbished
541,Hyundai,A4,2010,16500,57000.0,14.0,Petrol,Semi-Automatic,First owner
542,???,C-Class,1996,48400,114500.0,28.0,Diesel,Manual,Fleet vehicle
543,Mercedes,Altima,2005,8900,154000.0,19.0,Hybrid,Automatic,Second owner
544,Ford,Impala,2022,37200,86000.0,2.0,Gas,Semi-Automatic,
545,BMW,X5,1991,48800,292500.0,33.0,Petrol,Automatic,Fleet vehicle
546,Nissan,Civic,2022,14800,-5000.0,2.0,Gas,Semi-Automatic,Second owner
547,Kia,Impala,1992,26100,,32.0,Petrol,Semi-Automatic,Second owner
548,Audi,Impala,2002,32800,66500.0,22.0,Gas,Manual,Imported
549,Hyundai,X5,2008,11800,150500.0,16.0,Gas,Manual,Second owner
550,BMW,C-Class,2006,Error,179000.0,18.0,Gas,Automatic,Refurbished
551,Honda,F-150,2018,30900,115000.0,6.0,Petrol,Manual,Imported
552,Nissan,Altima,2005,6100,1500.0,19.0,Petrol,Semi-Automatic,First owner
553,Kia,,2009,3800,257000.0,15.0,Petrol,Semi-Automatic,Second owner
554,Chevrolet,F-150,2018,Error,197000.0,6.0,Diesel,Manual,Fleet vehicle
555,Nissan,Sportage,2015,34300,39000.0,9.0,Hybrid,Semi-Automatic,Fleet vehicle
556,,F-150,1991,42300,36500.0,33.0,Electric,Manual,Imported
557,???,F-150,2021,16900,5000.0,3.0,Gas,Semi-Automatic,Fleet vehicle
558,Mercedes,Sportage,2011,Error,293500.0,13.0,Gas,Semi-Automatic,Fleet vehicle
559,???,Impala,2022,4500,228000.0,2.0,Diesel,Semi-Automatic,Second owner
560,Honda,Sportage,2002,38100,-5000.0,22.0,Petrol,Manual,First owner
561,Chevrolet,Civic,2011,31700,,13.0,Petrol,Automatic,Second owner
562,Nissan,A4,0,32600,177000.0,,Electric,Semi-Automatic,
563,,A4,,2800,86000.0,,Gas,Automatic,
564,Audi,A4,1995,45500,198000.0,29.0,Hybrid,Manual,Fleet vehicle
565,Audi,Sportage,2001,,,23.0,Electric,Manual,
566,Ford,A4,1991,37900,110500.0,33.0,Hybrid,Manual,Second owner
567,Kia,X5,2002,4900,,22.0,Gas,Semi-Automatic,
568,Audi,F-150,2006,46000,,18.0,Gas,Automatic,Second owner
569,Nissan,X5,2017,19700,159500.0,7.0,Diesel,Manual,Refurbished
570,Honda,A4,2018,15400,167000.0,6.0,Electric,Semi-Automatic,Refurbished
571,Kia,A4,1999,24000,289500.0,25.0,Hybrid,Semi-Automatic,First owner
572,Ford,,2010,49600,101500.0,14.0,Hybrid,Automatic,First owner
573,BMW,A4,2005,-1,226500.0,19.0,Petrol,Automatic,Second owner
574,Honda,Corolla,2016,30300,166500.0,8.0,Gas,Manual,Refurbished
575,Mercedes,Corolla,2009,2500,44500.0,15.0,Electric,Manual,First owner
576,Toyota,Sportage,2012,12800,206500.0,12.0,Gas,Manual,Fleet vehicle
577,Nissan,X5,1994,37600,112500.0,30.0,Gas,Semi-Automatic,
578,Kia,Civic,1991,8200,236500.0,33.0,Hybrid,Manual,First owner
579,,Sportage,2007,23400,,17.0,Electric,Manual,Imported
580,Honda,F-150,2015,2400,285000.0,9.0,Diesel,Semi-Automatic,Imported
581,BMW,Impala,2001,30300,188500.0,23.0,Gas,Semi-Automatic,
582,Mercedes,Civic,2013,26100,,11.0,Petrol,Manual,Refurbished
583,Kia,Altima,1990,8700,272500.0,34.0,Diesel,Semi-Automatic,
584,Nissan,Sportage,1991,36100,98500.0,33.0,Gas,Semi-Automatic,
585,,Sportage,1990,34500,281000.0,34.0,Gas,Manual,First owner
586,Ford,Impala,1990,Error,,34.0,Petrol,Automatic,Imported
587,Hyundai,X5,2022,8500,157000.0,2.0,Gas,Manual,Fleet vehicle
588,Audi,Corolla,1996,8400,-5000.0,28.0,Electric,Automatic,Refurbished
589,Mercedes,,2022,44400,54000.0,2.0,Gas,Semi-Automatic,First owner
590,Chevrolet,Corolla,2010,20500,197500.0,14.0,Hybrid,Automatic,Second owner
591,Audi,Impala,Year?,49700,194000.0,,Electric,Semi-Automatic,Fleet vehicle
592,Chevrolet,Impala,1998,14500,252000.0,26.0,Electric,Manual,First owner
593,Nissan,C-Class,2003,43100,139500.0,21.0,Hybrid,Manual,Imported
594,Toyota,Corolla,2008,13500,-5000.0,16.0,Hybrid,Automatic,Second owner
595,BMW,Civic,1998,46700,155000.0,26.0,Gas,Manual,
596,Hyundai,Civic,2022,35500,219500.0,2.0,Petrol,Automatic,Fleet vehicle
597,Ford,Sportage,2003,,113500.0,21.0,Electric,Semi-Automatic,Refurbished
598,Kia,Elantra,1990,21900,263500.0,34.0,Petrol,Manual,Imported
599,Kia,Elantra,2000,27200,296000.0,24.0,Gas,Automatic,Fleet vehicle
600,Toyota,Altima,2012,4100,108500.0,12.0,Gas,Manual,
601,Nissan,X5,2021,26000,200500.0,3.0,Hybrid,Semi-Automatic,First owner
602,Honda,A4,2015,9000,139000.0,9.0,Diesel,Automatic,Refurbished
603,Audi,Sportage,2005,36800,64000.0,19.0,Hybrid,Automatic,Imported
604,Kia,C-Class,2018,36300,230000.0,6.0,Gas,Automatic,
605,Toyota,Corolla,2009,32300,192000.0,15.0,Electric,Manual,Fleet vehicle
606,Toyota,C-Class,2011,18700,128000.0,13.0,Petrol,Automatic,
607,Ford,Corolla,2022,24100,109500.0,2.0,Diesel,Automatic,First owner
608,Chevrolet,C-Class,1992,18000,254500.0,32.0,Gas,Semi-Automatic,Refurbished
609,Kia,C-Class,2021,,249000.0,3.0,Diesel,Manual,Refurbished
610,Nissan,Elantra,2020,17500,52500.0,4.0,Diesel,Manual,
611,Chevrolet,C-Class,2008,25000,247000.0,16.0,Gas,Semi-Automatic,
612,???,Corolla,2011,21900,129500.0,13.0,Petrol,Semi-Automatic,Fleet vehicle
613,Mercedes,Elantra,2022,22600,256500.0,2.0,Hybrid,Semi-Automatic,
614,Honda,Elantra,2009,39200,126500.0,15.0,Petrol,Manual,First owner
615,Hyundai,C-Class,1993,39500,197500.0,31.0,Electric,Semi-Automatic,Refurbished
616,Ford,Altima,2010,27500,237000.0,14.0,Diesel,Semi-Automatic,Imported
617,Chevrolet,Corolla,2006,15600,292000.0,18.0,Diesel,Automatic,
618,Nissan,Sportage,2011,12600,,13.0,Diesel,Semi-Automatic,Imported
619,Honda,A4,2011,-1,5500.0,13.0,Electric,Semi-Automatic,Refurbished
620,Kia,Corolla,2009,3500,,15.0,Gas,Manual,Fleet vehicle
621,Audi,Impala,2016,2000,185000.0,8.0,Petrol,Semi-Automatic,Fleet vehicle
622,Hyundai,C-Class,2012,11500,49000.0,12.0,Diesel,Manual,Second owner
623,,A4,2017,37600,143500.0,7.0,Gas,Semi-Automatic,Fleet vehicle
624,Kia,Elantra,2017,30000,262000.0,7.0,Hybrid,Manual,Imported
625,Hyundai,A4,2013,12200,13000.0,11.0,Diesel,Semi-Automatic,Imported
626,Hyundai,Corolla,2002,18700,12000.0,22.0,Electric,Manual,Fleet vehicle
627,Kia,Civic,2008,24600,194500.0,16.0,Petrol,Semi-Automatic,Fleet vehicle
628,Chevrolet,Civic,1991,42200,282000.0,33.0,Gas,Automatic,Imported
629,Ford,Elantra,2021,45500,244500.0,3.0,Hybrid,Manual,Second owner
630,Kia,X5,2018,29100,104500.0,6.0,Hybrid,Manual,Refurbished
631,Ford,X5,2010,28200,42000.0,14.0,Diesel,Automatic,Refurbished
632,Mercedes,C-Class,1995,1100,245500.0,29.0,Diesel,Manual,Imported
633,Mercedes,Impala,2003,18900,126500.0,21.0,Diesel,Semi-Automatic,Imported
634,Audi,Elantra,1993,3900,151500.0,31.0,Petrol,Manual,Second owner
635,Mercedes,Sportage,2019,41500,277000.0,5.0,Gas,Manual,First owner
636,Honda,Impala,2008,34400,,16.0,Gas,Manual,
637,BMW,Elantra,1992,9400,184500.0,32.0,Electric,Manual,
638,Nissan,Sportage,0,8500,,,Petrol,Automatic,Fleet vehicle
639,Kia,Sportage,2016,35300,141500.0,8.0,Petrol,Automatic,Second owner
640,Honda,A4,2023,24700,145000.0,1.0,Gas,Semi-Automatic,First owner
641,BMW,X5,2002,-1,218500.0,22.0,Gas,Semi-Automatic,Refurbished
642,Honda,,2008,17300,33000.0,16.0,Diesel,Automatic,Refurbished
643,Chevrolet,Altima,2001,-1,205500.0,23.0,Diesel,Automatic,
644,Audi,Corolla,2008,12500,195500.0,16.0,Electric,Semi-Automatic,Imported
645,Hyundai,Elantra,2001,39500,26500.0,23.0,Electric,Semi-Automatic,Second owner
646,,Impala,Year?,39900,242000.0,,Hybrid,Manual,Fleet vehicle
647,Honda,Elantra,2018,27500,32500.0,6.0,Gas,Semi-Automatic,Refurbished
648,Kia,C-Class,2016,39400,287500.0,8.0,Diesel,Manual,Imported
649,Nissan,X5,2013,43800,193000.0,11.0,Hybrid,Manual,
650,Toyota,Civic,2016,32200,31500.0,8.0,Gas,Manual,Fleet vehicle
651,???,A4,0,23200,85000.0,,Gas,Automatic,First owner
652,Ford,Altima,2020,5100,133000.0,4.0,Petrol,Manual,Second owner
653,Mercedes,Impala,2020,,32500.0,4.0,Petrol,Manual,Fleet vehicle
654,Hyundai,X5,2001,12500,74500.0,23.0,Gas,Semi-Automatic,Imported
655,Nissan,Impala,2010,7600,249000.0,14.0,Petrol,Automatic,First owner
656,Audi,X5,2009,40900,,15.0,Electric,Manual,Imported
657,Mercedes,Elantra,2004,41100,201500.0,20.0,Diesel,Manual,First owner
658,Toyota,F-150,1996,43400,244000.0,28.0,Diesel,Semi-Automatic,Refurbished
659,Chevrolet,C-Class,2008,35900,257000.0,16.0,Diesel,Semi-Automatic,Refurbished
660,Toyota,A4,2022,10900,-5000.0,2.0,Gas,Semi-Automatic,Refurbished
661,Kia,Corolla,2009,Error,143500.0,15.0,Electric,Semi-Automatic,Refurbished
662,Hyundai,X5,,17600,68500.0,,Hybrid,Semi-Automatic,Second owner
663,Nissan,C-Class,2022,4500,,2.0,Electric,Semi-Automatic,
664,Audi,X5,2001,48900,182000.0,23.0,Gas,Manual,Imported
665,Honda,Civic,2018,29300,,6.0,Diesel,Automatic,Fleet vehicle
666,Ford,X5,2013,37800,,11.0,Diesel,Semi-Automatic,Second owner
667,Honda,Impala,1990,35200,35000.0,34.0,Electric,Semi-Automatic,Fleet vehicle
668,Toyota,Sportage,2010,6200,40000.0,14.0,Hybrid,Automatic,
669,Kia,A4,2004,3700,13000.0,20.0,Electric,Automatic,
670,Chevrolet,Civic,2012,33400,99000.0,12.0,Gas,Automatic,Second owner
671,Mercedes,A4,1998,26000,128500.0,26.0,Gas,Semi-Automatic,Imported
672,Honda,Elantra,1999,19000,28500.0,25.0,Petrol,Semi-Automatic,Second owner
673,Toyota,Elantra,2001,33900,210000.0,23.0,Petrol,Semi-Automatic,
674,,X5,1995,33600,,29.0,Diesel,Automatic,First owner
675,Hyundai,Elantra,0,1800,134000.0,,Diesel,Manual,Refurbished
676,Toyota,C-Class,2018,-1,-5000.0,6.0,Hybrid,Manual,Second owner
677,Mercedes,Civic,2019,27600,260000.0,5.0,Petrol,Manual,Refurbished
678,Nissan,Civic,2022,16600,,2.0,Hybrid,Semi-Automatic,
679,,Corolla,2002,15500,34500.0,22.0,Petrol,Manual,Second owner
680,Hyundai,Corolla,2011,1300,225000.0,13.0,Hybrid,Manual,Second owner
681,Ford,X5,2007,17900,285000.0,17.0,Hybrid,Automatic,
682,Ford,A4,2007,27900,295000.0,17.0,Electric,Automatic,Fleet vehicle
683,Audi,Corolla,2009,10900,64000.0,15.0,Gas,Manual,Imported
684,Ford,Impala,1997,38500,91500.0,27.0,Hybrid,Semi-Automatic,Refurbished
685,Honda,F-150,2003,,230500.0,21.0,Gas,Manual,Refurbished
686,Toyota,Civic,2002,47100,235000.0,22.0,Electric,Semi-Automatic,Second owner
687,???,A4,1990,1800,,34.0,Electric,Semi-Automatic,Fleet vehicle
688,???,Corolla,1990,48200,7000.0,34.0,Gas,Semi-Automatic,Second owner
689,Toyota,Impala,2000,3700,230500.0,24.0,Hybrid,Semi-Automatic,
690,Nissan,F-150,2005,1600,262000.0,19.0,Hybrid,Manual,First owner
691,Nissan,A4,1994,47700,40500.0,30.0,Gas,Manual,Refurbished
692,Nissan,Elantra,1991,37700,42000.0,33.0,Petrol,Semi-Automatic,
693,Honda,C-Class,1993,17700,111000.0,31.0,Gas,Automatic,Refurbished
694,Hyundai,Sportage,,25800,266000.0,,Gas,Semi-Automatic,Refurbished
695,Toyota,Elantra,2022,31100,99500.0,2.0,Electric,Semi-Automatic,First owner
696,Hyundai,Altima,1991,1700,266500.0,33.0,Electric,Automatic,Fleet vehicle
697,Ford,Impala,2009,33000,87000.0,15.0,Gas,Semi-Automatic,Second owner
698,Mercedes,C-Class,2013,13500,217000.0,11.0,Gas,Automatic,Second owner
699,Honda,Altima,2002,13900,204000.0,22.0,Petrol,Automatic,Refurbished
700,Mercedes,Sportage,1996,45300,225500.0,28.0,Petrol,Semi-Automatic,Fleet vehicle
701,Mercedes,Impala,2015,29900,,9.0,Diesel,Semi-Automatic,Refurbished
702,Kia,Corolla,2014,14400,,10.0,Gas,Semi-Automatic,Imported
703,Nissan,Corolla,2023,41700,242500.0,1.0,Petrol,Automatic,Imported
704,Hyundai,X5,1991,12800,85000.0,33.0,Diesel,Semi-Automatic,
705,Mercedes,X5,2013,25900,201500.0,11.0,Gas,Semi-Automatic,First owner
706,Kia,Elantra,2002,Error,117000.0,22.0,Petrol,Automatic,Second owner
707,Kia,F-150,2019,22800,260500.0,5.0,Electric,Automatic,
708,Toyota,Elantra,2013,18100,198500.0,11.0,Hybrid,Automatic,Second owner
709,Honda,Impala,2022,11900,177000.0,2.0,Hybrid,Semi-Automatic,Second owner
710,Honda,,2023,24000,173500.0,1.0,Electric,Automatic,Fleet vehicle
711,Ford,C-Class,2011,6800,139500.0,13.0,Hybrid,Manual,Imported
712,Honda,Sportage,2010,28900,227500.0,14.0,Electric,Automatic,Fleet vehicle
713,,Corolla,2010,43100,191500.0,14.0,Electric,Semi-Automatic,Fleet vehicle
714,Chevrolet,C-Class,1991,47700,29000.0,33.0,Petrol,Manual,Imported
715,Chevrolet,Civic,1993,47000,105500.0,31.0,Electric,Manual,
716,Nissan,X5,1998,10800,104000.0,26.0,Gas,Semi-Automatic,Second owner
717,Nissan,F-150,2015,39400,18500.0,9.0,Diesel,Manual,Refurbished
718,Mercedes,F-150,1995,19300,,29.0,Diesel,Automatic,Second owner
719,Hyundai,Elantra,2003,36600,143500.0,21.0,Gas,Manual,Imported
720,Kia,C-Class,2001,,44000.0,23.0,Petrol,Semi-Automatic,Fleet vehicle
721,Audi,C-Class,2018,33300,24500.0,6.0,Gas,Automatic,
722,BMW,Civic,1996,39100,125500.0,28.0,Hybrid,Automatic,Fleet vehicle
723,Kia,C-Class,1996,14400,14000.0,28.0,Hybrid,Manual,Refurbished
724,BMW,C-Class,2010,41700,128000.0,14.0,Gas,Semi-Automatic,Fleet vehicle
725,Honda,Impala,1991,32400,253500.0,33.0,Electric,Automatic,Second owner
726,Ford,A4,2004,7100,230000.0,20.0,Petrol,Semi-Automatic,Second owner
727,BMW,Unknown,2021,24800,135500.0,3.0,Electric,Manual,
728,Chevrolet,Impala,1990,-1,,34.0,Petrol,Automatic,Second owner
729,Ford,Sportage,2016,25000,189000.0,8.0,Diesel,Semi-Automatic,
730,Toyota,Civic,1997,8400,2500.0,27.0,Electric,Semi-Automatic,Fleet vehicle
731,Ford,Elantra,1998,8600,206000.0,26.0,Petrol,Manual,
732,Mercedes,Corolla,2022,38100,270000.0,2.0,Electric,Manual,Imported
733,BMW,Altima,2006,12600,204000.0,18.0,Diesel,Automatic,First owner
734,???,Altima,2018,19900,50000.0,6.0,Hybrid,Semi-Automatic,Refurbished
735,Chevrolet,,2001,25400,86500.0,23.0,Gas,Automatic,Imported
736,BMW,Civic,2008,28200,194500.0,16.0,Petrol,Automatic,Imported
737,BMW,F-150,1996,33100,,28.0,Diesel,Semi-Automatic,Second owner
738,Kia,A4,1993,36300,27500.0,31.0,Petrol,Manual,Fleet vehicle
739,Nissan,Sportage,1990,5300,173500.0,34.0,Gas,Semi-Automatic,Imported
740,Kia,Civic,1998,1900,120000.0,26.0,Hybrid,Manual,Imported
741,Audi,A4,1998,43100,150000.0,26.0,Electric,Semi-Automatic,Imported
742,BMW,Civic,2004,36000,22000.0,20.0,Hybrid,Semi-Automatic,Imported
743,Mercedes,Elantra,2019,32800,63000.0,5.0,Diesel,Semi-Automatic,Second owner
744,BMW,Unknown,1993,9900,211500.0,31.0,Diesel,Manual,Refurbished
745,Honda,F-150,1997,43500,64000.0,27.0,Petrol,Manual,
746,Nissan,Corolla,2009,21000,111500.0,15.0,Electric,Automatic,First owner
747,Mercedes,F-150,2000,31400,27000.0,24.0,Petrol,Semi-Automatic,First owner
748,Ford,Altima,2018,30700,178500.0,6.0,Petrol,Automatic,Fleet vehicle
749,Honda,Altima,1995,30400,156000.0,29.0,Petrol,Semi-Automatic,
750,Honda,Sportage,2004,6200,197000.0,20.0,Petrol,Automatic,Second owner
751,Honda,X5,1997,8400,131500.0,27.0,Hybrid,Semi-Automatic,First owner
752,Hyundai,F-150,2010,1300,38500.0,14.0,Diesel,Semi-Automatic,Fleet vehicle
753,BMW,F-150,1999,4900,186500.0,25.0,Petrol,Automatic,Imported
754,Mercedes,Impala,2002,8000,220500.0,22.0,Hybrid,Semi-Automatic,
755,Mercedes,C-Class,2016,48700,71000.0,8.0,Diesel,Automatic,Second owner
756,Chevrolet,A4,2007,17900,162000.0,17.0,Electric,Manual,First owner
757,Hyundai,Corolla,2013,3600,27500.0,11.0,Diesel,Manual,Imported
758,Audi,A4,2006,47800,41000.0,18.0,Diesel,Manual,Second owner
759,Mercedes,F-150,2013,19900,226500.0,11.0,Gas,Automatic,Fleet vehicle
760,Ford,A4,1994,38200,240500.0,30.0,Diesel,Automatic,Second owner
761,Toyota,,2001,11600,47500.0,23.0,Electric,Automatic,Imported
762,Chevrolet,Elantra,Year?,23500,21000.0,,Petrol,Automatic,First owner
763,Ford,A4,2002,1900,29000.0,22.0,Gas,Semi-Automatic,Refurbished
764,Honda,Impala,2017,42300,85500.0,7.0,Gas,Automatic,First owner
765,Audi,X5,2011,49200,37500.0,13.0,Electric,Manual,
766,Nissan,Civic,1995,5700,230500.0,29.0,Petrol,Semi-Automatic,Imported
767,,Elantra,2021,-1,68000.0,3.0,Diesel,Manual,Fleet vehicle
768,Hyundai,Civic,2012,13300,201500.0,12.0,Gas,Semi-Automatic,Imported
769,Ford,Corolla,2003,30600,11000.0,21.0,Hybrid,Automatic,Second owner
770,Toyota,Impala,2009,25900,92000.0,15.0,Hybrid,Manual,Second owner
771,Audi,C-Class,Year?,21500,,,Electric,Semi-Automatic,Fleet vehicle
772,Chevrolet,Civic,2014,14500,228000.0,10.0,Petrol,Automatic,Fleet vehicle
773,Mercedes,Elantra,2020,,88000.0,4.0,Diesel,Manual,Fleet vehicle
774,Nissan,Unknown,2016,8300,,8.0,Hybrid,Automatic,First owner
775,Chevrolet,C-Class,2020,2000,62000.0,4.0,Hybrid,Automatic,Second owner
776,Audi,Corolla,1996,2000,-5000.0,28.0,Hybrid,Automatic,Second owner
777,Hyundai,Impala,2002,22300,287000.0,22.0,Electric,Automatic,Fleet vehicle
778,Audi,A4,2015,31500,191000.0,9.0,Electric,Manual,First owner
779,Honda,Altima,2001,15000,185500.0,23.0,Gas,Manual,
780,Audi,Civic,2012,5800,84500.0,12.0,Diesel,Automatic,Fleet vehicle
781,Kia,Corolla,1991,17100,275000.0,33.0,Electric,Semi-Automatic,Fleet vehicle
782,Ford,Corolla,2017,6100,,7.0,Diesel,Semi-Automatic,
783,Kia,Impala,Year?,1600,107500.0,,Electric,Automatic,Refurbished
784,Hyundai,Sportage,2005,36200,-5000.0,19.0,Gas,Manual,Second owner
785,Ford,A4,2020,40600,226000.0,4.0,Hybrid,Automatic,Refurbished
786,Nissan,Elantra,2009,9400,36000.0,15.0,Petrol,Manual,First owner
787,Mercedes,Civic,2012,31500,23500.0,12.0,Petrol,Automatic,First owner
788,Nissan,Civic,2015,30100,183500.0,9.0,Petrol,Manual,Fleet vehicle
789,Chevrolet,Civic,2002,8800,5500.0,22.0,Petrol,Manual,Refurbished
790,???,Impala,,21200,133000.0,,Electric,Manual,
791,Nissan,F-150,2005,35600,246000.0,19.0,Diesel,Automatic,Imported
792,Honda,Elantra,2017,42000,202000.0,7.0,Hybrid,Semi-Automatic,Second owner
793,Hyundai,C-Class,1990,2200,286500.0,34.0,Gas,Automatic,First owner
794,Kia,X5,1990,44600,187500.0,34.0,Petrol,Manual,First owner
795,Nissan,Corolla,1999,27400,113500.0,25.0,Hybrid,Semi-Automatic,Imported
796,Chevrolet,C-Class,2009,28900,247000.0,15.0,Gas,Semi-Automatic,Fleet vehicle
797,BMW,Civic,2008,9900,167000.0,16.0,Hybrid,Automatic,First owner
798,Toyota,,2007,26000,259000.0,17.0,Petrol,Automatic,Second owner
799,Nissan,Elantra,2000,9100,294500.0,24.0,Electric,Semi-Automatic,Second owner
800,Ford,Elantra,2022,15800,93000.0,2.0,Diesel,Automatic,Refurbished
801,Mercedes,Altima,2023,17000,216000.0,1.0,Petrol,Manual,First owner
802,BMW,Altima,2020,2700,67000.0,4.0,Diesel,Semi-Automatic,Imported
803,BMW,Impala,1994,42100,54500.0,30.0,Gas,Semi-Automatic,First owner
804,Honda,Corolla,2008,16800,70000.0,16.0,Hybrid,Automatic,First owner
805,Audi,X5,1995,28100,210000.0,29.0,Electric,Manual,
806,Chevrolet,C-Class,2004,14900,138500.0,20.0,Electric,Automatic,Second owner
807,BMW,Impala,2014,41100,219000.0,10.0,Diesel,Automatic,Second owner
808,Chevrolet,Sportage,2009,46500,296000.0,15.0,Gas,Semi-Automatic,Fleet vehicle
809,Chevrolet,Impala,1990,13900,258500.0,34.0,Electric,Manual,Second owner
810,Ford,Unknown,2000,31600,30500.0,24.0,Hybrid,Automatic,First owner
811,Hyundai,F-150,2005,32200,259000.0,19.0,Hybrid,Manual,
812,Toyota,X5,2003,32200,255500.0,21.0,Petrol,Automatic,
813,Toyota,F-150,2002,37000,145000.0,22.0,Gas,Automatic,Refurbished
814,BMW,Sportage,1997,42200,172500.0,27.0,Hybrid,Automatic,Fleet vehicle
815,Hyundai,Sportage,2014,38100,7500.0,10.0,Hybrid,Manual,Refurbished
816,Nissan,F-150,2005,17800,40000.0,19.0,Gas,Automatic,
817,Honda,Impala,1991,31000,1500.0,33.0,Hybrid,Manual,
818,BMW,A4,1992,,68500.0,32.0,Gas,Manual,Imported
819,BMW,F-150,2018,43600,98500.0,6.0,Diesel,Automatic,Imported
820,BMW,Sportage,1991,14200,-5000.0,33.0,Hybrid,Semi-Automatic,
821,???,Altima,2005,48700,7500.0,19.0,Electric,Manual,
822,Chevrolet,Corolla,1999,6400,-5000.0,25.0,Petrol,Semi-Automatic,Fleet vehicle
823,Hyundai,Impala,1999,37600,71000.0,25.0,Gas,Semi-Automatic,Second owner
824,Mercedes,Corolla,2005,16100,203500.0,19.0,Electric,Automatic,Fleet vehicle
825,Mercedes,Elantra,2004,49400,258000.0,20.0,Petrol,Semi-Automatic,Second owner
826,,Altima,2002,36300,147500.0,22.0,Petrol,Automatic,Second owner
827,BMW,X5,1999,32100,113000.0,25.0,Diesel,Automatic,
828,Mercedes,Altima,1996,29600,100000.0,28.0,Hybrid,Semi-Automatic,Refurbished
829,Toyota,,2004,,80500.0,20.0,Electric,Manual,Imported
830,Toyota,Elantra,Year?,36800,156500.0,,Hybrid,Automatic,
831,Honda,Sportage,1999,14600,160500.0,25.0,Hybrid,Manual,Fleet vehicle
832,BMW,Civic,1999,13900,121000.0,25.0,Electric,Automatic,Second owner
833,Ford,F-150,1994,30900,165500.0,30.0,Petrol,Automatic,Refurbished
834,Hyundai,A4,1991,12300,282500.0,33.0,Hybrid,Semi-Automatic,
835,Nissan,Elantra,2001,18100,188000.0,23.0,Electric,Automatic,Second owner
836,???,A4,2007,21000,97000.0,17.0,Gas,Manual,Imported
837,Kia,A4,1993,48400,280000.0,31.0,Gas,Manual,
838,Kia,Elantra,0,Error,246500.0,,Diesel,Semi-Automatic,Fleet vehicle
839,Chevrolet,Sportage,1993,1300,254500.0,31.0,Gas,Manual,
840,Hyundai,Elantra,1993,26600,270000.0,31.0,Petrol,Semi-Automatic,Fleet vehicle
841,,C-Class,1996,1100,-5000.0,28.0,Gas,Manual,First owner
842,Audi,Corolla,2005,1700,221500.0,19.0,Hybrid,Manual,
843,BMW,Altima,1990,30300,168000.0,34.0,Petrol,Manual,Imported
844,BMW,Sportage,2010,38700,178000.0,14.0,Petrol,Semi-Automatic,Second owner
845,BMW,Corolla,2012,40500,130500.0,12.0,Diesel,Semi-Automatic,
846,Mercedes,Civic,2002,24900,298500.0,22.0,Hybrid,Manual,Second owner
847,Audi,,Year?,49400,192500.0,,Diesel,Semi-Automatic,
848,Kia,X5,2012,-1,129000.0,12.0,Diesel,Automatic,Refurbished
849,Mercedes,Impala,1999,36100,217500.0,25.0,Electric,Semi-Automatic,
850,BMW,Corolla,1994,24700,11000.0,30.0,Hybrid,Manual,Imported
851,Honda,F-150,1991,13700,215500.0,33.0,Electric,Semi-Automatic,
852,BMW,A4,2020,21400,45500.0,4.0,Petrol,Automatic,Refurbished
853,Toyota,Unknown,1995,2700,224000.0,29.0,Hybrid,Automatic,Refurbished
854,Honda,C-Class,1992,15900,137500.0,32.0,Petrol,Semi-Automatic,
855,Nissan,A4,2013,29300,38500.0,11.0,Electric,Automatic,Fleet vehicle
856,,Sportage,1999,30400,-5000.0,25.0,Petrol,Manual,Second owner
857,Ford,C-Class,2008,3100,122000.0,16.0,Electric,Semi-Automatic,
858,Hyundai,Impala,1998,38900,167500.0,26.0,Gas,Automatic,Second owner
859,Kia,Impala,2012,36100,226500.0,12.0,Diesel,Manual,Refurbished
860,Hyundai,Impala,2003,43900,101500.0,21.0,Gas,Manual,Fleet vehicle
861,Mercedes,F-150,1990,8600,47000.0,34.0,Petrol,Automatic,Fleet vehicle
862,Honda,Elantra,2023,41300,278500.0,1.0,Hybrid,Semi-Automatic,First owner
863,Hyundai,Impala,1991,22900,,33.0,Petrol,Manual,Fleet vehicle
864,Ford,Impala,2004,16200,162000.0,20.0,Hybrid,Manual,
865,Honda,,2023,30300,133500.0,1.0,Diesel,Semi-Automatic,Refurbished
866,Honda,Sportage,2009,18100,241500.0,15.0,Electric,Semi-Automatic,Imported
867,Honda,Corolla,2019,31600,24500.0,5.0,Electric,Automatic,
868,Mercedes,X5,2022,7900,209500.0,2.0,Diesel,Semi-Automatic,Second owner
869,Honda,X5,1998,-1,254000.0,26.0,Gas,Automatic,Second owner
870,Honda,Corolla,2000,49300,172000.0,24.0,Hybrid,Semi-Automatic,Fleet vehicle
871,BMW,Impala,2012,19600,243000.0,12.0,Petrol,Manual,First owner
872,Kia,Unknown,Year?,35400,214500.0,,Gas,Automatic,Second owner
873,Hyundai,Sportage,2009,26500,27000.0,15.0,Diesel,Automatic,Refurbished
874,Toyota,A4,2005,14000,91000.0,19.0,Diesel,Manual,Second owner
875,Ford,Civic,0,28600,161500.0,,Gas,Automatic,Second owner
876,Chevrolet,F-150,2013,16900,266000.0,11.0,Electric,Automatic,First owner
877,Honda,F-150,2022,31800,221500.0,2.0,Electric,Manual,Imported
878,???,X5,1991,24800,212500.0,33.0,Hybrid,Semi-Automatic,First owner
879,BMW,Sportage,2010,35600,172000.0,14.0,Diesel,Semi-Automatic,Fleet vehicle
880,Honda,Impala,2002,8200,-5000.0,22.0,Gas,Semi-Automatic,Refurbished
881,Nissan,Elantra,2003,29500,161500.0,21.0,Hybrid,Automatic,Second owner
882,Kia,C-Class,2016,8500,299000.0,8.0,Gas,Automatic,First owner
883,BMW,A4,1991,27100,188000.0,33.0,Hybrid,Automatic,
884,Chevrolet,Elantra,2016,40100,,8.0,Gas,Automatic,Imported
885,BMW,Impala,1990,24400,127000.0,34.0,Hybrid,Manual,Fleet vehicle
886,Toyota,Sportage,2008,36300,167500.0,16.0,Gas,Automatic,Second owner
887,Ford,Elantra,2013,6600,-5000.0,11.0,Petrol,Manual,Refurbished
888,Chevrolet,C-Class,2002,31400,84000.0,22.0,Hybrid,Manual,Second owner
889,Ford,Altima,1990,24300,143500.0,34.0,Hybrid,Automatic,
890,Hyundai,Altima,2018,20900,33500.0,6.0,Hybrid,Automatic,
891,Ford,Elantra,2009,31200,,15.0,Gas,Manual,Refurbished
892,Mercedes,Elantra,2001,37400,-5000.0,23.0,Hybrid,Automatic,
893,Mercedes,F-150,,45400,188500.0,,Petrol,Semi-Automatic,Imported
894,Kia,,1996,22000,84000.0,28.0,Diesel,Semi-Automatic,Refurbished
895,,,2010,5600,102500.0,14.0,Petrol,Semi-Automatic,Imported
896,BMW,C-Class,2023,40400,76000.0,1.0,Gas,Manual,Fleet vehicle
897,Nissan,X5,1995,6000,,29.0,Hybrid,Automatic,Imported
898,Nissan,F-150,2020,32800,257500.0,4.0,Petrol,Automatic,First owner
899,BMW,Unknown,2018,Error,185000.0,6.0,Electric,Manual,Refurbished
900,Mercedes,Sportage,0,41200,167500.0,,Gas,Automatic,First owner
901,Chevrolet,X5,2021,9300,296500.0,3.0,Gas,Manual,
902,Nissan,Corolla,2000,37000,214000.0,24.0,Diesel,Semi-Automatic,First owner
903,Audi,Corolla,1998,19900,295000.0,26.0,Petrol,Semi-Automatic,Second owner
904,Audi,Impala,Year?,9100,-5000.0,,Petrol,Automatic,Second owner
905,Honda,Sportage,1996,-1,6000.0,28.0,Electric,Semi-Automatic,Imported
906,Nissan,A4,2009,16100,276000.0,15.0,Petrol,Automatic,Second owner
907,BMW,Altima,2013,34200,42500.0,11.0,Gas,Automatic,Refurbished
908,Mercedes,Sportage,2001,,167500.0,23.0,Diesel,Automatic,Fleet vehicle
909,Ford,C-Class,1994,2800,244500.0,30.0,Diesel,Semi-Automatic,Refurbished
910,Hyundai,,2012,1300,20500.0,12.0,Electric,Automatic,Fleet vehicle
911,BMW,Corolla,,8100,238000.0,,Gas,Semi-Automatic,First owner
912,Kia,C-Class,2003,9300,-5000.0,21.0,Petrol,Manual,Fleet vehicle
913,Ford,X5,2023,23200,,1.0,Gas,Manual,Fleet vehicle
914,Mercedes,Altima,1994,6900,67000.0,30.0,Diesel,Semi-Automatic,Imported
915,Nissan,Civic,2020,24300,202000.0,4.0,Electric,Semi-Automatic,Imported
916,Chevrolet,Corolla,2009,49600,-5000.0,15.0,Electric,Automatic,Fleet vehicle
917,Kia,Sportage,1997,9300,284000.0,27.0,Gas,Semi-Automatic,Second owner
918,Ford,X5,1994,5600,225000.0,30.0,Diesel,Automatic,Imported
919,BMW,Elantra,2015,-1,252500.0,9.0,Hybrid,Semi-Automatic,
920,Ford,Corolla,1993,19400,,31.0,Diesel,Semi-Automatic,Refurbished
921,???,Civic,2002,27800,73000.0,22.0,Hybrid,Manual,First owner
922,,A4,2001,45400,168000.0,23.0,Petrol,Semi-Automatic,First owner
923,Audi,Corolla,2000,16900,21000.0,24.0,Petrol,Semi-Automatic,Imported
924,,A4,1990,20200,24000.0,34.0,Hybrid,Semi-Automatic,Refurbished
925,Chevrolet,Elantra,1999,49800,236000.0,25.0,Diesel,Manual,First owner
926,Kia,A4,2001,12400,215000.0,23.0,Gas,Automatic,Second owner
927,Mercedes,Sportage,2013,29400,197000.0,11.0,Electric,Manual,Fleet vehicle
928,Mercedes,Impala,2007,6200,181000.0,17.0,Petrol,Manual,Imported
929,Chevrolet,X5,2006,,254000.0,18.0,Diesel,Manual,First owner
930,BMW,Corolla,2015,26500,243000.0,9.0,Gas,Manual,Imported
931,Toyota,Altima,1994,42100,56000.0,30.0,Electric,Manual,Imported
932,Hyundai,C-Class,2007,14500,139000.0,17.0,Petrol,Automatic,First owner
933,Ford,Altima,2020,27400,291500.0,4.0,Hybrid,Manual,Refurbished
934,Mercedes,Corolla,1997,24900,256000.0,27.0,Petrol,Automatic,
935,BMW,C-Class,1995,35300,284000.0,29.0,Hybrid,Manual,Second owner
936,Kia,F-150,2019,16400,55000.0,5.0,Petrol,Manual,Second owner
937,Ford,Corolla,1991,23700,104500.0,33.0,Hybrid,Automatic,Second owner
938,Mercedes,X5,2010,47100,206000.0,14.0,Diesel,Semi-Automatic,Imported
939,BMW,F-150,1996,19900,264000.0,28.0,Hybrid,Automatic,Imported
940,Mercedes,Unknown,2000,14300,161500.0,24.0,Petrol,Semi-Automatic,Imported
941,Mercedes,Unknown,1993,49700,,31.0,Hybrid,Automatic,Imported
942,BMW,X5,2020,10900,-5000.0,4.0,Diesel,Semi-Automatic,Fleet vehicle
943,Ford,Civic,2002,3300,41000.0,22.0,Electric,Automatic,Refurbished
944,Ford,Altima,2022,28200,123500.0,2.0,Diesel,Manual,First owner
945,Mercedes,Corolla,1995,22200,-5000.0,29.0,Diesel,Semi-Automatic,First owner
946,Audi,Corolla,1998,18000,132000.0,26.0,Diesel,Automatic,Imported
947,Ford,Impala,,28700,126500.0,,Hybrid,Automatic,First owner
948,Nissan,Civic,1990,11300,,34.0,Petrol,Automatic,Refurbished
949,Nissan,Sportage,2002,37700,195000.0,22.0,Electric,Automatic,Fleet vehicle
950,Toyota,Sportage,2015,-1,111000.0,9.0,Hybrid,Automatic,Imported
951,???,F-150,2005,36000,221000.0,19.0,Electric,Automatic,Refurbished
952,Nissan,Civic,1998,24800,212000.0,26.0,Petrol,Manual,First owner
953,BMW,Elantra,2003,30400,92000.0,21.0,Electric,Semi-Automatic,
954,Nissan,F-150,2017,10300,122500.0,7.0,Gas,Semi-Automatic,
955,Kia,Elantra,2012,5800,201000.0,12.0,Hybrid,Automatic,Refurbished
956,Chevrolet,Sportage,1991,35000,76000.0,33.0,Diesel,Manual,Imported
957,Ford,Sportage,1993,32000,209000.0,31.0,Gas,Manual,Refurbished
958,Nissan,X5,2010,4300,,14.0,Gas,Automatic,Second owner
959,???,Elantra,0,39200,117500.0,,Petrol,Automatic,Second owner
960,BMW,Sportage,2022,15500,-5000.0,2.0,Hybrid,Semi-Automatic,
961,Toyota,Altima,1993,29500,127000.0,31.0,Gas,Manual,Second owner
962,,Elantra,2006,-1,264000.0,18.0,Petrol,Automatic,Imported
963,Kia,Altima,2019,5900,295000.0,5.0,Electric,Manual,
964,Toyota,F-150,1998,40300,212000.0,26.0,Electric,Manual,Imported
965,BMW,F-150,2004,33300,261500.0,20.0,Hybrid,Automatic,Second owner
966,Honda,F-150,2010,45400,,14.0,Petrol,Manual,Second owner
967,Nissan,,2006,Error,265000.0,18.0,Electric,Semi-Automatic,First owner
968,Mercedes,Elantra,1999,6100,246000.0,25.0,Petrol,Semi-Automatic,First owner
969,Ford,Corolla,2010,37000,166000.0,14.0,Gas,Semi-Automatic,Imported
970,Audi,C-Class,Year?,-1,289500.0,,Gas,Manual,Second owner
971,Ford,F-150,1990,Error,5000.0,34.0,Diesel,Automatic,Second owner
972,,,2014,23500,157500.0,10.0,Gas,Manual,Fleet vehicle
973,Chevrolet,Altima,2015,28900,,9.0,Petrol,Semi-Automatic,Imported
974,Honda,X5,1991,33300,165500.0,33.0,Petrol,Manual,Refurbished
975,Toyota,Altima,2018,25300,22000.0,6.0,Hybrid,Manual,
976,BMW,Impala,2005,20900,97500.0,19.0,Hybrid,Manual,Imported
977,BMW,Sportage,2005,35300,271000.0,19.0,Hybrid,Semi-Automatic,First owner
978,Hyundai,Impala,1998,32700,141500.0,26.0,Diesel,Manual,
979,Chevrolet,A4,2010,25800,278000.0,14.0,Petrol,Automatic,Imported
980,Chevrolet,Impala,2019,3900,181500.0,5.0,Hybrid,Manual,
981,???,F-150,2013,39900,218500.0,11.0,Diesel,Semi-Automatic,Second owner
982,Kia,F-150,2022,8200,285500.0,2.0,Gas,Automatic,Refurbished
983,Mercedes,,1996,3600,27000.0,28.0,Electric,Semi-Automatic,Second owner
984,Kia,Altima,1998,14000,97000.0,26.0,Electric,Semi-Automatic,
985,Hyundai,X5,2016,29700,192500.0,8.0,Hybrid,Manual,Fleet vehicle
986,Kia,Altima,2008,9700,207500.0,16.0,Hybrid,Manual,Fleet vehicle
987,Mercedes,F-150,2021,Error,29500.0,3.0,Hybrid,Automatic,Imported
988,Toyota,F-150,2004,27700,166000.0,20.0,Hybrid,Automatic,Refurbished
989,Audi,F-150,1990,39700,86000.0,34.0,Electric,Automatic,
990,BMW,Corolla,2003,32100,92000.0,21.0,Diesel,Manual,
991,Honda,Civic,1991,21800,299000.0,33.0,Diesel,Manual,First owner
992,Kia,Altima,2005,39700,100500.0,19.0,Petrol,Automatic,First owner
993,BMW,A4,2011,12200,162500.0,13.0,Electric,Semi-Automatic,
994,Ford,Sportage,2019,49800,17500.0,5.0,Electric,Semi-Automatic,Imported
995,Toyota,Corolla,2002,17800,20000.0,22.0,Diesel,Semi-Automatic,Fleet vehicle
996,Nissan,Sportage,1993,5900,58500.0,31.0,Electric,Semi-Automatic,Fleet vehicle
997,Nissan,A4,1990,42700,27000.0,34.0,Diesel,Automatic,Imported
998,Audi,Elantra,2013,5800,282000.0,11.0,Diesel,Semi-Automatic,
999,Chevrolet,C-Class,2003,4400,,21.0,Diesel,Automatic,First owner
1000,Hyundai,Sportage,2011,42800,175500.0,13.0,Hybrid,Manual,Refurbished
1001,Nissan,X5,1997,10700,194500.0,27.0,Electric,Manual,First owner
1002,Hyundai,Elantra,2005,Error,293500.0,19.0,Hybrid,Automatic,Imported
1003,Mercedes,Corolla,2021,31200,56000.0,3.0,Electric,Manual,Second owner
1004,Kia,Sportage,2023,23000,58500.0,1.0,Gas,Semi-Automatic,Second owner
1005,Ford,Altima,1994,34000,190500.0,30.0,Diesel,Semi-Automatic,Imported
1006,Mercedes,Sportage,1996,26800,202500.0,28.0,Diesel,Manual,Refurbished
1007,Nissan,Elantra,2010,47300,33500.0,14.0,Electric,Automatic,
1008,Audi,Sportage,2022,17100,253000.0,2.0,Diesel,Automatic,Refurbished
1009,Toyota,X5,2023,22400,15500.0,1.0,Gas,Semi-Automatic,Refurbished
1010,Mercedes,Civic,2013,23900,223000.0,11.0,Hybrid,Automatic,Imported
1011,,Altima,1994,41500,119500.0,30.0,Electric,Automatic,Imported
1012,Honda,Elantra,0,20000,22000.0,,Hybrid,Semi-Automatic,Fleet vehicle
1013,Ford,Impala,1995,33700,25000.0,29.0,Diesel,Manual,Second owner
1014,Ford,A4,2009,42000,299000.0,15.0,Gas,Manual,Refurbished
1015,Toyota,Altima,2000,41600,284000.0,24.0,Electric,Automatic,Imported
1016,BMW,Civic,2001,47300,13000.0,23.0,Diesel,Semi-Automatic,Fleet vehicle
1017,BMW,C-Class,2019,15900,,5.0,Gas,Semi-Automatic,Imported
1018,Nissan,Civic,2017,11500,150500.0,7.0,Diesel,Manual,
1019,Chevrolet,Civic,2020,Error,156000.0,4.0,Gas,Semi-Automatic,Second owner
1020,Toyota,Elantra,1991,20600,35500.0,33.0,Petrol,Semi-Automatic,Second owner
1021,Toyota,Altima,1995,16500,34000.0,29.0,Electric,Automatic,Imported
1022,Chevrolet,Elantra,2000,45900,250000.0,24.0,Petrol,Semi-Automatic,First owner
1023,Hyundai,Civic,1995,28100,278000.0,29.0,Gas,Semi-Automatic,Refurbished
1024,Nissan,A4,2002,18000,185000.0,22.0,Diesel,Manual,Fleet vehicle
1025,Chevrolet,Elantra,1993,22200,188500.0,31.0,Petrol,Automatic,
1026,BMW,C-Class,2008,43800,296500.0,16.0,Diesel,Semi-Automatic,Refurbished
1027,Hyundai,Sportage,2020,38100,291500.0,4.0,Gas,Semi-Automatic,Refurbished
1028,Chevrolet,Altima,2018,22400,232500.0,6.0,Petrol,Automatic,Second owner
1029,Honda,Civic,1995,39400,167000.0,29.0,Diesel,Automatic,
1030,Mercedes,A4,Year?,31400,201000.0,,Gas,Semi-Automatic,First owner
1031,Audi,Elantra,2016,-1,223500.0,8.0,Diesel,Semi-Automatic,Imported
1032,Hyundai,X5,2011,36000,152000.0,13.0,Electric,Manual,Second owner
1033,Hyundai,Elantra,2022,22300,117000.0,2.0,Petrol,Automatic,Fleet vehicle
1034,Mercedes,A4,1996,33200,190500.0,28.0,Petrol,Manual,
1035,BMW,Unknown,2017,Error,88500.0,7.0,Petrol,Automatic,First owner
1036,Kia,Elantra,2016,48300,203000.0,8.0,Petrol,Manual,Imported
1037,Honda,X5,2012,-1,179000.0,12.0,Gas,Manual,Fleet vehicle
1038,Nissan,Elantra,1990,29500,122000.0,34.0,Petrol,Semi-Automatic,Refurbished
1039,Honda,Civic,2005,Error,30000.0,19.0,Hybrid,Automatic,Imported
1040,Audi,Civic,2000,41900,299500.0,24.0,Gas,Manual,Fleet vehicle
1041,Honda,Sportage,2004,11300,259500.0,20.0,Diesel,Semi-Automatic,First owner
1042,Nissan,Corolla,1998,,114500.0,26.0,Diesel,Automatic,Second owner
1043,Ford,X5,2017,45500,55000.0,7.0,Electric,Semi-Automatic,Fleet vehicle
1044,Mercedes,Altima,1998,15300,242500.0,26.0,Petrol,Manual,Refurbished
1045,Chevrolet,F-150,2023,17400,,1.0,Hybrid,Automatic,Refurbished
1046,Chevrolet,Sportage,1993,20100,,31.0,Diesel,Semi-Automatic,Imported
1047,Toyota,Sportage,1999,18600,6500.0,25.0,Petrol,Semi-Automatic,First owner
1048,Chevrolet,F-150,2000,,133500.0,24.0,Electric,Automatic,Imported
1049,???,A4,2014,15000,32500.0,10.0,Petrol,Semi-Automatic,First owner
1050,Chevrolet,Elantra,1991,Error,142000.0,33.0,Hybrid,Manual,Fleet vehicle
1051,Mercedes,C-Class,1998,24500,255500.0,26.0,Gas,Semi-Automatic,Second owner
1052,,C-Class,1993,2300,77500.0,31.0,Diesel,Automatic,First owner
1053,Chevrolet,F-150,2014,2700,182500.0,10.0,Electric,Semi-Automatic,First owner
1054,BMW,Corolla,2013,31100,138000.0,11.0,Gas,Automatic,First owner
1055,Nissan,F-150,1999,42300,257000.0,25.0,Hybrid,Manual,Fleet vehicle
1056,Mercedes,A4,1997,21800,215000.0,27.0,Electric,Automatic,Refurbished
1057,Chevrolet,Unknown,2013,-1,53500.0,11.0,Petrol,Automatic,First owner
1058,Kia,Altima,2019,46700,10500.0,5.0,Electric,Manual,First owner
1059,BMW,A4,,40900,84500.0,,Gas,Automatic,Second owner
1060,,Corolla,,1100,285500.0,,Diesel,Manual,Imported
1061,BMW,Impala,2020,34300,198000.0,4.0,Gas,Manual,Second owner
1062,Nissan,X5,2012,11600,63500.0,12.0,Electric,Semi-Automatic,
1063,Nissan,Civic,2001,Error,79000.0,23.0,Gas,Manual,
1064,Ford,X5,2009,7300,265500.0,15.0,Hybrid,Manual,Second owner
1065,Nissan,Altima,1994,29200,296500.0,30.0,Electric,Automatic,Second owner
1066,Honda,Corolla,2006,25700,155500.0,18.0,Petrol,Semi-Automatic,First owner
1067,Honda,C-Class,2013,27700,25000.0,11.0,Electric,Manual,First owner
1068,Honda,Corolla,2009,46900,34000.0,15.0,Diesel,Semi-Automatic,Fleet vehicle
1069,BMW,A4,2018,20400,15500.0,6.0,Petrol,Semi-Automatic,Refurbished
1070,Hyundai,Impala,2006,37600,25500.0,18.0,Petrol,Semi-Automatic,
1071,BMW,Civic,2009,Error,9500.0,15.0,Petrol,Semi-Automatic,First owner
1072,Toyota,A4,2013,34900,53500.0,11.0,Hybrid,Automatic,
1073,Ford,Impala,2012,26200,280500.0,12.0,Hybrid,Automatic,Fleet vehicle
1074,Chevrolet,Impala,2002,6100,196000.0,22.0,Electric,Automatic,First owner
1075,Chevrolet,F-150,2005,21200,189000.0,19.0,Hybrid,Semi-Automatic,Fleet vehicle
1076,Chevrolet,Elantra,2016,48600,128000.0,8.0,Petrol,Automatic,Fleet vehicle
1077,Chevrolet,F-150,1996,32800,152000.0,28.0,Hybrid,Manual,Imported
1078,Mercedes,Altima,1993,4600,214500.0,31.0,Petrol,Semi-Automatic,Fleet vehicle
1079,Hyundai,Altima,2023,6900,212000.0,1.0,Electric,Manual,First owner
1080,BMW,Sportage,2013,18000,219000.0,11.0,Electric,Manual,Fleet vehicle
1081,,C-Class,1998,38400,140000.0,26.0,Petrol,Automatic,Second owner
1082,Honda,X5,2010,26400,143000.0,14.0,Petrol,Manual,First owner
1083,Kia,Elantra,1993,Error,214500.0,31.0,Hybrid,Automatic,First owner
1084,Nissan,F-150,1997,15800,185500.0,27.0,Diesel,Semi-Automatic,Imported
1085,Chevrolet,Altima,1990,16900,221500.0,34.0,Electric,Semi-Automatic,First owner
1086,Kia,Sportage,1991,29400,213000.0,33.0,Petrol,Manual,Refurbished
1087,Ford,Civic,1995,41700,98500.0,29.0,Diesel,Automatic,First owner
1088,Mercedes,Altima,2012,3800,243500.0,12.0,Gas,Semi-Automatic,Second owner
1089,Hyundai,Altima,1994,15000,203500.0,30.0,Hybrid,Automatic,Imported
1090,Toyota,Impala,2009,19300,150500.0,15.0,Gas,Manual,
1091,BMW,Civic,2011,18200,65000.0,13.0,Electric,Manual,
1092,Audi,F-150,2010,42400,212500.0,14.0,Gas,Manual,First owner
1093,Mercedes,Elantra,1998,35500,243500.0,26.0,Gas,Automatic,Fleet vehicle
1094,Nissan,Sportage,2008,48900,43500.0,16.0,Diesel,Automatic,First owner
1095,Chevrolet,Elantra,2009,12400,94000.0,15.0,Diesel,Semi-Automatic,Fleet vehicle
1096,Honda,Altima,2000,36500,131000.0,24.0,Diesel,Semi-Automatic,Refurbished
1097,Mercedes,Unknown,2006,28300,,18.0,Diesel,Manual,Second owner
1098,Nissan,X5,2019,27500,210500.0,5.0,Hybrid,Automatic,Imported
1099,Nissan,Elantra,1999,13000,239500.0,25.0,Electric,Semi-Automatic,Refurbished
1100,Ford,F-150,2020,47200,22000.0,4.0,Diesel,Semi-Automatic,Fleet vehicle
1101,Audi,F-150,2005,14600,249000.0,19.0,Gas,Automatic,Imported
1102,Hyundai,Altima,2006,28800,182000.0,18.0,Electric,Semi-Automatic,Refurbished
1103,Kia,Civic,2004,19100,57500.0,20.0,Diesel,Manual,First owner
1104,Audi,C-Class,2014,,219500.0,10.0,Electric,Semi-Automatic,Second owner
1105,Mercedes,Impala,2008,29600,38500.0,16.0,Diesel,Manual,Second owner
1106,Hyundai,Civic,2018,28200,20000.0,6.0,Electric,Automatic,First owner
1107,Honda,C-Class,2023,41400,291000.0,1.0,Hybrid,Manual,First owner
1108,BMW,Corolla,2017,24600,293500.0,7.0,Gas,Manual,Imported
1109,Chevrolet,X5,2023,1300,-5000.0,1.0,Gas,Automatic,First owner
1110,Chevrolet,X5,2020,21800,96000.0,4.0,Electric,Manual,First owner
1111,Toyota,Altima,2001,37900,71500.0,23.0,Gas,Manual,First owner
1112,Hyundai,Sportage,2001,18400,59500.0,23.0,Diesel,Manual,
1113,Toyota,Sportage,1996,7000,,28.0,Diesel,Automatic,Imported
1114,Honda,Corolla,2011,15900,143000.0,13.0,Petrol,Manual,
1115,Nissan,C-Class,2013,11800,96500.0,11.0,Hybrid,Manual,Second owner
1116,Hyundai,F-150,2000,49900,178000.0,24.0,Petrol,Automatic,Fleet vehicle
1117,Audi,Elantra,1992,48800,292000.0,32.0,Diesel,Manual,
1118,Ford,Sportage,2015,7700,166000.0,9.0,Petrol,Automatic,
1119,Audi,C-Class,1994,36400,93500.0,30.0,Hybrid,Semi-Automatic,First owner
1120,BMW,F-150,2003,27900,,21.0,Gas,Manual,First owner
1121,Honda,,2012,26300,122000.0,12.0,Petrol,Semi-Automatic,
1122,Nissan,X5,1992,23200,145000.0,32.0,Hybrid,Manual,Second owner
1123,Audi,Corolla,1998,33100,-5000.0,26.0,Electric,Semi-Automatic,Second owner
1124,Nissan,Altima,2002,35500,15500.0,22.0,Diesel,Manual,Second owner
1125,Hyundai,F-150,2007,18600,1500.0,17.0,Petrol,Semi-Automatic,Fleet vehicle
1126,Ford,X5,1990,,163500.0,34.0,Gas,Automatic,Imported
1127,Toyota,Altima,2023,41300,3500.0,1.0,Petrol,Manual,First owner
1128,Honda,F-150,1994,11100,171500.0,30.0,Petrol,Automatic,Imported
1129,Ford,A4,2016,33900,203500.0,8.0,Petrol,Semi-Automatic,First owner
1130,Toyota,C-Class,2009,26100,167000.0,15.0,Electric,Semi-Automatic,Refurbished
1131,Toyota,Impala,2017,42300,34000.0,7.0,Hybrid,Automatic,Imported
1132,Ford,Altima,2011,-1,22500.0,13.0,Diesel,Manual,Imported
1133,Honda,F-150,2015,14200,54000.0,9.0,Electric,Automatic,
1134,Nissan,Impala,2000,4000,15500.0,24.0,Gas,Automatic,Refurbished
1135,BMW,Civic,2002,29000,,22.0,Gas,Automatic,Fleet vehicle
1136,Toyota,Sportage,2018,38900,17500.0,6.0,Electric,Automatic,Refurbished
1137,Chevrolet,X5,,6600,,,Gas,Manual,
1138,Mercedes,Elantra,2022,11500,236500.0,2.0,Electric,Manual,Imported
1139,,Corolla,2000,41000,19500.0,24.0,Electric,Manual,Fleet vehicle
1140,Ford,A4,1996,40700,199000.0,28.0,Hybrid,Automatic,Imported
1141,Kia,Elantra,2006,-1,205000.0,18.0,Electric,Semi-Automatic,Refurbished
1142,,Unknown,2009,20900,,15.0,Petrol,Manual,
1143,,,2011,16300,33500.0,13.0,Electric,Automatic,Fleet vehicle
1144,Kia,,2021,-1,298500.0,3.0,Gas,Automatic,Fleet vehicle
1145,Hyundai,Civic,2018,31100,213000.0,6.0,Electric,Semi-Automatic,First owner
1146,Ford,X5,1993,36600,138500.0,31.0,Electric,Manual,Second owner
1147,Kia,F-150,2022,15800,204500.0,2.0,Gas,Manual,
1148,Ford,Impala,1993,18000,209000.0,31.0,Diesel,Semi-Automatic,First owner
1149,Chevrolet,C-Class,2005,21200,,19.0,Electric,Semi-Automatic,Fleet vehicle
1150,,Impala,2014,22100,174000.0,10.0,Hybrid,Manual,Fleet vehicle
1151,???,Elantra,1993,10700,206500.0,31.0,Petrol,Semi-Automatic,Imported
1152,Ford,A4,2019,42800,196500.0,5.0,Petrol,Semi-Automatic,Imported
1153,Chevrolet,Civic,1993,37900,34500.0,31.0,Petrol,Automatic,First owner
1154,Toyota,,2015,40300,29500.0,9.0,Gas,Semi-Automatic,Second owner
1155,Toyota,A4,1990,24300,294500.0,34.0,Petrol,Semi-Automatic,Refurbished
1156,Honda,A4,2019,28400,116000.0,5.0,Diesel,Automatic,Fleet vehicle
1157,Toyota,Corolla,1991,1000,32500.0,33.0,Gas,Automatic,Second owner
1158,Toyota,Civic,1994,33200,189000.0,30.0,Gas,Semi-Automatic,Second owner
1159,Chevrolet,A4,2001,38500,66000.0,23.0,Electric,Semi-Automatic,Fleet vehicle
1160,Kia,F-150,1992,44100,36500.0,32.0,Hybrid,Manual,
1161,BMW,Altima,2012,24300,78500.0,12.0,Diesel,Manual,Fleet vehicle
1162,BMW,F-150,2017,21400,188000.0,7.0,Diesel,Semi-Automatic,Refurbished
1163,Audi,A4,1991,40500,188500.0,33.0,Diesel,Automatic,First owner
1164,Toyota,C-Class,2019,27400,189000.0,5.0,Diesel,Manual,Fleet vehicle
1165,Toyota,C-Class,2012,40800,283500.0,12.0,Petrol,Automatic,Fleet vehicle
1166,Ford,Elantra,1998,4300,166000.0,26.0,Electric,Automatic,Fleet vehicle
1167,Audi,Corolla,2002,11700,105000.0,22.0,Petrol,Manual,First owner
1168,Ford,Sportage,Year?,41600,292500.0,,Electric,Manual,Fleet vehicle
1169,Ford,Impala,2023,14800,4000.0,1.0,Gas,Manual,Imported
1170,BMW,C-Class,2014,24500,20000.0,10.0,Electric,Semi-Automatic,Refurbished
1171,Mercedes,Altima,2002,49800,177000.0,22.0,Diesel,Automatic,First owner
1172,Honda,Civic,1995,21700,8000.0,29.0,Hybrid,Semi-Automatic,Refurbished
1173,Chevrolet,Impala,2019,39100,107000.0,5.0,Gas,Manual,Imported
1174,Hyundai,Civic,2016,18200,227500.0,8.0,Hybrid,Manual,First owner
1175,Mercedes,X5,2016,14100,,8.0,Petrol,Manual,Fleet vehicle
1176,Kia,Sportage,2012,,98000.0,12.0,Hybrid,Automatic,Refurbished
1177,Chevrolet,A4,1992,Error,161000.0,32.0,Diesel,Manual,Second owner
1178,Honda,Impala,2015,34900,109000.0,9.0,Hybrid,Manual,
1179,Honda,Sportage,2003,,230500.0,21.0,Petrol,Manual,Refurbished
1180,???,C-Class,2002,36000,170500.0,22.0,Diesel,Semi-Automatic,First owner
1181,Audi,Sportage,2001,41100,93500.0,23.0,Diesel,Manual,Second owner
1182,Ford,X5,2012,,93500.0,12.0,Diesel,Manual,First owner
1183,Chevrolet,X5,2007,34700,265000.0,17.0,Petrol,Automatic,Second owner
1184,Nissan,F-150,2021,11200,196500.0,3.0,Gas,Semi-Automatic,Second owner
1185,Honda,Altima,2003,11400,213500.0,21.0,Diesel,Semi-Automatic,Fleet vehicle
1186,Hyundai,Impala,2007,46000,5500.0,17.0,Petrol,Automatic,Second owner
1187,Audi,Impala,1993,40400,296500.0,31.0,Diesel,Manual,
1188,Kia,Sportage,2018,10800,191000.0,6.0,Petrol,Semi-Automatic,Fleet vehicle
1189,Kia,Corolla,2004,29300,139000.0,20.0,Electric,Manual,Imported
1190,Hyundai,Elantra,2018,27000,3000.0,6.0,Petrol,Manual,Refurbished
1191,BMW,Civic,2014,39100,32500.0,10.0,Petrol,Semi-Automatic,First owner
1192,Toyota,F-150,2008,17700,143000.0,16.0,Diesel,Manual,Fleet vehicle
1193,Honda,Altima,2000,48500,53000.0,24.0,Electric,Automatic,Fleet vehicle
1194,Toyota,Altima,2002,4100,121000.0,22.0,Electric,Manual,Second owner
1195,BMW,Corolla,2014,12000,56000.0,10.0,Electric,Semi-Automatic,
1196,Hyundai,Civic,2013,44000,204500.0,11.0,Electric,Semi-Automatic,First owner
1197,Hyundai,A4,2018,20300,,6.0,Petrol,Manual,
1198,Toyota,F-150,2013,40200,182500.0,11.0,Gas,Automatic,Refurbished
1199,BMW,Civic,2008,-1,219000.0,16.0,Gas,Manual,First owner
1200,Chevrolet,F-150,1994,41500,168500.0,30.0,Diesel,Automatic,Fleet vehicle
1201,Chevrolet,X5,Year?,5700,-5000.0,,Hybrid,Manual,Fleet vehicle
1202,Mercedes,Civic,2005,21900,59000.0,19.0,Diesel,Semi-Automatic,First owner
1203,Ford,A4,2004,-1,,20.0,Diesel,Semi-Automatic,Imported
1204,Kia,Impala,1996,21000,,28.0,Petrol,Semi-Automatic,First owner
1205,Nissan,Impala,2020,46400,219000.0,4.0,Petrol,Manual,Refurbished
1206,Mercedes,Elantra,Year?,22100,288500.0,,Gas,Automatic,Refurbished
1207,Kia,X5,2013,10600,77500.0,11.0,Petrol,Semi-Automatic,Refurbished
1208,Chevrolet,F-150,,10100,259500.0,,Hybrid,Manual,Imported
1209,Ford,Corolla,1993,21900,138000.0,31.0,Diesel,Manual,
1210,Ford,F-150,2012,Error,160000.0,12.0,Hybrid,Semi-Automatic,
1211,Mercedes,Altima,2018,,167500.0,6.0,Hybrid,Semi-Automatic,Fleet vehicle
1212,Honda,C-Class,Year?,-1,2000.0,,Gas,Semi-Automatic,First owner
1213,BMW,X5,1992,24100,254500.0,32.0,Gas,Automatic,
1214,Mercedes,C-Class,1997,2300,226000.0,27.0,Electric,Automatic,First owner
1215,Chevrolet,C-Class,1997,26600,-5000.0,27.0,Hybrid,Semi-Automatic,First owner
1216,Hyundai,Altima,2000,5500,222500.0,24.0,Gas,Automatic,First owner
1217,Hyundai,Sportage,2004,42200,50500.0,20.0,Gas,Automatic,
1218,Audi,Elantra,1993,44600,10500.0,31.0,Petrol,Semi-Automatic,First owner
1219,Audi,,1998,6200,240000.0,26.0,Hybrid,Automatic,
1220,Ford,C-Class,2007,5600,215500.0,17.0,Electric,Automatic,First owner
1221,Honda,F-150,1995,35600,288000.0,29.0,Hybrid,Automatic,
1222,Toyota,A4,2012,42700,210000.0,12.0,Diesel,Manual,First owner
1223,Ford,C-Class,1994,32100,298000.0,30.0,Electric,Automatic,Refurbished
1224,Hyundai,Civic,2002,39600,215000.0,22.0,Diesel,Automatic,
1225,Chevrolet,X5,1998,,257500.0,26.0,Petrol,Manual,Fleet vehicle
1226,BMW,Corolla,2019,36200,264500.0,5.0,Diesel,Manual,First owner
1227,BMW,X5,1998,21800,159500.0,26.0,Gas,Automatic,First owner
1228,Chevrolet,F-150,2007,-1,218000.0,17.0,Hybrid,Automatic,First owner
1229,Chevrolet,Unknown,2016,49800,25000.0,8.0,Hybrid,Automatic,
1230,Audi,Elantra,2019,13800,118500.0,5.0,Gas,Semi-Automatic,
1231,Hyundai,Sportage,2005,20200,136500.0,19.0,Electric,Automatic,Second owner
1232,Toyota,A4,2007,25200,196500.0,17.0,Gas,Semi-Automatic,
1233,Toyota,Sportage,,2100,133500.0,,Hybrid,Automatic,Second owner
1234,Hyundai,Civic,1993,34100,4000.0,31.0,Petrol,Semi-Automatic,Fleet vehicle
1235,Hyundai,Elantra,2014,9600,9000.0,10.0,Hybrid,Automatic,Refurbished
1236,Audi,Sportage,1998,49400,137500.0,26.0,Diesel,Manual,Refurbished
1237,,Corolla,1993,15500,67500.0,31.0,Diesel,Manual,First owner
1238,Nissan,A4,2005,37400,-5000.0,19.0,Diesel,Automatic,
1239,Kia,Civic,1994,23000,284500.0,30.0,Diesel,Manual,First owner
1240,Honda,X5,2003,-1,36000.0,21.0,Gas,Semi-Automatic,Second owner
1241,Mercedes,F-150,1993,39000,297000.0,31.0,Electric,Manual,Imported
1242,Nissan,Impala,,46600,275500.0,,Electric,Semi-Automatic,Second owner
1243,Audi,A4,2000,39600,111000.0,24.0,Gas,Semi-Automatic,Second owner
1244,Chevrolet,C-Class,1996,42200,,28.0,Hybrid,Semi-Automatic,Refurbished
1245,Toyota,A4,2004,22000,13000.0,20.0,Hybrid,Manual,Fleet vehicle
1246,Chevrolet,Impala,Year?,34000,252000.0,,Electric,Automatic,
1247,Toyota,Impala,1998,33900,122000.0,26.0,Diesel,Semi-Automatic,Imported
1248,Hyundai,Civic,2000,30400,-5000.0,24.0,Petrol,Manual,Refurbished
1249,Toyota,Altima,2017,39300,170000.0,7.0,Diesel,Manual,First owner
1250,Chevrolet,Altima,2005,30900,97500.0,19.0,Electric,Automatic,Second owner
1251,Hyundai,Sportage,1995,45100,102500.0,29.0,Petrol,Automatic,Imported
1252,Chevrolet,X5,2023,43700,216000.0,1.0,Hybrid,Manual,First owner
1253,Kia,,2015,12400,163500.0,9.0,Petrol,Semi-Automatic,First owner
1254,Audi,A4,2018,18900,287500.0,6.0,Gas,Manual,Second owner
1255,Nissan,F-150,2013,-1,93500.0,11.0,Petrol,Automatic,Fleet vehicle
1256,Nissan,C-Class,2012,24200,222000.0,12.0,Electric,Automatic,Imported
1257,Honda,Civic,2001,7900,229000.0,23.0,Petrol,Automatic,
1258,Chevrolet,A4,2007,47500,214500.0,17.0,Gas,Manual,First owner
1259,Kia,A4,1993,38000,119000.0,31.0,Hybrid,Semi-Automatic,First owner
1260,Mercedes,Sportage,Year?,10600,147500.0,,Petrol,Semi-Automatic,
1261,BMW,Corolla,2008,9200,29000.0,16.0,Petrol,Manual,First owner
1262,Chevrolet,F-150,2012,46100,,12.0,Gas,Semi-Automatic,First owner
1263,Honda,Elantra,2017,29700,60000.0,7.0,Gas,Manual,First owner
1264,Honda,Elantra,2011,-1,82000.0,13.0,Hybrid,Automatic,Imported
1265,Toyota,Elantra,2006,9600,254000.0,18.0,Hybrid,Manual,Refurbished
1266,Hyundai,Altima,2000,46600,7500.0,24.0,Hybrid,Automatic,Second owner
1267,Ford,Elantra,2010,43800,35500.0,14.0,Hybrid,Manual,Imported
1268,Mercedes,F-150,2005,23000,115500.0,19.0,Electric,Manual,First owner
1269,Kia,X5,1995,1300,144500.0,29.0,Electric,Manual,Imported
1270,Chevrolet,Corolla,2007,1000,275500.0,17.0,Electric,Manual,Fleet vehicle
1271,Toyota,A4,1991,-1,58500.0,33.0,Electric,Semi-Automatic,Fleet vehicle
1272,Audi,Unknown,Year?,25000,248500.0,,Electric,Automatic,Fleet vehicle
1273,Audi,F-150,2000,,59500.0,24.0,Electric,Semi-Automatic,
1274,Ford,Elantra,2003,-1,38000.0,21.0,Gas,Semi-Automatic,Imported
1275,Toyota,Elantra,2012,41500,-5000.0,12.0,Electric,Automatic,Imported
1276,Toyota,X5,2015,14600,,9.0,Electric,Automatic,Refurbished
1277,Chevrolet,A4,1994,16700,190500.0,30.0,Diesel,Automatic,First owner
1278,Chevrolet,F-150,2021,18000,54500.0,3.0,Electric,Semi-Automatic,Refurbished
1279,Toyota,,2011,15400,159500.0,13.0,Hybrid,Semi-Automatic,Imported
1280,Ford,Sportage,2013,2300,188000.0,11.0,Hybrid,Manual,Refurbished
1281,Audi,Sportage,2006,48900,201000.0,18.0,Electric,Automatic,Imported
1282,Toyota,Civic,1993,4900,7000.0,31.0,Hybrid,Automatic,
1283,Audi,F-150,2020,41100,228500.0,4.0,Diesel,Manual,Imported
1284,Audi,Altima,2010,4700,80000.0,14.0,Diesel,Automatic,
1285,Ford,Elantra,1995,32900,77500.0,29.0,Electric,Manual,Imported
1286,Toyota,Sportage,1998,42100,279500.0,26.0,Petrol,Manual,First owner
1287,Mercedes,Elantra,Year?,3800,215000.0,,Hybrid,Semi-Automatic,Second owner
1288,???,,2015,21300,42000.0,9.0,Hybrid,Automatic,Fleet vehicle
1289,Audi,Corolla,1993,33900,41500.0,31.0,Electric,Automatic,Second owner
1290,Mercedes,Corolla,2014,7300,260000.0,10.0,Diesel,Manual,
1291,BMW,Unknown,2021,Error,150000.0,3.0,Petrol,Manual,Refurbished
1292,Nissan,Corolla,2010,31400,3000.0,14.0,Petrol,Semi-Automatic,Fleet vehicle
1293,Mercedes,C-Class,2007,40500,178500.0,17.0,Gas,Manual,Refurbished
1294,Toyota,Altima,2007,-1,159500.0,17.0,Petrol,Manual,First owner
1295,Chevrolet,Unknown,Year?,2700,132000.0,,Gas,Manual,First owner
1296,Audi,Sportage,2021,26100,6000.0,3.0,Diesel,Automatic,Fleet vehicle
1297,Audi,Altima,2008,43700,1500.0,16.0,Gas,Automatic,
1298,Audi,Sportage,2017,32400,231000.0,7.0,Petrol,Automatic,
1299,Toyota,Corolla,1997,Error,7000.0,27.0,Diesel,Manual,
1300,Audi,Elantra,2006,17900,146000.0,18.0,Diesel,Manual,Second owner
1301,Ford,Elantra,2016,Error,248000.0,8.0,Petrol,Manual,
1302,Mercedes,X5,2019,36000,223500.0,5.0,Petrol,Manual,Imported
1303,Kia,Elantra,1995,10200,164000.0,29.0,Electric,Automatic,First owner
1304,Chevrolet,A4,2005,18400,266500.0,19.0,Gas,Manual,Fleet vehicle
1305,Hyundai,F-150,2004,2300,,20.0,Hybrid,Semi-Automatic,First owner
1306,Audi,A4,2016,5200,236500.0,8.0,Gas,Semi-Automatic,Refurbished
1307,Nissan,Sportage,2006,34300,151500.0,18.0,Petrol,Manual,Fleet vehicle
1308,Kia,Elantra,2002,29900,270000.0,22.0,Gas,Semi-Automatic,Fleet vehicle
1309,BMW,Elantra,2021,1300,215500.0,3.0,Electric,Automatic,First owner
1310,Ford,A4,2006,Error,284000.0,18.0,Hybrid,Manual,Fleet vehicle
1311,Nissan,A4,2023,48500,197500.0,1.0,Diesel,Semi-Automatic,Second owner
1312,Honda,A4,2009,36000,92000.0,15.0,Electric,Automatic,Second owner
1313,Hyundai,,1996,18100,123500.0,28.0,Hybrid,Manual,
1314,Nissan,Corolla,1994,41700,225500.0,30.0,Electric,Automatic,Imported
1315,Audi,F-150,2001,43000,28000.0,23.0,Hybrid,Automatic,
1316,Nissan,Sportage,1994,40100,257500.0,30.0,Diesel,Manual,Fleet vehicle
1317,Chevrolet,Elantra,1991,46500,22000.0,33.0,Electric,Manual,Fleet vehicle
1318,Toyota,A4,2021,18600,253500.0,3.0,Electric,Manual,Imported
1319,Mercedes,A4,1991,28100,119500.0,33.0,Hybrid,Manual,Refurbished
1320,Chevrolet,Corolla,2006,42700,26500.0,18.0,Gas,Automatic,First owner
1321,,A4,2005,23300,160500.0,19.0,Hybrid,Automatic,Imported
1322,Ford,F-150,1996,34500,194500.0,28.0,Diesel,Automatic,Imported
1323,BMW,Impala,2014,48700,31000.0,10.0,Hybrid,Automatic,Refurbished
1324,???,Elantra,1991,23800,63500.0,33.0,Hybrid,Manual,
1325,Mercedes,X5,2012,,,12.0,Hybrid,Manual,Imported
1326,Ford,Corolla,1998,12400,230000.0,26.0,Hybrid,Automatic,Refurbished
1327,Chevrolet,Sportage,1994,38600,13500.0,30.0,Gas,Semi-Automatic,
1328,Toyota,Elantra,2007,2100,198500.0,17.0,Hybrid,Manual,First owner
1329,Toyota,C-Class,2014,33600,267500.0,10.0,Gas,Manual,Imported
1330,Toyota,,1999,41900,192500.0,25.0,Diesel,Automatic,First owner
1331,Ford,Civic,1997,29400,239000.0,27.0,Electric,Automatic,Imported
1332,Mercedes,Elantra,2008,43800,149000.0,16.0,Hybrid,Semi-Automatic,Second owner
1333,BMW,F-150,2004,23300,11000.0,20.0,Gas,Automatic,
1334,Toyota,Elantra,2021,47400,257500.0,3.0,Diesel,Automatic,Refurbished
1335,Mercedes,Impala,1999,33100,147000.0,25.0,Gas,Manual,Imported
1336,Honda,Impala,1994,38800,54500.0,30.0,Electric,Automatic,
1337,Nissan,Sportage,2018,22300,-5000.0,6.0,Gas,Manual,Imported
1338,Nissan,A4,2020,25000,233500.0,4.0,Diesel,Semi-Automatic,Imported
1339,Kia,,2017,31000,256500.0,7.0,Petrol,Manual,Refurbished
1340,Toyota,Altima,,16100,49500.0,,Petrol,Semi-Automatic,First owner
1341,Kia,C-Class,2005,12400,299500.0,19.0,Petrol,Semi-Automatic,Second owner
1342,Nissan,F-150,2011,29800,229000.0,13.0,Petrol,Semi-Automatic,Refurbished
1343,Hyundai,Civic,2009,27200,16500.0,15.0,Gas,Manual,Refurbished
1344,Toyota,A4,1999,32800,266000.0,25.0,Petrol,Semi-Automatic,Refurbished
1345,BMW,Impala,2021,37000,156000.0,3.0,Gas,Automatic,Imported
1346,???,Elantra,2017,20300,229500.0,7.0,Electric,Semi-Automatic,Second owner
1347,BMW,X5,2021,,200500.0,3.0,Diesel,Manual,Refurbished
1348,Nissan,Civic,2020,2200,166000.0,4.0,Diesel,Automatic,
1349,Chevrolet,A4,2021,-1,129000.0,3.0,Diesel,Semi-Automatic,
1350,Nissan,Civic,2004,30800,-5000.0,20.0,Hybrid,Semi-Automatic,Fleet vehicle
1351,Nissan,Corolla,2009,31700,196500.0,15.0,Petrol,Manual,Refurbished
1352,Hyundai,Elantra,1995,47500,165500.0,29.0,Hybrid,Manual,
1353,???,Elantra,2001,12100,256500.0,23.0,Petrol,Manual,Refurbished
1354,Kia,Corolla,2006,45700,57500.0,18.0,Gas,Automatic,
1355,Audi,C-Class,2015,48500,60000.0,9.0,Diesel,Manual,Refurbished
1356,Kia,Impala,2004,23000,269000.0,20.0,Gas,Automatic,Imported
1357,BMW,Elantra,1997,3400,244500.0,27.0,Gas,Semi-Automatic,
1358,Audi,Sportage,1990,10200,264500.0,34.0,Hybrid,Semi-Automatic,Fleet vehicle
1359,BMW,Civic,,2100,246500.0,,Gas,Semi-Automatic,Fleet vehicle
1360,Audi,Elantra,1997,46200,75000.0,27.0,Petrol,Semi-Automatic,
1361,Kia,F-150,1994,Error,125000.0,30.0,Gas,Manual,First owner
1362,Chevrolet,Sportage,,24500,226000.0,,Petrol,Semi-Automatic,Second owner
1363,Ford,A4,2007,18300,243500.0,17.0,Diesel,Semi-Automatic,Imported
1364,Honda,C-Class,2002,9100,,22.0,Electric,Automatic,Fleet vehicle
1365,Mercedes,Elantra,2015,29000,112000.0,9.0,Petrol,Automatic,Refurbished
1366,Toyota,Corolla,2023,-1,204000.0,1.0,Petrol,Automatic,Imported
1367,Mercedes,Sportage,2004,48500,136000.0,20.0,Electric,Automatic,Fleet vehicle
1368,Honda,Corolla,2001,6900,202000.0,23.0,Hybrid,Manual,Imported
1369,Audi,Impala,,42100,255500.0,,Electric,Automatic,Fleet vehicle
1370,Kia,Civic,2009,14000,38500.0,15.0,Hybrid,Manual,First owner
1371,Kia,F-150,2017,38400,153000.0,7.0,Hybrid,Semi-Automatic,Refurbished
1372,Honda,F-150,1993,43100,228500.0,31.0,Gas,Manual,
1373,Ford,Altima,2016,,60000.0,8.0,Hybrid,Automatic,Fleet vehicle
1374,Nissan,C-Class,1992,44100,33000.0,32.0,Gas,Manual,Second owner
1375,BMW,X5,2016,15400,242500.0,8.0,Diesel,Semi-Automatic,Imported
1376,Mercedes,C-Class,0,28700,86500.0,,Hybrid,Automatic,First owner
1377,Mercedes,A4,1997,22100,22000.0,27.0,Gas,Automatic,Fleet vehicle
1378,Nissan,A4,2015,7300,160500.0,9.0,Hybrid,Manual,Imported
1379,Chevrolet,C-Class,2010,36300,41000.0,14.0,Hybrid,Manual,Fleet vehicle
1380,Mercedes,Impala,1994,12500,144500.0,30.0,Hybrid,Automatic,
1381,Hyundai,Corolla,1990,6500,252000.0,34.0,Diesel,Automatic,Refurbished
1382,Nissan,A4,2023,43100,244500.0,1.0,Diesel,Manual,
1383,Audi,F-150,1999,20500,198000.0,25.0,Hybrid,Manual,Imported
1384,BMW,Civic,1990,44800,,34.0,Gas,Automatic,Refurbished
1385,Toyota,Sportage,1993,43300,100500.0,31.0,Gas,Semi-Automatic,Imported
1386,Nissan,A4,1990,2700,121000.0,34.0,Diesel,Manual,Imported
1387,Audi,C-Class,2020,26800,114500.0,4.0,Diesel,Automatic,Refurbished
1388,Toyota,Impala,2002,39600,106000.0,22.0,Electric,Semi-Automatic,Fleet vehicle
1389,Kia,Corolla,2016,41500,235000.0,8.0,Hybrid,Automatic,Refurbished
1390,Toyota,Civic,1993,23500,124000.0,31.0,Electric,Manual,Refurbished
1391,Ford,Elantra,2017,32500,200000.0,7.0,Hybrid,Automatic,Imported
1392,Audi,A4,1992,28400,25000.0,32.0,Diesel,Manual,Imported
1393,BMW,F-150,2016,47300,,8.0,Gas,Manual,
1394,BMW,X5,2004,12700,87500.0,20.0,Hybrid,Semi-Automatic,Second owner
1395,Nissan,C-Class,2016,32300,64500.0,8.0,Petrol,Semi-Automatic,Fleet vehicle
1396,Chevrolet,F-150,2007,29200,47000.0,17.0,Diesel,Automatic,Refurbished
1397,Honda,A4,2020,30100,180500.0,4.0,Diesel,Manual,
1398,Kia,A4,Year?,-1,70000.0,,Electric,Manual,Fleet vehicle
1399,Audi,Altima,2018,33300,90500.0,6.0,Gas,Semi-Automatic,First owner
1400,Audi,Altima,2011,29500,29500.0,13.0,Petrol,Semi-Automatic,Second owner
1401,Ford,Corolla,1993,40300,93000.0,31.0,Hybrid,Manual,Second owner
1402,Kia,Civic,2014,47800,,10.0,Electric,Semi-Automatic,Imported
1403,Honda,Unknown,1994,44300,,30.0,Gas,Manual,
1404,Nissan,Corolla,1990,46100,196000.0,34.0,Gas,Automatic,Imported
1405,???,F-150,2005,26800,126500.0,19.0,Hybrid,Manual,Refurbished
1406,Ford,Impala,2001,3000,285500.0,23.0,Hybrid,Semi-Automatic,Fleet vehicle
1407,Kia,Sportage,2015,4400,120500.0,9.0,Diesel,Automatic,Second owner
1408,Hyundai,,2010,12700,,14.0,Petrol,Semi-Automatic,Imported
1409,Chevrolet,Sportage,2007,11400,150500.0,17.0,Diesel,Semi-Automatic,Second owner
1410,Ford,C-Class,1990,34400,272500.0,34.0,Petrol,Manual,Second owner
1411,BMW,Impala,2005,14100,232500.0,19.0,Hybrid,Automatic,Fleet vehicle
1412,Toyota,Corolla,1995,11000,274000.0,29.0,Diesel,Automatic,First owner
1413,Audi,Civic,2007,Error,73500.0,17.0,Electric,Semi-Automatic,Imported
1414,Ford,X5,2007,42700,35000.0,17.0,Hybrid,Automatic,Refurbished
1415,Audi,Unknown,2016,44100,288000.0,8.0,Hybrid,Semi-Automatic,Refurbished
1416,Audi,C-Class,1991,Error,168500.0,33.0,Diesel,Manual,Fleet vehicle
1417,Nissan,A4,2018,40400,95000.0,6.0,Electric,Semi-Automatic,Second owner
1418,Ford,C-Class,2023,46400,146000.0,1.0,Hybrid,Semi-Automatic,Fleet vehicle
1419,,C-Class,2021,45600,234000.0,3.0,Hybrid,Automatic,Second owner
1420,Mercedes,A4,2006,25100,116000.0,18.0,Hybrid,Automatic,
1421,Kia,Elantra,2013,31900,215000.0,11.0,Hybrid,Manual,Refurbished
1422,Audi,,2019,28900,126500.0,5.0,Petrol,Manual,First owner
1423,Toyota,Elantra,2002,32600,191500.0,22.0,Gas,Manual,Refurbished
1424,BMW,Sportage,1999,20200,,25.0,Hybrid,Automatic,First owner
1425,Audi,Civic,,49500,118000.0,,Diesel,Automatic,
1426,,,1994,,183000.0,30.0,Hybrid,Automatic,First owner
1427,Toyota,Sportage,2004,23600,111000.0,20.0,Gas,Automatic,Refurbished
1428,Honda,Civic,2012,22900,144500.0,12.0,Gas,Semi-Automatic,Imported
1429,Mercedes,Altima,2011,20400,11500.0,13.0,Gas,Manual,Fleet vehicle
1430,Ford,F-150,1999,3900,167500.0,25.0,Gas,Manual,First owner
1431,Nissan,Impala,2007,14200,159000.0,17.0,Hybrid,Automatic,Fleet vehicle
1432,Ford,F-150,1996,38400,112000.0,28.0,Diesel,Semi-Automatic,Second owner
1433,BMW,X5,2014,47800,282500.0,10.0,Gas,Semi-Automatic,Second owner
1434,Ford,F-150,2012,38100,128000.0,12.0,Petrol,Manual,
1435,Hyundai,Altima,2016,5800,112500.0,8.0,Diesel,Automatic,First owner
1436,Hyundai,X5,Year?,28900,81500.0,,Hybrid,Automatic,
1437,Honda,Altima,2006,14600,,18.0,Electric,Semi-Automatic,First owner
1438,Hyundai,Altima,2007,33600,7000.0,17.0,Diesel,Semi-Automatic,
1439,Ford,Impala,2014,26400,173500.0,10.0,Gas,Manual,
1440,Toyota,C-Class,2003,3000,39000.0,21.0,Electric,Manual,First owner
1441,Audi,Elantra,2006,34800,178500.0,18.0,Hybrid,Manual,Second owner
1442,Hyundai,C-Class,2015,2600,10000.0,9.0,Hybrid,Manual,Fleet vehicle
1443,Honda,F-150,Year?,34600,272000.0,,Electric,Automatic,Fleet vehicle
1444,Toyota,Elantra,2017,2100,140500.0,7.0,Gas,Automatic,Refurbished
1445,,Sportage,2020,22000,-5000.0,4.0,Petrol,Semi-Automatic,Second owner
1446,,X5,2007,43800,294500.0,17.0,Petrol,Automatic,First owner
1447,Hyundai,Impala,2014,25200,143500.0,10.0,Petrol,Manual,First owner
1448,Ford,Corolla,1990,-1,214000.0,34.0,Diesel,Manual,Fleet vehicle
1449,Audi,Elantra,2004,20000,3000.0,20.0,Hybrid,Automatic,Refurbished
1450,Mercedes,C-Class,2015,43600,92000.0,9.0,Petrol,Semi-Automatic,Imported
1451,Chevrolet,Civic,1990,,143500.0,34.0,Gas,Semi-Automatic,Imported
1452,Ford,Civic,2004,8100,96500.0,20.0,Diesel,Manual,Refurbished
1453,Mercedes,C-Class,2015,Error,11500.0,9.0,Petrol,Semi-Automatic,
1454,,Civic,2009,46100,272500.0,15.0,Hybrid,Automatic,First owner
1455,Ford,Civic,Year?,38100,15000.0,,Petrol,Automatic,Imported
1456,Nissan,Unknown,2010,47100,268000.0,14.0,Gas,Automatic,First owner
1457,BMW,Impala,1998,28600,159000.0,26.0,Petrol,Semi-Automatic,
1458,BMW,Corolla,2020,45000,172500.0,4.0,Petrol,Semi-Automatic,Imported
1459,Audi,Elantra,2014,37700,34500.0,10.0,Electric,Automatic,
1460,Audi,C-Class,1990,9100,,34.0,Diesel,Manual,Refurbished
1461,Mercedes,Altima,1994,26400,286000.0,30.0,Diesel,Semi-Automatic,Fleet vehicle
1462,Chevrolet,F-150,2018,8700,289000.0,6.0,Petrol,Automatic,Refurbished
1463,Mercedes,C-Class,2015,18400,-5000.0,9.0,Diesel,Automatic,First owner
1464,Hyundai,A4,0,-1,240000.0,,Petrol,Semi-Automatic,Refurbished
1465,Audi,Sportage,2006,12900,25000.0,18.0,Hybrid,Manual,Imported
1466,Honda,A4,2003,1600,198500.0,21.0,Hybrid,Automatic,Second owner
1467,Nissan,C-Class,2022,28600,27500.0,2.0,Petrol,Manual,Second owner
1468,Audi,Elantra,1999,35200,106000.0,25.0,Diesel,Automatic,First owner
1469,Ford,,2016,15000,146500.0,8.0,Electric,Manual,Fleet vehicle
1470,Toyota,Elantra,2001,26200,,23.0,Petrol,Semi-Automatic,First owner
1471,Audi,A4,2009,14600,239500.0,15.0,Diesel,Automatic,Second owner
1472,Nissan,,1996,40200,274500.0,28.0,Diesel,Semi-Automatic,Imported
1473,Chevrolet,F-150,2009,3400,81000.0,15.0,Diesel,Automatic,First owner
1474,Toyota,Impala,2013,25000,,11.0,Gas,Manual,Refurbished
1475,Audi,Elantra,2007,49000,-5000.0,17.0,Diesel,Automatic,Imported
1476,,F-150,2005,25500,177000.0,19.0,Petrol,Automatic,First owner
1477,Nissan,X5,,28700,,,Diesel,Semi-Automatic,First owner
1478,,X5,2021,Error,229000.0,3.0,Diesel,Semi-Automatic,Refurbished
1479,Honda,Elantra,2015,15800,70000.0,9.0,Hybrid,Semi-Automatic,
1480,Ford,Elantra,2004,1900,21000.0,20.0,Hybrid,Semi-Automatic,First owner
1481,Audi,A4,2005,12300,189500.0,19.0,Gas,Semi-Automatic,Refurbished
1482,Ford,Corolla,1991,27900,99500.0,33.0,Diesel,Semi-Automatic,Second owner
1483,Nissan,Altima,1994,4300,30000.0,30.0,Hybrid,Manual,Fleet vehicle
1484,Honda,Elantra,2005,16300,113000.0,19.0,Diesel,Semi-Automatic,First owner
1485,Chevrolet,Civic,2003,27600,171500.0,21.0,Hybrid,Manual,First owner
1486,Honda,Corolla,1998,18400,291000.0,26.0,Electric,Manual,First owner
1487,Audi,Impala,2015,6200,226000.0,9.0,Petrol,Manual,Second owner
1488,Honda,Corolla,Year?,37200,,,Gas,Manual,Imported
1489,Chevrolet,Elantra,2016,33400,3000.0,8.0,Petrol,Semi-Automatic,Imported
1490,Ford,F-150,2015,11900,176000.0,9.0,Diesel,Automatic,Imported
1491,Honda,Elantra,2009,13600,,15.0,Petrol,Automatic,Refurbished
1492,Ford,C-Class,2023,23100,287000.0,1.0,Hybrid,Manual,Imported
1493,Audi,Sportage,,27400,279500.0,,Petrol,Manual,Second owner
1494,BMW,X5,2022,9600,122000.0,2.0,Gas,Manual,Second owner
1495,Audi,C-Class,1994,2800,42500.0,30.0,Gas,Manual,Refurbished
1496,Audi,Altima,2021,11900,46500.0,3.0,Electric,Semi-Automatic,Refurbished
1497,,X5,2015,10000,47500.0,9.0,Petrol,Semi-Automatic,First owner
1498,???,Civic,2001,5200,275500.0,23.0,Electric,Semi-Automatic,Imported
1499,Toyota,Altima,2013,45900,,11.0,Hybrid,Automatic,Refurbished
1500,Ford,Elantra,1990,46100,,34.0,Hybrid,Automatic,
1501,Chevrolet,,2002,35100,101000.0,22.0,Diesel,Semi-Automatic,Imported
1502,Hyundai,X5,2010,42600,203000.0,14.0,Petrol,Automatic,
1503,Mercedes,X5,2005,20200,256500.0,19.0,Electric,Semi-Automatic,Imported
1504,Chevrolet,Altima,2022,13000,135500.0,2.0,Petrol,Automatic,
1505,Nissan,Impala,1993,2800,-5000.0,31.0,Hybrid,Semi-Automatic,Second owner
1506,Kia,A4,2005,42500,234000.0,19.0,Gas,Semi-Automatic,Fleet vehicle
1507,Toyota,X5,Year?,8700,90500.0,,Diesel,Manual,Refurbished
1508,Hyundai,Altima,2002,3600,296000.0,22.0,Diesel,Manual,Refurbished
1509,Audi,F-150,2013,2500,165000.0,11.0,Petrol,Automatic,Imported
1510,BMW,Altima,2015,,175000.0,9.0,Electric,Manual,First owner
1511,Mercedes,Altima,2004,24600,115500.0,20.0,Diesel,Automatic,Second owner
1512,Nissan,Impala,2007,26500,73500.0,17.0,Diesel,Automatic,
1513,Toyota,Impala,2001,21600,184500.0,23.0,Diesel,Automatic,Second owner
1514,Mercedes,X5,1996,2100,276500.0,28.0,Gas,Semi-Automatic,First owner
1515,Nissan,Civic,2013,36300,207000.0,11.0,Petrol,Automatic,
1516,Toyota,Sportage,2017,32000,169000.0,7.0,Hybrid,Manual,
1517,Honda,Altima,2008,20700,161000.0,16.0,Electric,Manual,Refurbished
1518,Nissan,A4,1995,43000,256500.0,29.0,Petrol,Manual,First owner
1519,Nissan,A4,2016,36100,252500.0,8.0,Diesel,Semi-Automatic,Fleet vehicle
1520,Toyota,X5,2002,23300,83500.0,22.0,Gas,Manual,Second owner
1521,Toyota,X5,2006,29500,57500.0,18.0,Gas,Manual,
1522,Chevrolet,F-150,2022,23800,60500.0,2.0,Hybrid,Manual,Imported
1523,Ford,A4,1999,29000,249500.0,25.0,Hybrid,Manual,
1524,Audi,Civic,2015,Error,193500.0,9.0,Electric,Manual,Fleet vehicle
1525,Kia,C-Class,2003,28600,53000.0,21.0,Diesel,Manual,Refurbished
1526,Nissan,Altima,2014,42700,11000.0,10.0,Petrol,Automatic,Imported
1527,Toyota,X5,2010,10800,32000.0,14.0,Petrol,Semi-Automatic,Refurbished
1528,Mercedes,X5,1990,14900,258500.0,34.0,Petrol,Manual,
1529,Mercedes,Elantra,2015,,139500.0,9.0,Diesel,Semi-Automatic,Imported
1530,Kia,C-Class,1991,43100,260000.0,33.0,Diesel,Semi-Automatic,Imported
1531,Kia,Civic,2006,3100,140000.0,18.0,Gas,Semi-Automatic,
1532,Kia,A4,1994,7300,7500.0,30.0,Hybrid,Manual,First owner
1533,Nissan,Civic,2000,40600,268500.0,24.0,Hybrid,Semi-Automatic,
1534,Nissan,C-Class,1995,Error,251000.0,29.0,Diesel,Manual,Fleet vehicle
1535,Honda,Altima,2006,34600,43000.0,18.0,Electric,Manual,
1536,BMW,Impala,2007,2100,205500.0,17.0,Gas,Semi-Automatic,Second owner
1537,Hyundai,Impala,1997,37100,28500.0,27.0,Petrol,Manual,Fleet vehicle
1538,Ford,Unknown,2008,41000,110500.0,16.0,Gas,Manual,Refurbished
1539,Ford,Impala,2010,32300,264500.0,14.0,Diesel,Manual,
1540,Toyota,Sportage,2007,13400,145000.0,17.0,Diesel,Semi-Automatic,Fleet vehicle
1541,Ford,F-150,2004,30200,62500.0,20.0,Diesel,Semi-Automatic,Imported
1542,Nissan,Impala,2021,41000,14000.0,3.0,Electric,Manual,Refurbished
1543,BMW,Corolla,1998,6100,211500.0,26.0,Petrol,Automatic,
1544,Honda,C-Class,2008,18100,172500.0,16.0,Hybrid,Automatic,
1545,Chevrolet,Impala,2017,43100,11000.0,7.0,Petrol,Automatic,
1546,Nissan,Impala,Year?,48400,,,Diesel,Semi-Automatic,Second owner
1547,Nissan,Civic,,40100,4500.0,,Electric,Manual,First owner
1548,Audi,C-Class,1990,45600,179500.0,34.0,Gas,Manual,
1549,Hyundai,X5,1999,46600,57500.0,25.0,Diesel,Manual,Second owner
1550,Audi,Corolla,2013,41700,67000.0,11.0,Diesel,Manual,Fleet vehicle
1551,Mercedes,A4,1997,41800,293000.0,27.0,Gas,Manual,Fleet vehicle
1552,Toyota,Sportage,2019,25300,124000.0,5.0,Diesel,Automatic,First owner
1553,???,Elantra,2018,33400,29500.0,6.0,Gas,Manual,Second owner
1554,Audi,Altima,2005,16000,80500.0,19.0,Petrol,Semi-Automatic,Fleet vehicle
1555,Audi,Elantra,2009,7700,64500.0,15.0,Diesel,Semi-Automatic,
1556,Ford,C-Class,1998,32700,258500.0,26.0,Diesel,Manual,Imported
1557,Chevrolet,X5,1992,,226500.0,32.0,Petrol,Semi-Automatic,Fleet vehicle
1558,Honda,F-150,2022,6100,186000.0,2.0,Electric,Semi-Automatic,Refurbished
1559,Toyota,C-Class,2007,46300,160000.0,17.0,Gas,Semi-Automatic,Refurbished
1560,Honda,Sportage,2023,45200,28500.0,1.0,Diesel,Automatic,Fleet vehicle
1561,Audi,Impala,2014,24900,-5000.0,10.0,Gas,Semi-Automatic,Refurbished
1562,Honda,A4,2007,27100,123500.0,17.0,Gas,Semi-Automatic,Imported
1563,Toyota,Altima,1995,37600,81000.0,29.0,Gas,Automatic,First owner
1564,Chevrolet,Elantra,1992,12200,286000.0,32.0,Hybrid,Automatic,
1565,BMW,Sportage,2009,29500,138500.0,15.0,Electric,Automatic,
1566,Ford,F-150,2018,Error,188000.0,6.0,Diesel,Semi-Automatic,Imported
1567,Hyundai,Corolla,2016,-1,-5000.0,8.0,Diesel,Automatic,Fleet vehicle
1568,Audi,Unknown,2021,13400,283500.0,3.0,Electric,Automatic,Refurbished
1569,BMW,Civic,0,12200,,,Petrol,Manual,
1570,Chevrolet,Impala,1998,42300,21500.0,26.0,Gas,Automatic,
1571,Honda,F-150,1998,19300,220500.0,26.0,Electric,Automatic,Second owner
1572,Audi,Impala,1990,41700,-5000.0,34.0,Diesel,Automatic,Second owner
1573,Nissan,Civic,2006,32400,265500.0,18.0,Hybrid,Automatic,
1574,Nissan,,2022,9700,151000.0,2.0,Diesel,Manual,
1575,Honda,A4,2004,8800,44000.0,20.0,Diesel,Semi-Automatic,First owner
1576,Hyundai,Civic,0,17400,,,Hybrid,Manual,Second owner
1577,Chevrolet,Impala,1994,14700,122500.0,30.0,Petrol,Manual,
1578,Ford,X5,1995,39900,246500.0,29.0,Petrol,Semi-Automatic,First owner
1579,BMW,Sportage,0,48700,285000.0,,Diesel,Manual,Imported
1580,Toyota,Civic,2005,,180500.0,19.0,Diesel,Automatic,Imported
1581,,A4,2015,18000,-5000.0,9.0,Gas,Automatic,Refurbished
1582,Hyundai,C-Class,2017,42400,222500.0,7.0,Diesel,Automatic,Refurbished
1583,Hyundai,F-150,1991,13600,163000.0,33.0,Hybrid,Manual,Refurbished
1584,Ford,Civic,2015,21800,104500.0,9.0,Hybrid,Manual,Refurbished
1585,Ford,F-150,2007,31100,17000.0,17.0,Petrol,Automatic,
1586,Audi,Impala,2023,20500,203500.0,1.0,Electric,Semi-Automatic,First owner
1587,BMW,Altima,2015,43300,285000.0,9.0,Gas,Semi-Automatic,Imported
1588,Kia,Elantra,2016,13600,114000.0,8.0,Hybrid,Automatic,Fleet vehicle
1589,Nissan,Altima,2006,25000,,18.0,Hybrid,Automatic,First owner
1590,BMW,Altima,2002,23000,220500.0,22.0,Hybrid,Automatic,Second owner
1591,Honda,Civic,2005,9100,148500.0,19.0,Petrol,Automatic,Second owner
1592,Nissan,Elantra,1994,13300,288000.0,30.0,Hybrid,Manual,First owner
1593,,X5,2013,26400,132500.0,11.0,Hybrid,Manual,
1594,Ford,X5,1998,-1,116500.0,26.0,Gas,Manual,Second owner
1595,BMW,X5,2008,29300,,16.0,Gas,Semi-Automatic,First owner
1596,Toyota,C-Class,1994,33300,219500.0,30.0,Gas,Automatic,First owner
1597,Honda,C-Class,1995,-1,142000.0,29.0,Diesel,Manual,
1598,Chevrolet,Civic,1995,10300,284000.0,29.0,Diesel,Manual,Second owner
1599,Chevrolet,X5,2019,6100,95500.0,5.0,Petrol,Semi-Automatic,First owner
1600,Kia,Sportage,2011,45100,26000.0,13.0,Hybrid,Manual,First owner
1601,Mercedes,Unknown,2011,42600,294500.0,13.0,Electric,Automatic,Second owner
1602,Toyota,C-Class,2023,45300,213000.0,1.0,Diesel,Manual,
1603,BMW,X5,1995,29900,79000.0,29.0,Hybrid,Semi-Automatic,
1604,Nissan,Civic,1997,36500,,27.0,Electric,Automatic,Imported
1605,Toyota,Elantra,Year?,48700,58000.0,,Electric,Manual,Imported
1606,BMW,Corolla,2012,41900,209000.0,12.0,Petrol,Manual,Fleet vehicle
1607,BMW,Impala,1992,13800,96500.0,32.0,Diesel,Semi-Automatic,Refurbished
1608,Ford,Civic,2004,9400,76500.0,20.0,Gas,Semi-Automatic,
1609,Toyota,Altima,,46600,167000.0,,Electric,Manual,Refurbished
1610,Honda,A4,1990,,90000.0,34.0,Hybrid,Semi-Automatic,Second owner
1611,Toyota,Impala,2004,5500,255000.0,20.0,Diesel,Automatic,
1612,Toyota,Impala,1995,29300,-5000.0,29.0,Petrol,Semi-Automatic,Imported
1613,Ford,Elantra,2012,37900,293000.0,12.0,Gas,Manual,Fleet vehicle
1614,Hyundai,Sportage,1996,-1,39500.0,28.0,Hybrid,Automatic,Fleet vehicle
1615,Audi,Corolla,2009,33700,199500.0,15.0,Electric,Semi-Automatic,First owner
1616,Nissan,,1991,43500,40500.0,33.0,Gas,Semi-Automatic,Fleet vehicle
1617,Ford,Sportage,2006,20800,55500.0,18.0,Petrol,Manual,First owner
1618,BMW,Altima,2006,35500,1000.0,18.0,Gas,Semi-Automatic,Imported
1619,BMW,F-150,2007,29000,-5000.0,17.0,Electric,Semi-Automatic,Fleet vehicle
1620,Chevrolet,Unknown,0,21900,16500.0,,Petrol,Automatic,Fleet vehicle
1621,Kia,Impala,2023,41900,-5000.0,1.0,Electric,Manual,Second owner
1622,BMW,Corolla,2009,18900,32500.0,15.0,Hybrid,Semi-Automatic,Second owner
1623,Nissan,X5,2001,36100,170000.0,23.0,Diesel,Semi-Automatic,Imported
1624,Kia,A4,2006,3600,45500.0,18.0,Diesel,Automatic,Second owner
1625,BMW,A4,2009,20700,220500.0,15.0,Petrol,Manual,Imported
1626,Kia,Civic,2011,24500,167000.0,13.0,Hybrid,Automatic,
1627,BMW,Civic,2009,11600,174500.0,15.0,Hybrid,Automatic,Imported
1628,Nissan,Altima,2023,23400,249500.0,1.0,Petrol,Semi-Automatic,
1629,Nissan,F-150,2015,Error,271500.0,9.0,Diesel,Manual,
1630,BMW,C-Class,1997,2200,59000.0,27.0,Petrol,Automatic,
1631,Chevrolet,Elantra,2010,Error,225000.0,14.0,Gas,Semi-Automatic,Fleet vehicle
1632,Toyota,Elantra,1990,,-5000.0,34.0,Hybrid,Automatic,Imported
1633,Audi,Civic,1991,42500,126000.0,33.0,Electric,Automatic,Refurbished
1634,Honda,X5,2003,13300,,21.0,Diesel,Manual,Imported
1635,Mercedes,Civic,2015,9500,,9.0,Hybrid,Automatic,Imported
1636,Ford,C-Class,2021,41300,,3.0,Electric,Automatic,Fleet vehicle
1637,Kia,C-Class,2018,32400,106000.0,6.0,Petrol,Semi-Automatic,
1638,???,Corolla,2009,33100,18500.0,15.0,Hybrid,Semi-Automatic,First owner
1639,Hyundai,Impala,1997,42700,95500.0,27.0,Petrol,Semi-Automatic,Fleet vehicle
1640,Audi,Corolla,2006,35900,160000.0,18.0,Petrol,Manual,Fleet vehicle
1641,Honda,Civic,2017,24900,238500.0,7.0,Diesel,Manual,
1642,Toyota,Altima,1990,4500,157500.0,34.0,Hybrid,Automatic,Fleet vehicle
1643,Toyota,Elantra,2012,13600,259500.0,12.0,Petrol,Automatic,Fleet vehicle
1644,Honda,Altima,1990,27700,77000.0,34.0,Diesel,Semi-Automatic,Second owner
1645,Honda,C-Class,1997,4000,29000.0,27.0,Electric,Manual,Fleet vehicle
1646,Toyota,A4,2013,2700,95500.0,11.0,Hybrid,Semi-Automatic,Fleet vehicle
1647,Mercedes,Sportage,2023,12700,283000.0,1.0,Petrol,Semi-Automatic,Fleet vehicle
1648,Honda,Elantra,2018,28900,83500.0,6.0,Diesel,Manual,First owner
1649,Chevrolet,Civic,1990,-1,107500.0,34.0,Electric,Automatic,
1650,Kia,X5,1994,17900,244000.0,30.0,Electric,Manual,
1651,Audi,F-150,2020,-1,37500.0,4.0,Hybrid,Manual,Imported
1652,,Corolla,2000,26100,244000.0,24.0,Gas,Manual,Second owner
1653,Mercedes,X5,2009,,173000.0,15.0,Petrol,Manual,
1654,Toyota,Corolla,1998,9900,,26.0,Hybrid,Automatic,Second owner
1655,Chevrolet,Elantra,2020,40400,249500.0,4.0,Petrol,Automatic,Imported
1656,Ford,A4,1998,6800,180000.0,26.0,Gas,Semi-Automatic,First owner
1657,Nissan,Civic,2023,7300,264500.0,1.0,Petrol,Automatic,First owner
1658,Nissan,Civic,2010,16100,252500.0,14.0,Gas,Automatic,Fleet vehicle
1659,Mercedes,Impala,2022,7400,105500.0,2.0,Diesel,Semi-Automatic,Imported
1660,Audi,,2009,20100,37500.0,15.0,Gas,Manual,First owner
1661,Chevrolet,A4,2009,42800,197500.0,15.0,Diesel,Automatic,Second owner
1662,BMW,Sportage,2012,44400,263000.0,12.0,Petrol,Automatic,
1663,BMW,Corolla,2003,17300,192000.0,21.0,Electric,Manual,Second owner
1664,Audi,F-150,2015,37600,,9.0,Hybrid,Automatic,
1665,Mercedes,Corolla,2005,23900,235500.0,19.0,Diesel,Semi-Automatic,Second owner
1666,Audi,Altima,2006,11600,133000.0,18.0,Electric,Automatic,Fleet vehicle
1667,Nissan,A4,2002,23400,26500.0,22.0,Hybrid,Manual,Imported
1668,Ford,Elantra,2020,Error,24000.0,4.0,Petrol,Manual,Fleet vehicle
1669,Honda,Corolla,1996,17000,105000.0,28.0,Gas,Automatic,Second owner
1670,Nissan,Altima,Year?,46000,33500.0,,Electric,Automatic,Imported
1671,Mercedes,Sportage,2000,4200,,24.0,Hybrid,Manual,Refurbished
1672,BMW,Altima,2015,26000,278500.0,9.0,Hybrid,Manual,Fleet vehicle
1673,BMW,X5,0,30500,267000.0,,Gas,Automatic,
1674,BMW,F-150,1992,12700,48000.0,32.0,Gas,Manual,Fleet vehicle
1675,Audi,F-150,2003,42200,199000.0,21.0,Gas,Automatic,Refurbished
1676,???,Impala,1994,24500,254500.0,30.0,Gas,Manual,Refurbished
1677,BMW,Altima,1990,5300,-5000.0,34.0,Diesel,Automatic,Imported
1678,Kia,A4,2020,20200,45000.0,4.0,Gas,Manual,Refurbished
1679,Chevrolet,F-150,1998,2700,-5000.0,26.0,Gas,Automatic,Second owner
1680,Kia,A4,2020,36000,176500.0,4.0,Electric,Manual,Refurbished
1681,Ford,Corolla,1996,9700,269500.0,28.0,Electric,Automatic,Imported
1682,Honda,X5,2003,10200,209500.0,21.0,Gas,Automatic,Second owner
1683,BMW,Altima,2015,23500,56000.0,9.0,Hybrid,Automatic,First owner
1684,BMW,Civic,2012,49100,221000.0,12.0,Diesel,Manual,Refurbished
1685,Chevrolet,Civic,2023,11600,196000.0,1.0,Electric,Automatic,Refurbished
1686,Ford,Civic,2002,39400,217000.0,22.0,Gas,Semi-Automatic,Refurbished
1687,,Sportage,2002,20200,97000.0,22.0,Gas,Manual,Refurbished
1688,BMW,Impala,2005,7300,11500.0,19.0,Diesel,Automatic,Fleet vehicle
1689,,Impala,2014,42900,90500.0,10.0,Hybrid,Manual,
1690,Toyota,X5,1995,42400,54000.0,29.0,Hybrid,Semi-Automatic,Second owner
1691,Nissan,Civic,2002,12700,21500.0,22.0,Gas,Manual,First owner
1692,Hyundai,,2023,17100,,1.0,Gas,Automatic,Refurbished
1693,,C-Class,Year?,19800,52500.0,,Hybrid,Semi-Automatic,Second owner
1694,Toyota,Sportage,1990,35700,233500.0,34.0,Diesel,Semi-Automatic,Fleet vehicle
1695,Audi,A4,1992,,298500.0,32.0,Hybrid,Manual,First owner
1696,Toyota,X5,2019,31800,299000.0,5.0,Electric,Automatic,
1697,Chevrolet,Elantra,2003,7600,,21.0,Electric,Manual,
1698,Audi,A4,2016,44100,244000.0,8.0,Diesel,Manual,Imported
1699,Honda,Impala,2022,41700,146000.0,2.0,Petrol,Automatic,Imported
1700,Ford,Elantra,1993,13300,219500.0,31.0,Gas,Semi-Automatic,Fleet vehicle
1701,Hyundai,Elantra,2000,11200,31500.0,24.0,Hybrid,Semi-Automatic,Imported
1702,BMW,Sportage,1992,6200,123500.0,32.0,Hybrid,Automatic,Fleet vehicle
1703,Chevrolet,Impala,2018,-1,32000.0,6.0,Electric,Manual,First owner
1704,Toyota,Civic,2016,45500,20500.0,8.0,Gas,Manual,Second owner
1705,Chevrolet,Elantra,2019,13100,-5000.0,5.0,Gas,Manual,Refurbished
1706,???,C-Class,2016,22900,,8.0,Petrol,Semi-Automatic,Fleet vehicle
1707,Audi,Elantra,1998,13400,38500.0,26.0,Hybrid,Semi-Automatic,Fleet vehicle
1708,Kia,Civic,2015,28400,215500.0,9.0,Diesel,Semi-Automatic,
1709,Hyundai,Civic,2023,-1,129500.0,1.0,Hybrid,Manual,Second owner
1710,Nissan,C-Class,2019,25900,62500.0,5.0,Gas,Automatic,Second owner
1711,Audi,C-Class,2006,38500,205000.0,18.0,Gas,Semi-Automatic,First owner
1712,Chevrolet,Altima,2015,44000,172000.0,9.0,Electric,Semi-Automatic,Second owner
1713,Mercedes,Corolla,2003,41700,,21.0,Electric,Semi-Automatic,Second owner
1714,Mercedes,Impala,1991,44900,27000.0,33.0,Hybrid,Semi-Automatic,Imported
1715,Hyundai,C-Class,2017,15200,163500.0,7.0,Hybrid,Automatic,Fleet vehicle
1716,Toyota,Sportage,1997,37900,-5000.0,27.0,Diesel,Automatic,Refurbished
1717,Toyota,Altima,1996,2800,110500.0,28.0,Diesel,Automatic,
1718,Kia,A4,2014,29100,-5000.0,10.0,Diesel,Manual,Refurbished
1719,Ford,Altima,1991,44400,229500.0,33.0,Diesel,Semi-Automatic,First owner
1720,Kia,Corolla,2006,15200,263000.0,18.0,Gas,Manual,Second owner
1721,Kia,Civic,2004,27400,294000.0,20.0,Gas,Manual,Refurbished
1722,Kia,Impala,2021,,285500.0,3.0,Diesel,Automatic,First owner
1723,Ford,C-Class,1999,19700,83500.0,25.0,Electric,Semi-Automatic,
1724,BMW,Altima,1998,2900,241000.0,26.0,Hybrid,Manual,First owner
1725,Hyundai,C-Class,1999,27900,118000.0,25.0,Diesel,Semi-Automatic,Fleet vehicle
1726,,C-Class,2006,32900,-5000.0,18.0,Gas,Semi-Automatic,First owner
1727,Mercedes,X5,2000,14300,195000.0,24.0,Diesel,Automatic,First owner
1728,Hyundai,Impala,1994,29700,,30.0,Gas,Manual,Fleet vehicle
1729,Honda,X5,1992,44800,197500.0,32.0,Petrol,Manual,Refurbished
1730,Kia,Corolla,1998,-1,298500.0,26.0,Gas,Semi-Automatic,Refurbished
1731,Hyundai,Altima,2007,7200,217000.0,17.0,Petrol,Semi-Automatic,First owner
1732,Ford,Corolla,2021,32500,200000.0,3.0,Diesel,Manual,Second owner
1733,Hyundai,F-150,2015,49200,267000.0,9.0,Electric,Semi-Automatic,
1734,Honda,Sportage,2016,26400,169000.0,8.0,Gas,Semi-Automatic,Second owner
1735,Chevrolet,Unknown,2020,33100,251500.0,4.0,Diesel,Semi-Automatic,
1736,Ford,A4,1997,37000,70500.0,27.0,Diesel,Manual,First owner
1737,BMW,Elantra,1998,2900,163500.0,26.0,Petrol,Semi-Automatic,Imported
1738,Ford,X5,2021,42200,158500.0,3.0,Electric,Manual,Second owner
1739,Nissan,Corolla,2016,,154000.0,8.0,Petrol,Semi-Automatic,First owner
1740,Mercedes,F-150,1990,7100,32500.0,34.0,Diesel,Semi-Automatic,Fleet vehicle
1741,BMW,,2019,21000,253000.0,5.0,Electric,Semi-Automatic,Second owner
1742,Honda,F-150,2002,30000,52500.0,22.0,Hybrid,Manual,Imported
1743,Ford,Corolla,2010,24600,96000.0,14.0,Electric,Semi-Automatic,
1744,Audi,Elantra,2021,10900,134000.0,3.0,Hybrid,Manual,Fleet vehicle
1745,Hyundai,Elantra,1991,8300,64500.0,33.0,Hybrid,Semi-Automatic,First owner
1746,Toyota,Impala,2011,47500,86000.0,13.0,Electric,Automatic,
1747,Audi,Corolla,2001,11300,281000.0,23.0,Hybrid,Semi-Automatic,Imported
1748,Honda,Altima,2008,7800,283000.0,16.0,Hybrid,Manual,
1749,Chevrolet,Corolla,2010,31600,296500.0,14.0,Gas,Manual,Refurbished
1750,Nissan,Impala,1992,26100,215500.0,32.0,Petrol,Automatic,Fleet vehicle
1751,Honda,C-Class,1993,-1,111500.0,31.0,Petrol,Manual,Refurbished
1752,Nissan,A4,1991,20000,34000.0,33.0,Hybrid,Automatic,Second owner
1753,Audi,Corolla,2014,4800,95000.0,10.0,Hybrid,Semi-Automatic,
1754,Audi,Impala,1996,36600,174000.0,28.0,Gas,Automatic,Fleet vehicle
1755,Toyota,Corolla,2022,Error,102500.0,2.0,Electric,Automatic,Second owner
1756,Kia,Altima,1997,31500,257000.0,27.0,Petrol,Automatic,First owner
1757,BMW,Corolla,2018,24600,-5000.0,6.0,Petrol,Manual,First owner
1758,Chevrolet,A4,Year?,30500,106500.0,,Gas,Automatic,Refurbished
1759,Mercedes,Civic,2015,28800,189000.0,9.0,Petrol,Semi-Automatic,Fleet vehicle
1760,Audi,Corolla,1990,,261000.0,34.0,Petrol,Automatic,
1761,Chevrolet,X5,1999,25700,214000.0,25.0,Petrol,Manual,Second owner
1762,Hyundai,A4,2004,8000,2500.0,20.0,Hybrid,Semi-Automatic,Refurbished
1763,Honda,F-150,2000,45200,82500.0,24.0,Hybrid,Manual,Refurbished
1764,Kia,A4,2011,35000,64500.0,13.0,Gas,Semi-Automatic,Fleet vehicle
1765,Audi,Altima,1998,23700,17500.0,26.0,Hybrid,Manual,Second owner
1766,Kia,Altima,2019,8600,198000.0,5.0,Electric,Automatic,First owner
1767,Nissan,Civic,2007,25100,141000.0,17.0,Petrol,Manual,
1768,Ford,Impala,2010,4000,,14.0,Petrol,Manual,
1769,Toyota,Civic,2000,35700,59000.0,24.0,Petrol,Manual,Second owner
1770,Chevrolet,Impala,1991,28700,-5000.0,33.0,Electric,Automatic,Imported
1771,Nissan,Corolla,0,33600,27500.0,,Electric,Manual,Fleet vehicle
1772,Chevrolet,Sportage,1995,26700,263500.0,29.0,Diesel,Automatic,
1773,BMW,Elantra,1991,18900,250000.0,33.0,Electric,Manual,Fleet vehicle
1774,Ford,F-150,2023,44600,-5000.0,1.0,Hybrid,Automatic,Second owner
1775,Honda,Elantra,1998,25700,299000.0,26.0,Diesel,Automatic,Imported
1776,BMW,F-150,2014,33200,165500.0,10.0,Electric,Manual,Second owner
1777,Mercedes,Unknown,1992,39900,165000.0,32.0,Petrol,Manual,Imported
1778,Honda,X5,2008,2400,260000.0,16.0,Hybrid,Manual,Refurbished
1779,Ford,Altima,2014,8800,172000.0,10.0,Petrol,Automatic,
1780,Toyota,Civic,2010,16400,192000.0,14.0,Diesel,Automatic,First owner
1781,BMW,A4,2006,5400,99000.0,18.0,Hybrid,Semi-Automatic,Imported
1782,Mercedes,Elantra,1993,24700,176500.0,31.0,Diesel,Manual,Imported
1783,Ford,Corolla,2014,10900,52500.0,10.0,Diesel,Semi-Automatic,Second owner
1784,Chevrolet,Elantra,2018,49900,13000.0,6.0,Electric,Manual,Refurbished
1785,Hyundai,F-150,2019,15900,126000.0,5.0,Gas,Semi-Automatic,Fleet vehicle
1786,BMW,Altima,2005,16900,,19.0,Electric,Manual,Imported
1787,Audi,,2010,11900,284000.0,14.0,Hybrid,Manual,First owner
1788,Audi,Impala,2003,41000,170000.0,21.0,Electric,Manual,Imported
1789,Hyundai,F-150,1996,25700,159000.0,28.0,Petrol,Manual,First owner
1790,,Impala,2017,28900,289500.0,7.0,Gas,Semi-Automatic,First owner
1791,Chevrolet,Corolla,2017,27900,5500.0,7.0,Hybrid,Manual,Fleet vehicle
1792,Chevrolet,C-Class,2009,8700,285000.0,15.0,Diesel,Automatic,
1793,Audi,C-Class,2014,2900,136000.0,10.0,Diesel,Semi-Automatic,Imported
1794,Kia,A4,2002,31700,203000.0,22.0,Petrol,Automatic,Imported
1795,Mercedes,Corolla,2007,29000,88000.0,17.0,Diesel,Manual,Fleet vehicle
1796,Kia,Altima,2019,11300,277000.0,5.0,Gas,Manual,Second owner
1797,Honda,Civic,2023,45400,157000.0,1.0,Gas,Manual,Refurbished
1798,Ford,Elantra,1991,25700,282500.0,33.0,Gas,Automatic,Refurbished
1799,Kia,Impala,2012,24400,199000.0,12.0,Electric,Manual,Fleet vehicle
1800,Chevrolet,Elantra,2010,21400,69500.0,14.0,Diesel,Semi-Automatic,Imported
1801,???,Altima,2003,3600,298000.0,21.0,Electric,Automatic,Imported
1802,Honda,Civic,1995,29800,20500.0,29.0,Gas,Semi-Automatic,
1803,Ford,Altima,1999,30900,166000.0,25.0,Hybrid,Manual,
1804,Hyundai,A4,1999,37800,227000.0,25.0,Electric,Semi-Automatic,
1805,Kia,Impala,2017,17300,172000.0,7.0,Diesel,Automatic,Fleet vehicle
1806,Toyota,Altima,1992,25200,216500.0,32.0,Gas,Semi-Automatic,
1807,Honda,Sportage,2002,41600,176500.0,22.0,Petrol,Automatic,Imported
1808,Nissan,Impala,2011,49700,241000.0,13.0,Hybrid,Automatic,Imported
1809,Honda,Corolla,2002,9000,285000.0,22.0,Electric,Automatic,Imported
1810,Hyundai,F-150,2011,15400,199500.0,13.0,Hybrid,Automatic,Imported
1811,Chevrolet,X5,2019,29800,224500.0,5.0,Diesel,Semi-Automatic,
1812,Chevrolet,Corolla,2011,19900,160000.0,13.0,Hybrid,Manual,Imported
1813,Ford,Impala,2001,35900,184000.0,23.0,Petrol,Automatic,Second owner
1814,Hyundai,Altima,,2000,255000.0,,Diesel,Semi-Automatic,Imported
1815,Nissan,Sportage,2014,34000,211500.0,10.0,Gas,Semi-Automatic,First owner
1816,Honda,Sportage,2000,,209500.0,24.0,Petrol,Automatic,First owner
1817,Chevrolet,Impala,1996,3900,175000.0,28.0,Diesel,Automatic,
1818,Mercedes,Impala,2020,15700,278500.0,4.0,Diesel,Automatic,First owner
1819,BMW,X5,2018,35500,236500.0,6.0,Electric,Manual,Imported
1820,Mercedes,Civic,2000,12700,183500.0,24.0,Electric,Automatic,Fleet vehicle
1821,Honda,C-Class,1999,7900,232000.0,25.0,Electric,Manual,Fleet vehicle
1822,Ford,Civic,1993,34100,77500.0,31.0,Petrol,Manual,First owner
1823,Kia,Impala,2002,5400,152500.0,22.0,Hybrid,Semi-Automatic,First owner
1824,Kia,X5,2003,26900,210500.0,21.0,Petrol,Semi-Automatic,Second owner
1825,Audi,Sportage,1993,31000,135000.0,31.0,Diesel,Semi-Automatic,Fleet vehicle
1826,Honda,Civic,2019,48700,119500.0,5.0,Electric,Automatic,First owner
1827,Kia,F-150,1994,,,30.0,Hybrid,Semi-Automatic,Second owner
1828,Toyota,X5,0,37800,114000.0,,Gas,Semi-Automatic,Refurbished
1829,Hyundai,C-Class,1991,12100,297000.0,33.0,Petrol,Semi-Automatic,First owner
1830,Toyota,Sportage,Year?,1100,43500.0,,Gas,Automatic,Refurbished
1831,Kia,Impala,1996,40700,178000.0,28.0,Gas,Manual,Second owner
1832,Toyota,Elantra,2005,36300,140000.0,19.0,Hybrid,Automatic,Fleet vehicle
1833,,Civic,2001,1400,144500.0,23.0,Hybrid,Semi-Automatic,Second owner
1834,Mercedes,Sportage,2016,37000,250000.0,8.0,Electric,Manual,Imported
1835,Nissan,Impala,2010,2600,128500.0,14.0,Petrol,Manual,Refurbished
1836,Audi,A4,1991,47800,,33.0,Gas,Automatic,
1837,Honda,Unknown,1998,14000,285500.0,26.0,Diesel,Automatic,First owner
1838,Kia,Elantra,2009,13700,150500.0,15.0,Diesel,Semi-Automatic,Second owner
1839,Audi,C-Class,,17700,200000.0,,Diesel,Manual,Fleet vehicle
1840,,X5,1995,42400,278500.0,29.0,Hybrid,Semi-Automatic,Fleet vehicle
1841,Audi,Impala,2022,45500,,2.0,Electric,Semi-Automatic,First owner
1842,Mercedes,F-150,2001,1800,11500.0,23.0,Petrol,Semi-Automatic,
1843,Mercedes,Altima,2022,35100,256000.0,2.0,Gas,Semi-Automatic,First owner
1844,Kia,Corolla,1997,46600,59000.0,27.0,Hybrid,Semi-Automatic,First owner
1845,BMW,Impala,2018,,273000.0,6.0,Gas,Manual,First owner
1846,BMW,A4,2015,18200,11000.0,9.0,Gas,Semi-Automatic,Fleet vehicle
1847,BMW,F-150,1996,17200,202500.0,28.0,Diesel,Automatic,Fleet vehicle
1848,BMW,F-150,2019,39600,53500.0,5.0,Hybrid,Semi-Automatic,
1849,Kia,Corolla,1990,23900,285000.0,34.0,Electric,Semi-Automatic,Refurbished
1850,Honda,A4,2022,-1,131000.0,2.0,Gas,Manual,First owner
1851,Honda,C-Class,1997,1000,200500.0,27.0,Petrol,Manual,Fleet vehicle
1852,Mercedes,Civic,2009,45600,,15.0,Electric,Semi-Automatic,Refurbished
1853,Toyota,Elantra,,13000,131500.0,,Hybrid,Semi-Automatic,Refurbished
1854,BMW,Civic,1996,,-5000.0,28.0,Petrol,Manual,
1855,Hyundai,Impala,1994,24700,263500.0,30.0,Hybrid,Semi-Automatic,Fleet vehicle
1856,Nissan,Altima,2003,28800,291000.0,21.0,Electric,Automatic,
1857,Mercedes,C-Class,1991,25600,89500.0,33.0,Electric,Semi-Automatic,Imported
1858,Chevrolet,C-Class,2018,Error,14500.0,6.0,Diesel,Semi-Automatic,Imported
1859,Chevrolet,Impala,2023,3100,2500.0,1.0,Hybrid,Manual,First owner
1860,Honda,Civic,2007,40500,45500.0,17.0,Diesel,Automatic,Fleet vehicle
1861,Nissan,F-150,1993,10400,,31.0,Hybrid,Automatic,
1862,Ford,Civic,1992,,85500.0,32.0,Gas,Semi-Automatic,Fleet vehicle
1863,Nissan,Altima,2015,10800,271000.0,9.0,Diesel,Semi-Automatic,
1864,BMW,Civic,1995,4700,82500.0,29.0,Hybrid,Manual,First owner
1865,Ford,Sportage,2016,8400,70500.0,8.0,Diesel,Automatic,Imported
1866,BMW,F-150,2016,33200,138500.0,8.0,Diesel,Manual,Refurbished
1867,Ford,A4,2023,5300,193500.0,1.0,Electric,Manual,Refurbished
1868,Kia,F-150,1990,22100,277500.0,34.0,Petrol,Manual,Second owner
1869,Ford,Civic,2020,-1,3500.0,4.0,Hybrid,Semi-Automatic,Refurbished
1870,Chevrolet,Civic,2006,12100,124000.0,18.0,Petrol,Semi-Automatic,
1871,Ford,A4,Year?,Error,56000.0,,Hybrid,Automatic,First owner
1872,Hyundai,X5,2006,31100,197000.0,18.0,Gas,Manual,Imported
1873,BMW,Civic,2000,17400,41000.0,24.0,Gas,Semi-Automatic,Second owner
1874,???,Sportage,1996,38300,294000.0,28.0,Electric,Manual,Fleet vehicle
1875,Ford,Corolla,2005,31400,172500.0,19.0,Hybrid,Manual,Fleet vehicle
1876,Audi,A4,1998,,83500.0,26.0,Petrol,Automatic,Refurbished
1877,Toyota,F-150,2012,16000,268500.0,12.0,Gas,Semi-Automatic,Refurbished
1878,Toyota,Unknown,2010,7100,,14.0,Hybrid,Manual,Fleet vehicle
1879,BMW,X5,2006,14300,179500.0,18.0,Petrol,Semi-Automatic,Imported
1880,Toyota,Elantra,1995,35100,171500.0,29.0,Petrol,Semi-Automatic,Fleet vehicle
1881,Hyundai,Civic,2010,13600,173500.0,14.0,Gas,Semi-Automatic,Refurbished
1882,Chevrolet,Civic,2012,32400,200500.0,12.0,Diesel,Automatic,Second owner
1883,Audi,Elantra,2021,42900,297000.0,3.0,Hybrid,Semi-Automatic,Imported
1884,Audi,Corolla,2015,1900,40000.0,9.0,Gas,Semi-Automatic,Imported
1885,Hyundai,Impala,2022,17800,245500.0,2.0,Petrol,Automatic,First owner
1886,Kia,X5,2004,11800,144000.0,20.0,Hybrid,Automatic,
1887,BMW,C-Class,2003,14100,11500.0,21.0,Gas,Manual,Imported
1888,Ford,F-150,2013,6300,-5000.0,11.0,Hybrid,Automatic,Refurbished
1889,Mercedes,C-Class,1992,15600,268500.0,32.0,Gas,Manual,
1890,Mercedes,Civic,1993,15400,22500.0,31.0,Diesel,Automatic,
1891,Toyota,A4,1993,32500,272500.0,31.0,Petrol,Manual,Second owner
1892,Toyota,Elantra,1992,25000,169000.0,32.0,Petrol,Manual,Second owner
1893,Honda,Sportage,1992,23500,,32.0,Hybrid,Automatic,Second owner
1894,Toyota,A4,2016,,97500.0,8.0,Hybrid,Semi-Automatic,First owner
1895,Nissan,F-150,Year?,34800,235500.0,,Electric,Manual,Refurbished
1896,Honda,C-Class,2000,46200,170500.0,24.0,Gas,Manual,Fleet vehicle
1897,Audi,F-150,2023,40700,282000.0,1.0,Gas,Manual,Imported
1898,Audi,Sportage,2005,28800,149000.0,19.0,Petrol,Semi-Automatic,First owner
1899,Hyundai,Elantra,1998,37500,-5000.0,26.0,Gas,Manual,Second owner
1900,Hyundai,C-Class,2022,2800,,2.0,Hybrid,Automatic,Fleet vehicle
1901,Hyundai,Elantra,2014,42700,204500.0,10.0,Diesel,Manual,Second owner
1902,Toyota,F-150,2006,1500,111500.0,18.0,Petrol,Semi-Automatic,Refurbished
1903,Nissan,F-150,2002,27000,-5000.0,22.0,Diesel,Automatic,Second owner
1904,Mercedes,Sportage,1990,32100,214000.0,34.0,Diesel,Manual,Imported
1905,Honda,Elantra,Year?,47700,49500.0,,Hybrid,Automatic,Fleet vehicle
1906,Audi,A4,1996,38600,49000.0,28.0,Hybrid,Semi-Automatic,Refurbished
1907,Honda,Elantra,1994,30400,185500.0,30.0,Gas,Automatic,Second owner
1908,Honda,Elantra,1994,37700,154500.0,30.0,Hybrid,Manual,Refurbished
1909,Chevrolet,C-Class,2006,,215000.0,18.0,Diesel,Manual,Fleet vehicle
1910,Kia,Corolla,2004,47600,123000.0,20.0,Gas,Manual,Imported
1911,Nissan,A4,2016,18300,-5000.0,8.0,Petrol,Manual,First owner
1912,Kia,A4,2003,7600,95500.0,21.0,Petrol,Semi-Automatic,Imported
1913,Ford,Elantra,2021,49200,67000.0,3.0,Diesel,Automatic,
1914,Honda,Altima,2005,17000,71000.0,19.0,Electric,Automatic,Second owner
1915,Audi,A4,2006,38800,4500.0,18.0,Electric,Manual,First owner
1916,BMW,Altima,2013,Error,155000.0,11.0,Gas,Automatic,First owner
1917,Nissan,A4,2022,18700,265000.0,2.0,Electric,Automatic,First owner
1918,Toyota,F-150,2023,Error,280000.0,1.0,Electric,Automatic,Second owner
1919,Kia,Corolla,2000,29900,91000.0,24.0,Hybrid,Manual,Refurbished
1920,BMW,Elantra,0,7700,81500.0,,Petrol,Manual,First owner
1921,Toyota,Sportage,2001,45600,157500.0,23.0,Gas,Manual,Imported
1922,Hyundai,Altima,2019,41900,119500.0,5.0,Gas,Manual,First owner
1923,Honda,X5,1991,17800,291000.0,33.0,Diesel,Semi-Automatic,Second owner
1924,Mercedes,F-150,2012,49700,287000.0,12.0,Hybrid,Semi-Automatic,Second owner
1925,BMW,Altima,2020,48500,133000.0,4.0,Electric,Semi-Automatic,
1926,Hyundai,F-150,1990,,194500.0,34.0,Electric,Manual,Fleet vehicle
1927,Hyundai,Corolla,2006,,,18.0,Hybrid,Manual,Refurbished
1928,Hyundai,Elantra,2015,29400,256500.0,9.0,Diesel,Manual,Fleet vehicle
1929,Honda,X5,2022,39100,136500.0,2.0,Gas,Automatic,Second owner
1930,BMW,Sportage,2023,45000,119500.0,1.0,Petrol,Semi-Automatic,Imported
1931,Hyundai,Civic,2007,14400,254500.0,17.0,Diesel,Manual,Second owner
1932,Hyundai,Elantra,2015,,125000.0,9.0,Diesel,Automatic,Refurbished
1933,Ford,X5,2001,44100,229500.0,23.0,Diesel,Automatic,Refurbished
1934,,Altima,2005,,208000.0,19.0,Hybrid,Semi-Automatic,Fleet vehicle
1935,Hyundai,C-Class,2003,23100,-5000.0,21.0,Electric,Automatic,Fleet vehicle
1936,,Elantra,2015,42100,13500.0,9.0,Hybrid,Semi-Automatic,First owner
1937,Hyundai,Altima,2000,11800,157000.0,24.0,Electric,Semi-Automatic,Fleet vehicle
1938,Honda,F-150,2007,12800,114000.0,17.0,Electric,Manual,Imported
1939,Honda,Sportage,2015,41100,,9.0,Diesel,Manual,Refurbished
1940,???,X5,2016,23100,103500.0,8.0,Hybrid,Automatic,Imported
1941,Ford,Impala,2020,35500,104500.0,4.0,Hybrid,Manual,
1942,Chevrolet,Elantra,2014,1900,206000.0,10.0,Gas,Semi-Automatic,Second owner
1943,Chevrolet,Civic,2021,47700,,3.0,Diesel,Semi-Automatic,Fleet vehicle
1944,???,Corolla,2001,22300,130500.0,23.0,Electric,Semi-Automatic,
1945,Nissan,Altima,2001,16300,96500.0,23.0,Hybrid,Automatic,Fleet vehicle
1946,Nissan,,Year?,30100,280500.0,,Hybrid,Automatic,Fleet vehicle
1947,Hyundai,,2020,11400,84500.0,4.0,Gas,Semi-Automatic,First owner
1948,Audi,Impala,2002,5800,13000.0,22.0,Hybrid,Automatic,Refurbished
1949,Audi,X5,2003,24100,4000.0,21.0,Petrol,Automatic,Fleet vehicle
1950,Hyundai,Civic,2000,33100,40500.0,24.0,Petrol,Manual,Fleet vehicle
1951,Hyundai,C-Class,2010,19700,19000.0,14.0,Petrol,Semi-Automatic,
1952,Toyota,Civic,2001,8700,,23.0,Electric,Automatic,
1953,Kia,Impala,1994,36000,,30.0,Diesel,Automatic,Second owner
1954,,Sportage,2019,12600,,5.0,Electric,Semi-Automatic,First owner
1955,Kia,X5,1998,23300,254500.0,26.0,Electric,Semi-Automatic,First owner
1956,BMW,Sportage,2021,16700,264500.0,3.0,Diesel,Automatic,Second owner
1957,Hyundai,Sportage,2019,23000,14500.0,5.0,Electric,Semi-Automatic,Fleet vehicle
1958,BMW,C-Class,2023,20800,161000.0,1.0,Hybrid,Semi-Automatic,
1959,Audi,Elantra,1992,28600,36500.0,32.0,Petrol,Manual,Fleet vehicle
1960,Mercedes,Corolla,2002,35900,96000.0,22.0,Hybrid,Manual,
1961,BMW,Sportage,,37900,79000.0,,Diesel,Manual,Imported
1962,Nissan,Elantra,2006,35200,273000.0,18.0,Gas,Automatic,
1963,Chevrolet,X5,2023,13700,176500.0,1.0,Diesel,Semi-Automatic,Refurbished
1964,Kia,Corolla,2014,36000,232000.0,10.0,Hybrid,Automatic,Imported
1965,BMW,Corolla,2021,5300,232500.0,3.0,Electric,Manual,Refurbished
1966,BMW,Elantra,2011,47700,159000.0,13.0,Electric,Automatic,Fleet vehicle
1967,Audi,A4,2003,33200,94500.0,21.0,Gas,Manual,Refurbished
1968,Audi,Altima,2021,6800,3500.0,3.0,Hybrid,Automatic,First owner
1969,Chevrolet,Corolla,2005,27500,80500.0,19.0,Petrol,Manual,First owner
1970,Audi,Altima,2000,15800,83500.0,24.0,Diesel,Automatic,First owner
1971,Honda,Corolla,0,41100,88000.0,,Electric,Semi-Automatic,Second owner
1972,Nissan,A4,1992,6700,283500.0,32.0,Electric,Semi-Automatic,First owner
1973,Hyundai,Elantra,1995,44000,97000.0,29.0,Diesel,Automatic,
1974,BMW,Impala,2011,33300,168000.0,13.0,Electric,Manual,
1975,Ford,Corolla,2000,-1,253500.0,24.0,Hybrid,Semi-Automatic,Imported
1976,Hyundai,Corolla,2003,43800,225000.0,21.0,Electric,Manual,
1977,Mercedes,Altima,2000,11200,1500.0,24.0,Diesel,Semi-Automatic,Refurbished
1978,???,Corolla,2007,27800,199500.0,17.0,Electric,Automatic,First owner
1979,Mercedes,Sportage,2005,6300,105500.0,19.0,Hybrid,Semi-Automatic,Imported
1980,Hyundai,F-150,1990,27200,225000.0,34.0,Gas,Automatic,Refurbished
1981,Audi,,2000,33900,,24.0,Diesel,Semi-Automatic,Second owner
1982,Mercedes,C-Class,2016,46100,206500.0,8.0,Diesel,Semi-Automatic,Imported
1983,Audi,A4,2014,15500,32000.0,10.0,Petrol,Manual,Refurbished
1984,Hyundai,Altima,2023,18100,82000.0,1.0,Petrol,Semi-Automatic,Refurbished
1985,Mercedes,F-150,2018,30400,175000.0,6.0,Electric,Automatic,Imported
1986,Hyundai,Elantra,2012,39100,296000.0,12.0,Diesel,Manual,Imported
1987,Ford,Sportage,1991,49400,26500.0,33.0,Petrol,Semi-Automatic,Imported
1988,Kia,C-Class,1992,12500,261500.0,32.0,Electric,Automatic,First owner
1989,Honda,C-Class,2015,43700,154500.0,9.0,Diesel,Manual,Imported
1990,Kia,C-Class,1992,10500,74000.0,32.0,Hybrid,Manual,
1991,BMW,Civic,2018,9400,225000.0,6.0,Petrol,Automatic,Imported
1992,Nissan,A4,2004,30500,265000.0,20.0,Gas,Automatic,Fleet vehicle
1993,Honda,C-Class,2007,2900,159500.0,17.0,Diesel,Semi-Automatic,Refurbished
1994,Chevrolet,Civic,1990,26400,192500.0,34.0,Petrol,Manual,Refurbished
1995,Ford,Corolla,2017,1300,54000.0,7.0,Diesel,Automatic,First owner
1996,Audi,C-Class,2019,20900,101500.0,5.0,Diesel,Semi-Automatic,
1997,Kia,Elantra,1997,49100,181000.0,27.0,Petrol,Semi-Automatic,First owner
1998,Honda,Altima,2006,4500,265500.0,18.0,Hybrid,Automatic,Refurbished
1999,BMW,Sportage,2017,48900,250500.0,7.0,Electric,Manual,First owner
2000,Audi,F-150,2007,39300,55500.0,17.0,Hybrid,Semi-Automatic,Second owner
2001,,Corolla,2020,13800,90500.0,4.0,Electric,Manual,Refurbished
2002,Nissan,Corolla,2012,48700,124000.0,12.0,Petrol,Manual,Second owner
2003,Kia,Sportage,Year?,-1,251500.0,,Petrol,Automatic,Refurbished
2004,BMW,Impala,2022,32400,245000.0,2.0,Petrol,Automatic,Second owner
2005,Kia,Sportage,2018,49100,144000.0,6.0,Petrol,Automatic,Second owner
2006,Honda,Corolla,1993,Error,103000.0,31.0,Hybrid,Automatic,Refurbished
2007,Chevrolet,Altima,1998,41800,190500.0,26.0,Petrol,Automatic,Second owner
2008,Toyota,X5,2004,7400,112000.0,20.0,Hybrid,Automatic,First owner
2009,Nissan,Altima,2021,22100,295000.0,3.0,Petrol,Manual,
2010,Ford,Corolla,2020,30200,12500.0,4.0,Hybrid,Automatic,
2011,Nissan,Sportage,1999,2500,59500.0,25.0,Petrol,Semi-Automatic,Imported
2012,BMW,C-Class,2000,45300,171000.0,24.0,Electric,Manual,Second owner
2013,Ford,Elantra,2019,28700,268500.0,5.0,Gas,Manual,Refurbished
2014,Nissan,Civic,2011,28300,40500.0,13.0,Petrol,Manual,Second owner
2015,Audi,Civic,1990,38800,18500.0,34.0,Electric,Semi-Automatic,First owner
2016,Chevrolet,F-150,2013,,224500.0,11.0,Hybrid,Automatic,Imported
2017,Ford,C-Class,2006,16200,-5000.0,18.0,Hybrid,Manual,Second owner
2018,Honda,Elantra,2018,40800,131500.0,6.0,Hybrid,Semi-Automatic,Imported
2019,Honda,F-150,1998,,253000.0,26.0,Diesel,Manual,
2020,Toyota,X5,2003,2300,77000.0,21.0,Petrol,Manual,Fleet vehicle
2021,Mercedes,X5,2013,47100,125000.0,11.0,Diesel,Semi-Automatic,Refurbished
2022,Chevrolet,Impala,1993,23300,268000.0,31.0,Diesel,Semi-Automatic,
2023,???,Altima,2016,-1,-5000.0,8.0,Electric,Semi-Automatic,Imported
2024,Nissan,Elantra,1996,23600,152500.0,28.0,Electric,Manual,Second owner
2025,Ford,Sportage,0,4500,30000.0,,Gas,Semi-Automatic,Imported
2026,Nissan,Unknown,2003,24300,28500.0,21.0,Electric,Manual,Refurbished
2027,Ford,Impala,2017,23200,24000.0,7.0,Petrol,Manual,Imported
2028,Kia,Corolla,1998,32100,113000.0,26.0,Petrol,Manual,First owner
2029,Nissan,Impala,2010,16100,245500.0,14.0,Electric,Manual,Refurbished
2030,Toyota,Sportage,1994,16900,181000.0,30.0,Hybrid,Semi-Automatic,Fleet vehicle
2031,BMW,F-150,2011,28600,55000.0,13.0,Gas,Manual,Second owner
2032,,,2015,Error,158000.0,9.0,Hybrid,Manual,
2033,Mercedes,C-Class,1997,16900,115000.0,27.0,Diesel,Semi-Automatic,Imported
2034,Honda,C-Class,2017,4900,38000.0,7.0,Petrol,Semi-Automatic,
2035,Audi,F-150,2009,25400,53000.0,15.0,Petrol,Automatic,Second owner
2036,Audi,Elantra,2016,30200,10500.0,8.0,Hybrid,Manual,Imported
2037,Audi,Corolla,1997,17700,217000.0,27.0,Electric,Semi-Automatic,Second owner
2038,Kia,F-150,2000,1400,183000.0,24.0,Petrol,Semi-Automatic,Second owner
2039,Nissan,X5,2008,26700,179500.0,16.0,Petrol,Automatic,Refurbished
2040,???,A4,2020,46100,102500.0,4.0,Hybrid,Semi-Automatic,Refurbished
2041,BMW,A4,2020,46500,101500.0,4.0,Diesel,Manual,
2042,Hyundai,F-150,2017,24000,190500.0,7.0,Hybrid,Semi-Automatic,Imported
2043,BMW,Civic,2011,15500,-5000.0,13.0,Hybrid,Semi-Automatic,Fleet vehicle
2044,Nissan,Corolla,2015,16200,12500.0,9.0,Gas,Manual,Refurbished
2045,Nissan,Sportage,1990,8700,135000.0,34.0,Gas,Automatic,Second owner
2046,Toyota,F-150,2014,46800,,10.0,Hybrid,Semi-Automatic,
2047,Hyundai,A4,2023,3200,116000.0,1.0,Electric,Semi-Automatic,Imported
2048,Nissan,A4,2020,41500,205000.0,4.0,Electric,Automatic,First owner
2049,Ford,Civic,2021,44600,,3.0,Diesel,Semi-Automatic,
2050,Nissan,C-Class,1992,24400,285500.0,32.0,Petrol,Semi-Automatic,
2051,,Sportage,2022,24800,102500.0,2.0,Electric,Manual,Second owner
2052,BMW,Unknown,2018,37300,,6.0,Diesel,Semi-Automatic,Fleet vehicle
2053,Nissan,,2017,Error,182500.0,7.0,Hybrid,Manual,Refurbished
2054,Mercedes,Impala,2003,-1,114500.0,21.0,Diesel,Semi-Automatic,First owner
2055,Toyota,Corolla,1994,5300,126000.0,30.0,Hybrid,Semi-Automatic,Refurbished
2056,Mercedes,Sportage,1994,20600,276500.0,30.0,Gas,Manual,First owner
2057,Kia,Corolla,2008,49600,213000.0,16.0,Gas,Automatic,Refurbished
2058,Toyota,F-150,2003,30300,74000.0,21.0,Electric,Automatic,Fleet vehicle
2059,Mercedes,F-150,2007,32300,177500.0,17.0,Diesel,Manual,Second owner
2060,Chevrolet,A4,1995,48500,72500.0,29.0,Hybrid,Manual,Fleet vehicle
2061,Honda,Elantra,2001,37400,261500.0,23.0,Electric,Automatic,First owner
2062,Kia,Sportage,1990,30400,251500.0,34.0,Petrol,Automatic,Fleet vehicle
2063,Hyundai,C-Class,1992,10500,102000.0,32.0,Gas,Automatic,Second owner
2064,Chevrolet,Impala,1997,36400,32500.0,27.0,Gas,Semi-Automatic,Imported
2065,BMW,Impala,1991,26300,181500.0,33.0,Electric,Automatic,Fleet vehicle
2066,Toyota,A4,2010,40800,12500.0,14.0,Hybrid,Automatic,Imported
2067,Toyota,Corolla,2020,30800,152000.0,4.0,Gas,Automatic,Second owner
2068,Hyundai,Sportage,1993,25900,97000.0,31.0,Petrol,Semi-Automatic,Fleet vehicle
2069,Ford,Altima,2007,,176000.0,17.0,Diesel,Manual,Second owner
2070,Toyota,X5,,41700,50500.0,,Electric,Semi-Automatic,First owner
2071,Nissan,Sportage,2022,26300,247500.0,2.0,Gas,Manual,Fleet vehicle
2072,Mercedes,Corolla,2020,40800,-5000.0,4.0,Electric,Semi-Automatic,Second owner
2073,BMW,Sportage,2004,32600,103000.0,20.0,Electric,Automatic,Refurbished
2074,Hyundai,Altima,2002,24400,30500.0,22.0,Hybrid,Automatic,Refurbished
2075,Ford,Corolla,2009,,198500.0,15.0,Petrol,Semi-Automatic,Refurbished
2076,Nissan,F-150,2018,28100,200500.0,6.0,Electric,Automatic,Refurbished
2077,,Elantra,2012,32500,225000.0,12.0,Electric,Semi-Automatic,Fleet vehicle
2078,,Elantra,2009,34600,9500.0,15.0,Hybrid,Manual,Imported
2079,BMW,Elantra,2016,40500,242500.0,8.0,Diesel,Semi-Automatic,
2080,???,C-Class,2019,9000,9500.0,5.0,Petrol,Automatic,Second owner
2081,Audi,A4,2009,6400,242500.0,15.0,Hybrid,Manual,Refurbished
2082,Kia,Elantra,1992,43700,1500.0,32.0,Petrol,Semi-Automatic,
2083,Hyundai,Corolla,2006,17200,237500.0,18.0,Electric,Automatic,Fleet vehicle
2084,Honda,A4,2006,45000,295000.0,18.0,Electric,Semi-Automatic,Imported
2085,BMW,F-150,,35500,260000.0,,Petrol,Semi-Automatic,First owner
2086,Hyundai,A4,2023,35700,40500.0,1.0,Electric,Manual,Second owner
2087,Audi,Corolla,,Error,,,Gas,Manual,
2088,Hyundai,F-150,2006,31300,122500.0,18.0,Diesel,Automatic,First owner
2089,Chevrolet,Elantra,1992,6800,88500.0,32.0,Diesel,Manual,Second owner
2090,Hyundai,Corolla,2018,48300,-5000.0,6.0,Diesel,Automatic,Imported
2091,Audi,C-Class,2011,27800,259000.0,13.0,Electric,Manual,Refurbished
2092,Chevrolet,C-Class,2003,Error,138500.0,21.0,Diesel,Automatic,First owner
2093,Audi,Elantra,1993,6300,234000.0,31.0,Diesel,Automatic,First owner
2094,Nissan,Civic,2011,7100,62000.0,13.0,Electric,Manual,Fleet vehicle
2095,Hyundai,Civic,1999,20100,184500.0,25.0,Hybrid,Semi-Automatic,Imported
2096,Mercedes,A4,2002,16000,221000.0,22.0,Gas,Manual,Second owner
2097,Toyota,Elantra,Year?,46700,192500.0,,Hybrid,Automatic,Imported
2098,Hyundai,X5,2018,46100,17000.0,6.0,Hybrid,Automatic,Refurbished
2099,BMW,Civic,2012,11300,128000.0,12.0,Hybrid,Manual,Refurbished
2100,Kia,,1992,41900,274000.0,32.0,Gas,Automatic,First owner
2101,Nissan,X5,2019,18200,195500.0,5.0,Hybrid,Manual,First owner
2102,Toyota,Elantra,2017,10400,232500.0,7.0,Petrol,Semi-Automatic,
2103,Kia,Elantra,2001,40900,-5000.0,23.0,Gas,Automatic,
2104,Mercedes,Altima,2015,49500,-5000.0,9.0,Petrol,Semi-Automatic,
2105,Toyota,Corolla,2015,42600,275500.0,9.0,Diesel,Manual,Second owner
2106,Mercedes,Altima,2010,4900,100500.0,14.0,Petrol,Manual,Fleet vehicle
2107,Nissan,Elantra,2021,48200,88500.0,3.0,Petrol,Semi-Automatic,Second owner
2108,Chevrolet,Civic,2003,43300,200500.0,21.0,Petrol,Semi-Automatic,Second owner
2109,Mercedes,F-150,2017,40300,293500.0,7.0,Gas,Semi-Automatic,
2110,Ford,Altima,2020,-1,21000.0,4.0,Petrol,Manual,First owner
2111,Mercedes,,2005,45200,275500.0,19.0,Gas,Automatic,Fleet vehicle
2112,Chevrolet,Elantra,1993,49600,204500.0,31.0,Gas,Automatic,
2113,Hyundai,Elantra,2007,41900,56000.0,17.0,Electric,Semi-Automatic,Fleet vehicle
2114,Audi,Corolla,2017,15400,286500.0,7.0,Electric,Manual,
2115,Chevrolet,Corolla,2007,40400,169000.0,17.0,Petrol,Semi-Automatic,
2116,BMW,Altima,1996,,191000.0,28.0,Diesel,Manual,Second owner
2117,Audi,A4,Year?,5000,144000.0,,Diesel,Manual,Imported
2118,Toyota,Sportage,2002,43100,279000.0,22.0,Gas,Manual,First owner
2119,,Elantra,2020,46300,141500.0,4.0,Hybrid,Semi-Automatic,Refurbished
2120,Ford,Corolla,2017,12100,239000.0,7.0,Gas,Semi-Automatic,Fleet vehicle
2121,Kia,F-150,2014,31100,290000.0,10.0,Hybrid,Manual,Imported
2122,Nissan,Impala,2005,29900,38000.0,19.0,Hybrid,Semi-Automatic,Second owner
2123,,F-150,2022,16000,263500.0,2.0,Petrol,Semi-Automatic,First owner
2124,Audi,Civic,1997,30100,52500.0,27.0,Gas,Semi-Automatic,Fleet vehicle
2125,Hyundai,C-Class,1997,34800,117500.0,27.0,Diesel,Manual,First owner
2126,,,2012,39200,,12.0,Gas,Automatic,
2127,Kia,Impala,2012,16000,131000.0,12.0,Petrol,Semi-Automatic,Refurbished
2128,BMW,X5,2015,24600,153500.0,9.0,Diesel,Manual,Imported
2129,Toyota,X5,2020,44900,218500.0,4.0,Diesel,Manual,Refurbished
2130,Honda,,2011,29600,282500.0,13.0,Electric,Manual,
2131,BMW,C-Class,2003,22800,,21.0,Electric,Semi-Automatic,Refurbished
2132,BMW,Civic,2022,-1,39500.0,2.0,Diesel,Manual,First owner
2133,BMW,Elantra,2012,23800,268500.0,12.0,Gas,Semi-Automatic,Second owner
2134,Hyundai,Elantra,1990,4600,249500.0,34.0,Electric,Automatic,
2135,Hyundai,A4,2013,19600,75500.0,11.0,Hybrid,Semi-Automatic,First owner
2136,???,A4,1999,22400,204500.0,25.0,Diesel,Manual,
2137,Mercedes,Civic,1992,12400,286500.0,32.0,Hybrid,Manual,Second owner
2138,Chevrolet,X5,2006,11000,-5000.0,18.0,Electric,Manual,Imported
2139,Kia,Corolla,2007,-1,106000.0,17.0,Diesel,Semi-Automatic,
2140,Honda,Elantra,1995,11200,122000.0,29.0,Electric,Semi-Automatic,Fleet vehicle
2141,Nissan,Altima,2010,Error,46500.0,14.0,Electric,Semi-Automatic,
2142,Ford,X5,2012,30800,251000.0,12.0,Diesel,Manual,Second owner
2143,BMW,Elantra,2019,11300,247500.0,5.0,Petrol,Manual,Fleet vehicle
2144,Ford,X5,2010,34900,45000.0,14.0,Petrol,Automatic,Imported
2145,Audi,Impala,2015,-1,218000.0,9.0,Gas,Automatic,Fleet vehicle
2146,Mercedes,Sportage,1996,4300,28000.0,28.0,Petrol,Automatic,Fleet vehicle
2147,BMW,Altima,1996,14000,297000.0,28.0,Petrol,Automatic,First owner
2148,Audi,Corolla,2008,17000,91500.0,16.0,Gas,Automatic,Second owner
2149,Mercedes,Corolla,2022,1400,204000.0,2.0,Electric,Semi-Automatic,Refurbished
2150,Ford,Impala,1994,39400,64500.0,30.0,Electric,Automatic,Second owner
2151,Audi,X5,2016,12900,259500.0,8.0,Hybrid,Semi-Automatic,Imported
2152,Mercedes,A4,1992,17600,42500.0,32.0,Gas,Manual,First owner
2153,Ford,X5,1995,8100,140000.0,29.0,Gas,Manual,Second owner
2154,Ford,,2015,29300,270000.0,9.0,Gas,Automatic,Imported
2155,Hyundai,C-Class,2007,16100,63000.0,17.0,Electric,Manual,Second owner
2156,Nissan,Altima,2009,17400,227500.0,15.0,Hybrid,Semi-Automatic,Second owner
2157,Audi,Altima,2019,49200,282000.0,5.0,Electric,Automatic,First owner
2158,Toyota,X5,2023,49500,8500.0,1.0,Gas,Semi-Automatic,Second owner
2159,Mercedes,A4,2001,36500,188500.0,23.0,Petrol,Semi-Automatic,Imported
2160,Kia,,1997,19800,206000.0,27.0,Hybrid,Semi-Automatic,Second owner
2161,Toyota,Altima,2018,Error,169500.0,6.0,Diesel,Semi-Automatic,Fleet vehicle
2162,Hyundai,F-150,2010,7300,205500.0,14.0,Petrol,Manual,Imported
2163,???,Elantra,2018,12500,,6.0,Diesel,Semi-Automatic,Second owner
2164,Hyundai,A4,2010,49100,120500.0,14.0,Gas,Semi-Automatic,Fleet vehicle
2165,Audi,A4,1996,24200,168500.0,28.0,Electric,Manual,Fleet vehicle
2166,Ford,Civic,1995,Error,144000.0,29.0,Diesel,Automatic,First owner
2167,Chevrolet,C-Class,1999,47700,108000.0,25.0,Gas,Manual,
2168,Ford,C-Class,2020,37500,126500.0,4.0,Hybrid,Manual,Refurbished
2169,Mercedes,Corolla,2000,13800,106000.0,24.0,Petrol,Semi-Automatic,Imported
2170,Audi,Civic,2023,39200,37000.0,1.0,Gas,Manual,Imported
2171,Nissan,Sportage,2016,32800,287500.0,8.0,Hybrid,Manual,Second owner
2172,Ford,Elantra,2000,46200,205000.0,24.0,Electric,Manual,Refurbished
2173,Mercedes,A4,2012,32800,6000.0,12.0,Hybrid,Semi-Automatic,Refurbished
2174,Kia,Sportage,2008,21000,104500.0,16.0,Diesel,Automatic,Refurbished
2175,Nissan,Sportage,1997,48200,149000.0,27.0,Electric,Manual,Imported
2176,BMW,Civic,2018,44300,131500.0,6.0,Gas,Manual,Second owner
2177,Ford,F-150,2019,7100,219500.0,5.0,Petrol,Manual,Second owner
2178,Honda,C-Class,2013,36200,249500.0,11.0,Gas,Manual,First owner
2179,Honda,Elantra,Year?,22700,78000.0,,Electric,Manual,Imported
2180,Nissan,C-Class,2008,8400,222500.0,16.0,Electric,Semi-Automatic,Refurbished
2181,Audi,X5,2017,24000,105000.0,7.0,Diesel,Semi-Automatic,Imported
2182,Mercedes,Elantra,2020,25800,62500.0,4.0,Petrol,Automatic,First owner
2183,,Corolla,2005,4600,264000.0,19.0,Electric,Manual,Imported
2184,BMW,X5,2020,1700,43000.0,4.0,Gas,Semi-Automatic,Second owner
2185,Toyota,Altima,1992,48500,39500.0,32.0,Electric,Manual,
2186,Chevrolet,X5,1994,6900,189000.0,30.0,Hybrid,Automatic,Fleet vehicle
2187,BMW,C-Class,1996,25000,,28.0,Gas,Automatic,
2188,Chevrolet,Elantra,1992,7600,,32.0,Gas,Manual,First owner
2189,Kia,,2013,13000,25000.0,11.0,Electric,Automatic,Refurbished
2190,Audi,Civic,,15100,241000.0,,Gas,Automatic,Fleet vehicle
2191,Mercedes,F-150,1993,28000,,31.0,Electric,Automatic,Second owner
2192,Honda,F-150,2004,38500,247500.0,20.0,Hybrid,Manual,Second owner
2193,Kia,Impala,2023,38000,93500.0,1.0,Hybrid,Automatic,First owner
2194,Honda,Corolla,2021,18100,,3.0,Electric,Automatic,Imported
2195,Ford,Impala,2018,40700,258500.0,6.0,Electric,Automatic,First owner
2196,Nissan,Impala,2010,12600,99000.0,14.0,Gas,Automatic,
2197,BMW,Sportage,1998,48700,34500.0,26.0,Petrol,Automatic,Second owner
2198,Honda,Sportage,0,12100,103500.0,,Electric,Manual,Second owner
2199,Audi,X5,2011,12900,112500.0,13.0,Hybrid,Manual,Refurbished
2200,Nissan,Altima,2000,33100,287000.0,24.0,Electric,Manual,
2201,BMW,F-150,2011,49500,76000.0,13.0,Petrol,Manual,Second owner
2202,Honda,Sportage,1994,33800,187500.0,30.0,Electric,Manual,
2203,BMW,F-150,2003,34300,165500.0,21.0,Electric,Automatic,Refurbished
2204,Chevrolet,A4,2021,3100,162500.0,3.0,Gas,Automatic,Fleet vehicle
2205,BMW,A4,2012,33000,109000.0,12.0,Electric,Semi-Automatic,Refurbished
2206,Toyota,C-Class,1998,10300,83000.0,26.0,Hybrid,Semi-Automatic,Fleet vehicle
2207,???,Civic,2015,31600,244000.0,9.0,Gas,Semi-Automatic,Second owner
2208,,A4,2008,7500,2000.0,16.0,Petrol,Manual,Second owner
2209,Kia,Impala,2012,4900,78500.0,12.0,Hybrid,Semi-Automatic,Imported
2210,Nissan,Elantra,1995,39600,8500.0,29.0,Hybrid,Semi-Automatic,Second owner
2211,Chevrolet,Elantra,1996,42100,37500.0,28.0,Petrol,Automatic,Imported
2212,Toyota,C-Class,2010,8300,73000.0,14.0,Gas,Automatic,Second owner
2213,Chevrolet,Impala,2019,7800,157000.0,5.0,Diesel,Manual,First owner
2214,Kia,F-150,1993,6100,206000.0,31.0,Petrol,Manual,Second owner
2215,Kia,X5,1994,42500,180500.0,30.0,Electric,Manual,Second owner
2216,Nissan,A4,2011,7600,124500.0,13.0,Hybrid,Semi-Automatic,
2217,Hyundai,Corolla,2009,37300,137500.0,15.0,Hybrid,Manual,Imported
2218,Mercedes,C-Class,2015,24900,197500.0,9.0,Electric,Semi-Automatic,Imported
2219,Honda,F-150,2000,27900,50500.0,24.0,Petrol,Automatic,Imported
2220,Audi,C-Class,2007,23000,221000.0,17.0,Petrol,Automatic,Second owner
2221,Toyota,Corolla,1998,35600,293000.0,26.0,Diesel,Automatic,Second owner
2222,Honda,,2016,Error,179000.0,8.0,Hybrid,Automatic,Imported
2223,Chevrolet,Sportage,1998,31400,64500.0,26.0,Gas,Semi-Automatic,Fleet vehicle
2224,Nissan,Corolla,1992,1400,141000.0,32.0,Diesel,Semi-Automatic,Imported
2225,Mercedes,F-150,2019,23600,147000.0,5.0,Gas,Semi-Automatic,First owner
2226,BMW,Elantra,2002,14800,-5000.0,22.0,Diesel,Automatic,
2227,BMW,C-Class,2010,8300,137000.0,14.0,Gas,Manual,Second owner
2228,Chevrolet,A4,2007,43800,147500.0,17.0,Diesel,Semi-Automatic,Imported
2229,Honda,Elantra,2005,,6500.0,19.0,Electric,Semi-Automatic,Second owner
2230,Hyundai,,1997,-1,176500.0,27.0,Gas,Manual,Imported
2231,Hyundai,C-Class,1991,6700,243000.0,33.0,Gas,Semi-Automatic,Second owner
2232,Ford,C-Class,1994,43500,43000.0,30.0,Hybrid,Automatic,Imported
2233,BMW,Sportage,,27400,150500.0,,Gas,Semi-Automatic,Refurbished
2234,Toyota,Sportage,2014,18200,262000.0,10.0,Gas,Manual,Refurbished
2235,Ford,Corolla,2001,9900,5500.0,23.0,Gas,Semi-Automatic,Second owner
2236,Toyota,Elantra,2013,Error,30000.0,11.0,Petrol,Automatic,Fleet vehicle
2237,Chevrolet,Altima,2017,9400,76500.0,7.0,Hybrid,Semi-Automatic,
2238,Ford,C-Class,2011,4900,207000.0,13.0,Electric,Automatic,Fleet vehicle
2239,Kia,C-Class,1997,-1,229500.0,27.0,Hybrid,Semi-Automatic,Second owner
2240,Hyundai,Sportage,2006,14400,146500.0,18.0,Electric,Manual,First owner
2241,Nissan,C-Class,1992,,248500.0,32.0,Hybrid,Automatic,Refurbished
2242,Chevrolet,Corolla,2012,47400,206500.0,12.0,Petrol,Manual,
2243,Audi,F-150,1990,46200,241500.0,34.0,Gas,Semi-Automatic,Refurbished
2244,Honda,Sportage,1992,42100,160000.0,32.0,Electric,Automatic,First owner
2245,Ford,X5,2016,20600,233000.0,8.0,Electric,Manual,Refurbished
2246,Kia,Elantra,2020,14300,278500.0,4.0,Diesel,Automatic,
2247,Audi,X5,2004,29200,240500.0,20.0,Electric,Manual,Fleet vehicle
2248,Hyundai,X5,2006,32100,58500.0,18.0,Petrol,Manual,First owner
2249,Nissan,Civic,2022,22600,131500.0,2.0,Hybrid,Manual,Second owner
2250,Ford,Sportage,2001,27800,124500.0,23.0,Electric,Manual,Fleet vehicle
2251,Hyundai,Impala,1996,19900,229500.0,28.0,Electric,Semi-Automatic,
2252,Hyundai,A4,2009,36700,63500.0,15.0,Hybrid,Semi-Automatic,Second owner
2253,Mercedes,,2007,7500,-5000.0,17.0,Electric,Manual,Second owner
2254,Hyundai,Civic,2022,9300,101500.0,2.0,Petrol,Manual,
2255,Kia,C-Class,2005,13800,250000.0,19.0,Petrol,Manual,
2256,BMW,Impala,2012,38800,43500.0,12.0,Gas,Manual,
2257,Toyota,Elantra,2023,28800,7500.0,1.0,Petrol,Semi-Automatic,Fleet vehicle
2258,BMW,A4,2000,28600,174500.0,24.0,Gas,Manual,
2259,Chevrolet,A4,2002,4300,66500.0,22.0,Diesel,Manual,Refurbished
2260,Ford,X5,1995,,,29.0,Hybrid,Automatic,Refurbished
2261,BMW,Impala,2011,44000,59000.0,13.0,Gas,Automatic,Fleet vehicle
2262,Mercedes,C-Class,2015,Error,64500.0,9.0,Petrol,Manual,
2263,Ford,X5,2016,12500,138000.0,8.0,Diesel,Automatic,Refurbished
2264,BMW,Civic,1991,7100,,33.0,Gas,Automatic,Second owner
2265,Ford,Altima,2011,-1,265000.0,13.0,Diesel,Automatic,Refurbished
2266,Chevrolet,C-Class,2022,36000,211500.0,2.0,Gas,Automatic,Second owner
2267,Audi,Altima,2016,41300,107500.0,8.0,Petrol,Semi-Automatic,Refurbished
2268,Ford,Altima,2015,38800,158500.0,9.0,Hybrid,Automatic,Imported
2269,Kia,X5,2012,47600,183000.0,12.0,Petrol,Automatic,First owner
2270,Honda,A4,2016,29000,154000.0,8.0,Hybrid,Semi-Automatic,First owner
2271,Mercedes,Altima,2008,17800,192500.0,16.0,Hybrid,Manual,Imported
2272,Kia,Impala,2015,48900,110500.0,9.0,Hybrid,Semi-Automatic,Refurbished
2273,Ford,Altima,2004,11300,191000.0,20.0,Gas,Semi-Automatic,
2274,BMW,Altima,2010,17000,208000.0,14.0,Diesel,Manual,Fleet vehicle
2275,Ford,Elantra,2011,7900,28500.0,13.0,Hybrid,Automatic,First owner
2276,???,Corolla,1992,4500,235000.0,32.0,Hybrid,Semi-Automatic,Second owner
2277,Ford,Impala,1996,-1,291000.0,28.0,Electric,Semi-Automatic,
2278,Toyota,Elantra,1998,42500,219000.0,26.0,Hybrid,Automatic,First owner
2279,Audi,A4,2005,12600,290500.0,19.0,Diesel,Semi-Automatic,
2280,Chevrolet,F-150,2012,5900,8000.0,12.0,Gas,Automatic,Imported
2281,Honda,A4,2021,4800,176500.0,3.0,Gas,Manual,Refurbished
2282,Nissan,C-Class,1994,21000,78500.0,30.0,Gas,Manual,First owner
2283,Nissan,Civic,1997,36500,214500.0,27.0,Electric,Manual,
2284,???,X5,2010,10300,179000.0,14.0,Diesel,Semi-Automatic,Imported
2285,Honda,Altima,2000,48400,168500.0,24.0,Gas,Semi-Automatic,Second owner
2286,Kia,Civic,2001,14400,259500.0,23.0,Gas,Manual,Imported
2287,Chevrolet,Elantra,2019,45200,110500.0,5.0,Electric,Semi-Automatic,Refurbished
2288,Chevrolet,A4,2002,43300,201000.0,22.0,Diesel,Automatic,Refurbished
2289,BMW,C-Class,2013,8000,228500.0,11.0,Petrol,Semi-Automatic,Second owner
2290,Kia,Unknown,2017,39500,274000.0,7.0,Electric,Semi-Automatic,Refurbished
2291,Nissan,Elantra,2006,35700,20000.0,18.0,Diesel,Manual,Fleet vehicle
2292,Chevrolet,F-150,2008,44400,56500.0,16.0,Petrol,Semi-Automatic,Imported
2293,Chevrolet,Impala,2014,Error,212500.0,10.0,Electric,Semi-Automatic,Imported
2294,Hyundai,Elantra,2003,11300,201000.0,21.0,Electric,Automatic,Second owner
2295,Kia,X5,2015,45000,,9.0,Electric,Automatic,Imported
2296,Kia,Elantra,2019,3300,96500.0,5.0,Gas,Automatic,Second owner
2297,Honda,Altima,2013,26900,174500.0,11.0,Gas,Manual,Fleet vehicle
2298,Audi,Altima,2003,27800,246000.0,21.0,Hybrid,Automatic,Second owner
2299,BMW,Sportage,Year?,43100,292000.0,,Petrol,Automatic,Refurbished
2300,BMW,Impala,2001,25000,256000.0,23.0,Gas,Automatic,Fleet vehicle
2301,Ford,X5,2009,26200,-5000.0,15.0,Electric,Automatic,First owner
2302,Ford,Unknown,1992,9900,260000.0,32.0,Hybrid,Manual,Second owner
2303,Nissan,F-150,2010,9900,67500.0,14.0,Hybrid,Automatic,Second owner
2304,BMW,C-Class,2004,29400,58500.0,20.0,Diesel,Manual,Imported
2305,Nissan,Corolla,1992,41600,46000.0,32.0,Petrol,Automatic,Fleet vehicle
2306,Kia,X5,2002,,143000.0,22.0,Gas,Automatic,Fleet vehicle
2307,Chevrolet,C-Class,2002,16400,72500.0,22.0,Diesel,Manual,First owner
2308,Chevrolet,A4,1991,47300,245000.0,33.0,Hybrid,Manual,Refurbished
2309,Kia,Corolla,2018,39300,194000.0,6.0,Gas,Automatic,
2310,BMW,F-150,2002,19800,254000.0,22.0,Hybrid,Manual,Fleet vehicle
2311,Toyota,Sportage,2018,27500,231000.0,6.0,Petrol,Automatic,
2312,,,2004,3200,218000.0,20.0,Hybrid,Semi-Automatic,First owner
2313,Chevrolet,Sportage,,11400,159500.0,,Hybrid,Semi-Automatic,Second owner
2314,Nissan,Civic,2000,39500,297500.0,24.0,Petrol,Automatic,
2315,Nissan,Elantra,2017,Error,286000.0,7.0,Diesel,Semi-Automatic,Refurbished
2316,Mercedes,Sportage,2014,37300,174500.0,10.0,Diesel,Automatic,First owner
2317,Mercedes,Impala,1996,22500,-5000.0,28.0,Hybrid,Semi-Automatic,
2318,Toyota,F-150,1996,10000,6500.0,28.0,Hybrid,Manual,
2319,BMW,Impala,2008,-1,221500.0,16.0,Hybrid,Semi-Automatic,Refurbished
2320,BMW,A4,1996,29300,15000.0,28.0,Hybrid,Automatic,
2321,Kia,Sportage,2016,7800,292500.0,8.0,Diesel,Manual,Imported
2322,Honda,C-Class,1999,14300,157000.0,25.0,Hybrid,Manual,First owner
2323,Audi,Civic,2017,40400,228500.0,7.0,Hybrid,Manual,Refurbished
2324,Ford,Corolla,2004,34300,73000.0,20.0,Hybrid,Semi-Automatic,
2325,Chevrolet,C-Class,2008,43500,291000.0,16.0,Hybrid,Manual,
2326,Honda,C-Class,1997,22300,17000.0,27.0,Gas,Semi-Automatic,Fleet vehicle
2327,Hyundai,Altima,2001,-1,281000.0,23.0,Hybrid,Semi-Automatic,Imported
2328,Audi,Impala,2014,-1,31500.0,10.0,Diesel,Semi-Automatic,Fleet vehicle
2329,BMW,A4,2022,9100,172500.0,2.0,Hybrid,Semi-Automatic,Imported
2330,Kia,F-150,2022,22600,260000.0,2.0,Petrol,Automatic,First owner
2331,Mercedes,F-150,2023,7300,282000.0,1.0,Petrol,Semi-Automatic,First owner
2332,Toyota,Civic,2014,31300,212000.0,10.0,Petrol,Semi-Automatic,First owner
2333,Ford,X5,1992,28000,199000.0,32.0,Petrol,Manual,First owner
2334,Mercedes,Civic,2003,2300,211500.0,21.0,Petrol,Semi-Automatic,Fleet vehicle
2335,???,X5,2018,39200,213000.0,6.0,Gas,Semi-Automatic,
2336,Ford,C-Class,1990,42400,,34.0,Diesel,Automatic,Imported
2337,Honda,Civic,Year?,28000,34500.0,,Petrol,Manual,Fleet vehicle
2338,Nissan,C-Class,2017,37700,96500.0,7.0,Hybrid,Semi-Automatic,Second owner
2339,BMW,Elantra,2000,,289000.0,24.0,Gas,Semi-Automatic,Second owner
2340,Honda,Civic,2014,17000,65500.0,10.0,Gas,Semi-Automatic,Second owner
2341,???,Corolla,2022,8000,-5000.0,2.0,Petrol,Automatic,
2342,Audi,C-Class,1998,-1,263500.0,26.0,Petrol,Automatic,Refurbished
2343,Kia,Impala,2013,-1,287500.0,11.0,Petrol,Automatic,Imported
2344,Ford,Civic,1996,43100,-5000.0,28.0,Gas,Automatic,Refurbished
2345,Honda,A4,2004,15800,237000.0,20.0,Gas,Semi-Automatic,Imported
2346,Mercedes,X5,2018,34200,53500.0,6.0,Petrol,Semi-Automatic,Refurbished
2347,Ford,Corolla,2015,15800,50000.0,9.0,Electric,Automatic,Imported
2348,Toyota,Unknown,Year?,42200,169000.0,,Electric,Manual,Second owner
2349,,C-Class,1993,49300,184500.0,31.0,Electric,Semi-Automatic,First owner
2350,Hyundai,Elantra,1997,39200,19500.0,27.0,Electric,Manual,Second owner
2351,Hyundai,Elantra,2010,20500,52500.0,14.0,Gas,Automatic,Imported
2352,BMW,Elantra,2009,20300,153000.0,15.0,Hybrid,Semi-Automatic,First owner
2353,Nissan,Corolla,2018,30400,120000.0,6.0,Electric,Manual,Imported
2354,Kia,,2007,4000,,17.0,Diesel,Semi-Automatic,First owner
2355,Audi,Civic,2015,33700,74000.0,9.0,Gas,Automatic,
2356,Kia,A4,2000,22700,182500.0,24.0,Hybrid,Automatic,
2357,BMW,C-Class,1992,34800,-5000.0,32.0,Electric,Automatic,Second owner
2358,Nissan,C-Class,2011,18900,294000.0,13.0,Diesel,Semi-Automatic,Refurbished
2359,Kia,A4,2008,37000,283000.0,16.0,Diesel,Automatic,Refurbished
2360,Hyundai,C-Class,2018,13500,133500.0,6.0,Gas,Semi-Automatic,First owner
2361,Kia,X5,,5400,57500.0,,Diesel,Semi-Automatic,Imported
2362,Mercedes,X5,2004,42800,165000.0,20.0,Diesel,Automatic,Imported
2363,Hyundai,X5,2000,4800,167000.0,24.0,Petrol,Semi-Automatic,Imported
2364,Toyota,Sportage,2011,32300,,13.0,Electric,Semi-Automatic,
2365,Hyundai,Altima,1995,10600,77000.0,29.0,Gas,Automatic,Second owner
2366,Nissan,Civic,1997,16100,106000.0,27.0,Diesel,Manual,First owner
2367,Hyundai,X5,2009,8400,234000.0,15.0,Electric,Automatic,Imported
2368,Audi,C-Class,2004,41900,,20.0,Petrol,Manual,Fleet vehicle
2369,Mercedes,Impala,2005,47700,188000.0,19.0,Gas,Semi-Automatic,Imported
2370,Audi,F-150,2004,21300,33000.0,20.0,Electric,Automatic,Imported
2371,BMW,Sportage,2000,43000,113000.0,24.0,Diesel,Automatic,Refurbished
2372,Audi,Altima,2020,28200,170500.0,4.0,Electric,Manual,Fleet vehicle
2373,BMW,Elantra,2023,28700,88000.0,1.0,Petrol,Manual,First owner
2374,Audi,F-150,2021,23700,284500.0,3.0,Gas,Automatic,
2375,Honda,X5,1993,,29000.0,31.0,Hybrid,Semi-Automatic,Refurbished
2376,Kia,X5,1995,46400,247000.0,29.0,Hybrid,Automatic,Second owner
2377,Kia,Corolla,1993,44600,,31.0,Hybrid,Automatic,Second owner
2378,Nissan,Sportage,2019,4700,240500.0,5.0,Electric,Automatic,Refurbished
2379,Kia,Elantra,2003,10800,13000.0,21.0,Petrol,Automatic,First owner
2380,BMW,A4,2023,48000,,1.0,Hybrid,Semi-Automatic,Refurbished
2381,Chevrolet,Sportage,1999,16400,3500.0,25.0,Petrol,Semi-Automatic,Imported
2382,Ford,C-Class,2003,15100,3500.0,21.0,Hybrid,Manual,Refurbished
2383,Mercedes,Altima,2003,45000,206000.0,21.0,Gas,Automatic,Fleet vehicle
2384,Kia,Civic,2001,35500,7500.0,23.0,Hybrid,Automatic,Imported
2385,Nissan,Impala,1996,45600,244500.0,28.0,Diesel,Semi-Automatic,Refurbished
2386,Ford,F-150,2003,10100,57000.0,21.0,Petrol,Manual,Refurbished
2387,Kia,Corolla,2022,,171000.0,2.0,Hybrid,Manual,Fleet vehicle
2388,Ford,C-Class,2021,-1,273000.0,3.0,Diesel,Semi-Automatic,First owner
2389,Nissan,Elantra,2013,44400,30000.0,11.0,Electric,Automatic,
2390,Nissan,Altima,1997,4300,182500.0,27.0,Petrol,Automatic,
2391,Mercedes,A4,2004,-1,205500.0,20.0,Gas,Automatic,First owner
2392,Hyundai,Corolla,2011,36400,90000.0,13.0,Hybrid,Semi-Automatic,Imported
2393,Ford,Corolla,1999,49500,52000.0,25.0,Petrol,Semi-Automatic,
2394,Kia,Sportage,1998,38900,222000.0,26.0,Gas,Manual,Fleet vehicle
2395,Toyota,A4,2022,49300,104500.0,2.0,Diesel,Manual,Imported
2396,Hyundai,Unknown,1991,37500,17000.0,33.0,Electric,Automatic,Imported
2397,Toyota,Impala,1991,29300,146000.0,33.0,Hybrid,Semi-Automatic,Imported
2398,Mercedes,F-150,1996,38700,22500.0,28.0,Diesel,Semi-Automatic,Second owner
2399,Kia,Elantra,2023,15500,36500.0,1.0,Petrol,Manual,First owner
2400,Kia,Impala,1990,,262000.0,34.0,Hybrid,Automatic,Second owner
2401,Honda,,2004,31900,89500.0,20.0,Petrol,Automatic,Second owner
2402,Toyota,Civic,2015,30400,230500.0,9.0,Hybrid,Semi-Automatic,Fleet vehicle
2403,???,Altima,2018,22300,237000.0,6.0,Hybrid,Automatic,Fleet vehicle
2404,Mercedes,A4,2014,17000,258500.0,10.0,Gas,Manual,Fleet vehicle
2405,Chevrolet,F-150,2011,13600,79500.0,13.0,Diesel,Semi-Automatic,First owner
2406,Mercedes,,1993,1000,135500.0,31.0,Gas,Semi-Automatic,Fleet vehicle
2407,Toyota,Sportage,1992,42300,-5000.0,32.0,Electric,Automatic,
2408,Mercedes,,2013,41200,267500.0,11.0,Electric,Manual,
2409,Kia,X5,2023,9700,44000.0,1.0,Petrol,Automatic,Refurbished
2410,Audi,Sportage,2003,,81500.0,21.0,Petrol,Semi-Automatic,
2411,Chevrolet,F-150,1997,-1,62000.0,27.0,Petrol,Semi-Automatic,Second owner
2412,Toyota,Civic,2019,38000,6000.0,5.0,Electric,Manual,Refurbished
2413,,A4,2003,5700,264000.0,21.0,Petrol,Semi-Automatic,Fleet vehicle
2414,Honda,Impala,2017,12800,-5000.0,7.0,Electric,Manual,Second owner
2415,Hyundai,,2020,-1,22500.0,4.0,Hybrid,Automatic,Second owner
2416,Kia,Elantra,2001,28800,70500.0,23.0,Petrol,Automatic,First owner
2417,Hyundai,Altima,Year?,Error,105000.0,,Gas,Semi-Automatic,First owner
2418,Kia,Elantra,2013,43700,20000.0,11.0,Petrol,Manual,Refurbished
2419,Mercedes,Elantra,2011,25500,1500.0,13.0,Diesel,Automatic,
2420,Hyundai,,1992,Error,200500.0,32.0,Petrol,Semi-Automatic,Refurbished
2421,Mercedes,Corolla,2002,45000,71500.0,22.0,Hybrid,Semi-Automatic,First owner
2422,Hyundai,A4,2017,1400,104000.0,7.0,Petrol,Manual,Imported
2423,Ford,Sportage,1990,49900,178500.0,34.0,Petrol,Semi-Automatic,Fleet vehicle
2424,BMW,F-150,1997,30600,222500.0,27.0,Electric,Automatic,Refurbished
2425,Ford,Elantra,2001,38500,196000.0,23.0,Gas,Automatic,Second owner
2426,Nissan,F-150,2012,23800,213500.0,12.0,Hybrid,Semi-Automatic,Refurbished
2427,Mercedes,Altima,2022,44900,,2.0,Hybrid,Automatic,Fleet vehicle
2428,Nissan,Sportage,1992,43700,138000.0,32.0,Gas,Semi-Automatic,Fleet vehicle
2429,Nissan,Civic,2011,12000,242500.0,13.0,Hybrid,Semi-Automatic,Refurbished
2430,Honda,Unknown,1996,49300,-5000.0,28.0,Petrol,Manual,Imported
2431,Toyota,,2020,21400,221000.0,4.0,Diesel,Automatic,Second owner
2432,Ford,F-150,1996,7900,257000.0,28.0,Electric,Manual,
2433,BMW,Corolla,2018,29400,262500.0,6.0,Petrol,Semi-Automatic,Fleet vehicle
2434,Hyundai,F-150,2005,34600,259500.0,19.0,Diesel,Semi-Automatic,Refurbished
2435,Ford,Corolla,2008,16700,292000.0,16.0,Diesel,Semi-Automatic,
2436,Mercedes,X5,2005,32100,77000.0,19.0,Electric,Semi-Automatic,First owner
2437,Ford,X5,2010,23900,288000.0,14.0,Diesel,Automatic,Fleet vehicle
2438,Mercedes,Corolla,1991,46600,231500.0,33.0,Electric,Semi-Automatic,First owner
2439,Kia,Altima,2007,49400,31000.0,17.0,Diesel,Automatic,Fleet vehicle
2440,Kia,Civic,1996,8500,49500.0,28.0,Diesel,Automatic,Imported
2441,Audi,X5,1994,49400,297000.0,30.0,Gas,Automatic,Imported
2442,Mercedes,Corolla,2019,36400,117000.0,5.0,Petrol,Semi-Automatic,Imported
2443,Ford,X5,1992,13300,295500.0,32.0,Gas,Automatic,Imported
2444,Nissan,C-Class,,Error,276000.0,,Hybrid,Semi-Automatic,First owner
2445,Ford,F-150,2002,35900,250500.0,22.0,Petrol,Semi-Automatic,Fleet vehicle
2446,Ford,X5,2016,2500,274500.0,8.0,Gas,Semi-Automatic,Second owner
2447,Honda,Sportage,2021,25100,148500.0,3.0,Diesel,Manual,Fleet vehicle
2448,Hyundai,Sportage,1992,8200,283500.0,32.0,Electric,Manual,Second owner
2449,BMW,Civic,2003,24400,188500.0,21.0,Gas,Semi-Automatic,
2450,???,Corolla,1995,26100,131000.0,29.0,Diesel,Manual,Fleet vehicle
2451,Hyundai,Sportage,2015,35300,64000.0,9.0,Diesel,Manual,
2452,BMW,Impala,1998,45800,271500.0,26.0,Hybrid,Semi-Automatic,
2453,BMW,Civic,2022,14800,237500.0,2.0,Electric,Manual,Refurbished
2454,Audi,Sportage,2013,27400,165000.0,11.0,Gas,Semi-Automatic,First owner
2455,Audi,A4,1995,44300,133500.0,29.0,Gas,Manual,First owner
2456,Toyota,Elantra,2015,2700,182500.0,9.0,Hybrid,Automatic,Imported
2457,Kia,X5,2010,1700,144000.0,14.0,Diesel,Automatic,Imported
2458,Honda,Elantra,2005,18900,274500.0,19.0,Electric,Manual,Fleet vehicle
2459,Kia,Corolla,2013,7100,263500.0,11.0,Petrol,Semi-Automatic,Fleet vehicle
2460,Hyundai,Impala,1994,46900,134500.0,30.0,Petrol,Manual,Second owner
2461,Audi,Altima,1998,22200,112000.0,26.0,Diesel,Manual,Refurbished
2462,???,Corolla,2012,3400,165500.0,12.0,Gas,Manual,Refurbished
2463,Toyota,Sportage,1994,22900,206500.0,30.0,Gas,Semi-Automatic,Fleet vehicle
2464,BMW,F-150,1996,10600,4000.0,28.0,Diesel,Manual,First owner
2465,Kia,X5,Year?,19100,,,Hybrid,Semi-Automatic,First owner
2466,,Sportage,1993,28500,205000.0,31.0,Electric,Automatic,First owner
2467,Mercedes,Corolla,2012,31300,55000.0,12.0,Gas,Manual,
2468,Toyota,Corolla,2015,13300,36500.0,9.0,Gas,Semi-Automatic,
2469,Audi,X5,2021,40200,40500.0,3.0,Electric,Semi-Automatic,Fleet vehicle
2470,Ford,Elantra,1997,16200,,27.0,Electric,Manual,
2471,BMW,A4,2002,4900,260500.0,22.0,Electric,Automatic,Refurbished
2472,Kia,Corolla,2012,43100,20000.0,12.0,Petrol,Automatic,Refurbished
2473,Kia,Altima,1999,3500,-5000.0,25.0,Petrol,Automatic,Imported
2474,Mercedes,F-150,2020,-1,240000.0,4.0,Gas,Automatic,Fleet vehicle
2475,Hyundai,Corolla,1993,4400,-5000.0,31.0,Diesel,Automatic,First owner
2476,Ford,Altima,2012,3000,254000.0,12.0,Gas,Manual,Refurbished
2477,Nissan,Sportage,2021,43900,34500.0,3.0,Electric,Semi-Automatic,
2478,Hyundai,Corolla,1991,9700,253500.0,33.0,Electric,Semi-Automatic,Second owner
2479,Audi,Elantra,2013,10600,,11.0,Hybrid,Automatic,Fleet vehicle
2480,Kia,Corolla,2000,30400,219500.0,24.0,Petrol,Semi-Automatic,Second owner
2481,Honda,Elantra,2001,26700,62000.0,23.0,Diesel,Semi-Automatic,Imported
2482,Nissan,A4,2010,35500,139000.0,14.0,Gas,Automatic,Second owner
2483,BMW,Elantra,1991,20500,161000.0,33.0,Electric,Semi-Automatic,Fleet vehicle
2484,Chevrolet,A4,,15900,223500.0,,Electric,Semi-Automatic,Second owner
2485,Kia,Civic,2008,5800,,16.0,Diesel,Semi-Automatic,
2486,Hyundai,X5,2023,39600,277000.0,1.0,Petrol,Semi-Automatic,Refurbished
2487,Mercedes,Unknown,2021,28200,298500.0,3.0,Electric,Automatic,First owner
2488,Audi,F-150,Year?,16000,29000.0,,Petrol,Manual,
2489,Chevrolet,Corolla,2023,8600,142000.0,1.0,Gas,Semi-Automatic,Fleet vehicle
2490,Honda,Corolla,2017,,81500.0,7.0,Electric,Semi-Automatic,Second owner
2491,Toyota,Civic,1996,25500,247000.0,28.0,Hybrid,Semi-Automatic,
2492,Hyundai,A4,1997,20900,62000.0,27.0,Diesel,Manual,Fleet vehicle
2493,Ford,Altima,1993,16700,-5000.0,31.0,Hybrid,Semi-Automatic,First owner
2494,Toyota,Impala,1990,Error,45500.0,34.0,Hybrid,Automatic,First owner
2495,Hyundai,C-Class,2015,-1,286000.0,9.0,Gas,Automatic,
2496,Kia,Unknown,1994,43500,67000.0,30.0,Diesel,Automatic,Refurbished
2497,Toyota,Elantra,,42200,250500.0,,Gas,Automatic,Imported
2498,Honda,,1995,40600,168000.0,29.0,Diesel,Automatic,First owner
2499,Honda,X5,1995,Error,183500.0,29.0,Electric,Semi-Automatic,First owner
2500,Toyota,Corolla,2000,47900,80000.0,24.0,Gas,Manual,First owner
2501,Nissan,X5,2017,15600,53500.0,7.0,Hybrid,Automatic,Second owner
2502,Honda,Elantra,2023,Error,287500.0,1.0,Diesel,Semi-Automatic,Fleet vehicle
2503,Nissan,F-150,2005,25100,166500.0,19.0,Gas,Manual,Second owner
2504,Honda,X5,2004,,111000.0,20.0,Petrol,Automatic,First owner
2505,Audi,C-Class,1992,4000,-5000.0,32.0,Petrol,Manual,Fleet vehicle
2506,Toyota,Elantra,2009,37900,,15.0,Diesel,Automatic,
2507,Kia,A4,,26700,270000.0,,Hybrid,Manual,First owner
2508,Audi,Civic,2012,49400,87000.0,12.0,Petrol,Automatic,Refurbished
2509,Mercedes,A4,1990,29400,126000.0,34.0,Electric,Semi-Automatic,Second owner
2510,Chevrolet,Corolla,2019,21400,136000.0,5.0,Petrol,Automatic,Imported
2511,Mercedes,F-150,1997,44500,-5000.0,27.0,Gas,Manual,Imported
2512,Kia,C-Class,2004,2100,25500.0,20.0,Electric,Semi-Automatic,Imported
2513,Toyota,A4,,4000,211500.0,,Electric,Semi-Automatic,Imported
2514,Chevrolet,C-Class,2021,1600,51000.0,3.0,Electric,Automatic,
2515,Kia,Civic,2015,27000,232500.0,9.0,Diesel,Semi-Automatic,Second owner
2516,Chevrolet,Corolla,2014,34100,204000.0,10.0,Gas,Semi-Automatic,Second owner
2517,Hyundai,Elantra,1998,29800,102000.0,26.0,Electric,Semi-Automatic,Imported
2518,Nissan,Sportage,1997,23300,66500.0,27.0,Hybrid,Manual,
2519,Nissan,Sportage,2016,2100,47000.0,8.0,Hybrid,Manual,Refurbished
2520,,Civic,2023,7800,,1.0,Hybrid,Semi-Automatic,First owner
2521,Nissan,Civic,2022,6900,181000.0,2.0,Diesel,Semi-Automatic,Second owner
2522,Chevrolet,Elantra,2016,32100,202500.0,8.0,Diesel,Semi-Automatic,Imported
2523,Honda,Corolla,1994,30000,3500.0,30.0,Gas,Semi-Automatic,Imported
2524,Mercedes,Corolla,2018,8700,139000.0,6.0,Gas,Automatic,First owner
2525,Ford,Impala,1993,13300,28500.0,31.0,Petrol,Manual,Refurbished
2526,Kia,Altima,2008,39200,294000.0,16.0,Diesel,Manual,Refurbished
2527,,Altima,2020,4300,200500.0,4.0,Electric,Automatic,Second owner
2528,BMW,Sportage,2014,5300,,10.0,Diesel,Automatic,Second owner
2529,Ford,Elantra,1996,12100,,28.0,Petrol,Semi-Automatic,Fleet vehicle
2530,Nissan,Unknown,1991,19200,240500.0,33.0,Gas,Semi-Automatic,Imported
2531,BMW,Altima,2001,9100,102000.0,23.0,Diesel,Automatic,Refurbished
2532,Hyundai,Impala,1993,2000,21500.0,31.0,Diesel,Manual,Imported
2533,Hyundai,A4,2013,2200,,11.0,Petrol,Semi-Automatic,Fleet vehicle
2534,Toyota,Civic,1998,21900,252000.0,26.0,Electric,Manual,
2535,Chevrolet,C-Class,2015,43300,223500.0,9.0,Gas,Manual,First owner
2536,Ford,Civic,2018,18100,80000.0,6.0,Electric,Automatic,Imported
2537,Mercedes,Sportage,2009,,292500.0,15.0,Petrol,Manual,Fleet vehicle
2538,Toyota,Altima,2020,3200,272500.0,4.0,Electric,Semi-Automatic,Refurbished
2539,,Corolla,2017,41000,9500.0,7.0,Diesel,Semi-Automatic,First owner
2540,BMW,Civic,1996,17600,138500.0,28.0,Gas,Semi-Automatic,First owner
2541,Toyota,F-150,2010,30000,209500.0,14.0,Electric,Automatic,First owner
2542,???,C-Class,2009,44300,8000.0,15.0,Gas,Semi-Automatic,Imported
2543,Toyota,C-Class,1992,45100,40500.0,32.0,Diesel,Automatic,
2544,Audi,,,43000,210500.0,,Gas,Manual,Imported
2545,Hyundai,Sportage,2010,27900,,14.0,Gas,Automatic,Refurbished
2546,Hyundai,X5,2012,25800,24500.0,12.0,Gas,Semi-Automatic,Fleet vehicle
2547,Honda,C-Class,2001,25800,281000.0,23.0,Electric,Manual,Refurbished
2548,Ford,A4,2011,45400,69500.0,13.0,Hybrid,Manual,Imported
2549,Nissan,X5,2003,18300,264000.0,21.0,Petrol,Manual,Fleet vehicle
2550,Mercedes,C-Class,2014,20100,73000.0,10.0,Petrol,Automatic,Second owner
2551,Nissan,F-150,2021,14800,-5000.0,3.0,Hybrid,Manual,Second owner
2552,Toyota,Impala,2003,39800,17500.0,21.0,Diesel,Manual,First owner
2553,Nissan,Elantra,Year?,43000,1500.0,,Petrol,Automatic,First owner
2554,Kia,,1991,34500,,33.0,Diesel,Semi-Automatic,Refurbished
2555,Audi,Elantra,1999,25700,216500.0,25.0,Gas,Manual,
2556,Hyundai,Corolla,,,156500.0,,Petrol,Manual,Second owner
2557,Kia,Elantra,2005,7500,133500.0,19.0,Gas,Semi-Automatic,
2558,Toyota,Altima,2019,34500,91500.0,5.0,Hybrid,Automatic,Fleet vehicle
2559,Audi,X5,2019,Error,230500.0,5.0,Electric,Automatic,Refurbished
2560,Honda,A4,2011,46700,126500.0,13.0,Gas,Automatic,Fleet vehicle
2561,Nissan,Corolla,2021,,291000.0,3.0,Diesel,Manual,
2562,Nissan,A4,2021,-1,34000.0,3.0,Diesel,Automatic,Imported
2563,Toyota,Corolla,1999,5400,-5000.0,25.0,Diesel,Semi-Automatic,Second owner
2564,BMW,X5,2023,37200,143000.0,1.0,Electric,Manual,First owner
2565,Kia,Altima,2007,9600,56000.0,17.0,Petrol,Manual,Fleet vehicle
2566,Kia,A4,2022,9800,45000.0,2.0,Hybrid,Semi-Automatic,Second owner
2567,BMW,C-Class,2006,-1,28500.0,18.0,Diesel,Automatic,First owner
2568,Toyota,Elantra,2007,7700,252000.0,17.0,Hybrid,Manual,Second owner
2569,BMW,,1993,39800,176000.0,31.0,Electric,Manual,First owner
2570,Honda,Elantra,2002,6700,218500.0,22.0,Hybrid,Manual,First owner
2571,Audi,Elantra,2001,8100,109000.0,23.0,Gas,Semi-Automatic,Second owner
2572,Honda,C-Class,1993,11400,19500.0,31.0,Diesel,Automatic,First owner
2573,Chevrolet,X5,1998,21900,,26.0,Hybrid,Semi-Automatic,First owner
2574,Hyundai,Altima,2002,15300,205500.0,22.0,Diesel,Automatic,Fleet vehicle
2575,Audi,Impala,2017,32600,66000.0,7.0,Electric,Semi-Automatic,Refurbished
2576,BMW,A4,,6500,197500.0,,Gas,Semi-Automatic,First owner
2577,Ford,X5,2019,47400,54000.0,5.0,Hybrid,Manual,Second owner
2578,Mercedes,A4,2004,-1,297500.0,20.0,Gas,Semi-Automatic,Imported
2579,Kia,Impala,2020,41200,43000.0,4.0,Hybrid,Semi-Automatic,Imported
2580,Nissan,F-150,2016,28700,,8.0,Diesel,Automatic,Refurbished
2581,Mercedes,X5,2016,9600,251500.0,8.0,Gas,Manual,Fleet vehicle
2582,Toyota,Civic,1993,34500,258500.0,31.0,Diesel,Semi-Automatic,Imported
2583,Audi,A4,1990,36600,174500.0,34.0,Electric,Semi-Automatic,
2584,Audi,Unknown,2014,3700,28500.0,10.0,Hybrid,Automatic,Imported
2585,Audi,Altima,2000,5200,159000.0,24.0,Electric,Semi-Automatic,Refurbished
2586,Audi,X5,,26200,73500.0,,Electric,Automatic,Fleet vehicle
2587,Toyota,Sportage,1993,38200,265000.0,31.0,Gas,Automatic,Fleet vehicle
2588,Toyota,X5,2000,11000,19000.0,24.0,Gas,Automatic,Second owner
2589,Chevrolet,X5,2012,31100,95500.0,12.0,Diesel,Automatic,Fleet vehicle
2590,Ford,X5,2021,44300,140500.0,3.0,Hybrid,Manual,Refurbished
2591,Audi,Elantra,2010,32100,254500.0,14.0,Diesel,Semi-Automatic,
2592,Ford,F-150,1997,23100,251000.0,27.0,Petrol,Manual,Imported
2593,Hyundai,Civic,1993,22000,189000.0,31.0,Electric,Automatic,Refurbished
2594,Hyundai,X5,Year?,,73000.0,,Gas,Automatic,Fleet vehicle
2595,Nissan,X5,2003,30600,127500.0,21.0,Gas,Manual,Second owner
2596,???,C-Class,2016,14200,236500.0,8.0,Diesel,Manual,Refurbished
2597,Kia,C-Class,2002,12900,10500.0,22.0,Electric,Manual,Second owner
2598,Toyota,Elantra,2011,22300,262500.0,13.0,Electric,Manual,Second owner
2599,Kia,A4,2007,Error,120000.0,17.0,Gas,Semi-Automatic,Fleet vehicle
2600,Toyota,Civic,2006,30200,259500.0,18.0,Electric,Automatic,Imported
2601,Mercedes,Sportage,2011,32900,62000.0,13.0,Electric,Automatic,Second owner
2602,Mercedes,A4,1991,11400,118500.0,33.0,Diesel,Semi-Automatic,Refurbished
2603,Chevrolet,Civic,2014,47300,,10.0,Gas,Semi-Automatic,Fleet vehicle
2604,Nissan,C-Class,2023,4400,184500.0,1.0,Electric,Automatic,Second owner
2605,Mercedes,X5,2004,5800,158000.0,20.0,Petrol,Semi-Automatic,
2606,Audi,,2012,43100,241500.0,12.0,Petrol,Semi-Automatic,First owner
2607,BMW,Sportage,2014,23500,79500.0,10.0,Electric,Semi-Automatic,First owner
2608,Ford,Civic,1999,40900,230000.0,25.0,Electric,Automatic,Imported
2609,Audi,Elantra,1990,48600,126500.0,34.0,Hybrid,Manual,First owner
2610,Mercedes,F-150,1995,28200,176000.0,29.0,Petrol,Automatic,Second owner
2611,Mercedes,Elantra,2012,24000,217500.0,12.0,Electric,Manual,Imported
2612,BMW,Impala,2016,26700,95000.0,8.0,Hybrid,Manual,First owner
2613,Hyundai,A4,2018,19600,-5000.0,6.0,Diesel,Semi-Automatic,Fleet vehicle
2614,BMW,X5,2014,48700,,10.0,Petrol,Automatic,Imported
2615,Ford,Impala,1990,15100,187500.0,34.0,Gas,Semi-Automatic,Second owner
2616,Audi,Civic,1994,33600,78000.0,30.0,Hybrid,Automatic,Second owner
2617,Honda,Impala,1995,37700,148000.0,29.0,Diesel,Automatic,Refurbished
2618,Audi,F-150,1993,42400,169000.0,31.0,Gas,Semi-Automatic,
2619,Honda,C-Class,2017,7300,68000.0,7.0,Hybrid,Automatic,
2620,Ford,Corolla,1998,27900,291500.0,26.0,Hybrid,Semi-Automatic,Imported
2621,Mercedes,X5,2005,12100,10500.0,19.0,Gas,Manual,Refurbished
2622,Ford,Altima,2020,42000,211500.0,4.0,Petrol,Manual,Second owner
2623,Toyota,X5,2011,38000,,13.0,Hybrid,Manual,Refurbished
2624,Kia,Unknown,1996,3600,244500.0,28.0,Electric,Semi-Automatic,Refurbished
2625,Kia,Corolla,2009,,87500.0,15.0,Hybrid,Automatic,First owner
2626,BMW,F-150,Year?,7800,139000.0,,Electric,Manual,Second owner
2627,Ford,A4,2017,40800,144000.0,7.0,Gas,Semi-Automatic,Imported
2628,Mercedes,Altima,2021,48100,-5000.0,3.0,Gas,Semi-Automatic,Imported
2629,BMW,Altima,1996,14000,62500.0,28.0,Petrol,Automatic,Imported
2630,Chevrolet,X5,2020,36000,75000.0,4.0,Diesel,Manual,First owner
2631,Chevrolet,Impala,2020,16200,65000.0,4.0,Gas,Semi-Automatic,Fleet vehicle
2632,Audi,F-150,2016,16200,20500.0,8.0,Hybrid,Automatic,First owner
2633,Nissan,C-Class,,,49500.0,,Petrol,Manual,First owner
2634,Honda,Altima,1993,31800,110000.0,31.0,Electric,Semi-Automatic,Fleet vehicle
2635,BMW,Civic,2009,29800,208000.0,15.0,Hybrid,Automatic,
2636,Audi,Civic,Year?,Error,241500.0,,Electric,Manual,
2637,Nissan,Sportage,Year?,15100,199000.0,,Diesel,Semi-Automatic,First owner
2638,Chevrolet,A4,2016,27300,32000.0,8.0,Hybrid,Automatic,First owner
2639,Hyundai,,2005,10700,164500.0,19.0,Gas,Manual,Second owner
2640,Toyota,Corolla,1992,20400,34000.0,32.0,Electric,Manual,Imported
2641,Toyota,Sportage,2023,21100,181000.0,1.0,Electric,Automatic,
2642,BMW,Elantra,2023,37900,231500.0,1.0,Diesel,Semi-Automatic,Imported
2643,Audi,Sportage,1991,23000,231500.0,33.0,Electric,Automatic,Second owner
2644,BMW,Corolla,2002,45000,291000.0,22.0,Electric,Automatic,First owner
2645,???,X5,2019,36600,271000.0,5.0,Gas,Automatic,Fleet vehicle
2646,Ford,F-150,,45700,130500.0,,Electric,Manual,Imported
2647,,,1994,1800,217000.0,30.0,Gas,Semi-Automatic,Fleet vehicle
2648,BMW,Altima,1994,16600,229500.0,30.0,Gas,Semi-Automatic,Second owner
2649,Chevrolet,Impala,2017,26500,270500.0,7.0,Electric,Automatic,Second owner
2650,Mercedes,Corolla,2005,11800,66500.0,19.0,Diesel,Automatic,Imported
2651,Mercedes,X5,2023,25300,195500.0,1.0,Petrol,Manual,Fleet vehicle
2652,Honda,Altima,2010,25000,29000.0,14.0,Hybrid,Semi-Automatic,Refurbished
2653,Hyundai,Altima,2001,4400,259000.0,23.0,Petrol,Manual,Second owner
2654,Ford,,2012,44700,199500.0,12.0,Diesel,Semi-Automatic,Imported
2655,Hyundai,X5,1994,,,30.0,Petrol,Manual,Second owner
2656,Chevrolet,Sportage,2004,36700,180500.0,20.0,Diesel,Automatic,First owner
2657,Mercedes,Civic,1999,9500,199000.0,25.0,Gas,Manual,Imported
2658,Chevrolet,Impala,2007,49300,124500.0,17.0,Diesel,Automatic,Fleet vehicle
2659,Kia,Civic,1997,41200,215500.0,27.0,Hybrid,Automatic,First owner
2660,Toyota,Impala,1990,3500,267500.0,34.0,Diesel,Semi-Automatic,Refurbished
2661,???,C-Class,2002,18100,184500.0,22.0,Petrol,Automatic,
2662,Audi,Impala,1999,8000,146000.0,25.0,Gas,Semi-Automatic,
2663,Kia,Impala,2022,46800,236000.0,2.0,Diesel,Semi-Automatic,Imported
2664,Hyundai,Corolla,1997,42100,38500.0,27.0,Gas,Manual,
2665,Nissan,A4,1998,35800,227000.0,26.0,Diesel,Automatic,Imported
2666,Chevrolet,A4,2015,2700,102000.0,9.0,Diesel,Semi-Automatic,Imported
2667,Kia,Sportage,2023,19200,114500.0,1.0,Diesel,Semi-Automatic,
2668,Mercedes,Sportage,1993,49200,170000.0,31.0,Petrol,Semi-Automatic,Second owner
2669,Ford,Sportage,2015,25300,223000.0,9.0,Diesel,Automatic,Refurbished
2670,Honda,Civic,2014,6800,,10.0,Hybrid,Semi-Automatic,
2671,BMW,A4,0,14000,54500.0,,Gas,Automatic,Refurbished
2672,Nissan,,1991,17300,14000.0,33.0,Hybrid,Manual,Second owner
2673,Ford,Altima,2004,35100,203000.0,20.0,Diesel,Manual,Imported
2674,Kia,C-Class,2013,11600,31000.0,11.0,Electric,Automatic,Refurbished
2675,BMW,Impala,2017,40500,7500.0,7.0,Hybrid,Semi-Automatic,
2676,Mercedes,Impala,2009,4800,127500.0,15.0,Petrol,Semi-Automatic,
2677,BMW,Sportage,2015,40500,157500.0,9.0,Hybrid,Manual,Fleet vehicle
2678,Chevrolet,Corolla,2018,23800,221000.0,6.0,Gas,Manual,Refurbished
2679,Hyundai,C-Class,2009,45000,,15.0,Gas,Automatic,Refurbished
2680,Mercedes,X5,2020,48600,50000.0,4.0,Gas,Semi-Automatic,
2681,Nissan,X5,2004,32800,239500.0,20.0,Petrol,Automatic,First owner
2682,Ford,Altima,2002,39900,65500.0,22.0,Hybrid,Automatic,Fleet vehicle
2683,Hyundai,Corolla,1991,4900,41000.0,33.0,Diesel,Automatic,Imported
2684,BMW,Sportage,0,Error,174500.0,,Petrol,Manual,Fleet vehicle
2685,Audi,Impala,2002,15000,,22.0,Hybrid,Manual,First owner
2686,Toyota,Corolla,1990,3400,132000.0,34.0,Diesel,Manual,Second owner
2687,Mercedes,Altima,,9300,101000.0,,Hybrid,Manual,Imported
2688,Kia,Impala,1997,Error,131500.0,27.0,Electric,Semi-Automatic,First owner
2689,Audi,F-150,1998,43600,295000.0,26.0,Petrol,Semi-Automatic,First owner
2690,BMW,X5,2009,44700,67000.0,15.0,Petrol,Semi-Automatic,
2691,Toyota,X5,2002,,135000.0,22.0,Hybrid,Semi-Automatic,Refurbished
2692,Hyundai,Civic,2011,33100,31500.0,13.0,Electric,Automatic,
2693,Hyundai,F-150,1993,,212500.0,31.0,Petrol,Semi-Automatic,Imported
2694,Mercedes,C-Class,1992,29100,20000.0,32.0,Diesel,Manual,Fleet vehicle
2695,Hyundai,X5,2003,46200,185500.0,21.0,Petrol,Automatic,Imported
2696,Ford,Altima,2020,8600,281000.0,4.0,Diesel,Manual,First owner
2697,Toyota,Impala,2005,32700,7500.0,19.0,Diesel,Manual,Second owner
2698,Mercedes,Elantra,2014,36000,-5000.0,10.0,Diesel,Semi-Automatic,Refurbished
2699,Mercedes,X5,2018,3800,86500.0,6.0,Gas,Manual,Second owner
2700,Nissan,C-Class,1994,28700,192500.0,30.0,Hybrid,Manual,Second owner
2701,Nissan,Corolla,2002,22800,288000.0,22.0,Petrol,Manual,First owner
2702,Nissan,,2021,33500,277500.0,3.0,Petrol,Manual,
2703,Kia,Impala,2010,42900,258500.0,14.0,Hybrid,Semi-Automatic,First owner
2704,Hyundai,C-Class,2013,47700,142500.0,11.0,Petrol,Semi-Automatic,Fleet vehicle
2705,Honda,X5,2005,26700,209000.0,19.0,Petrol,Semi-Automatic,Fleet vehicle
2706,Chevrolet,Unknown,1994,41800,13000.0,30.0,Petrol,Semi-Automatic,Second owner
2707,Nissan,Corolla,1999,4300,253500.0,25.0,Hybrid,Semi-Automatic,
2708,Hyundai,Sportage,2002,36000,86500.0,22.0,Electric,Manual,Fleet vehicle
2709,Mercedes,X5,1996,29400,132000.0,28.0,Petrol,Manual,Second owner
2710,Mercedes,Impala,2019,11900,277000.0,5.0,Gas,Automatic,Imported
2711,Ford,Sportage,2000,4700,232500.0,24.0,Hybrid,Manual,Second owner
2712,Mercedes,Impala,2003,Error,95000.0,21.0,Hybrid,Manual,Fleet vehicle
2713,Hyundai,A4,1995,29600,189500.0,29.0,Gas,Manual,
2714,Kia,F-150,2015,33500,53500.0,9.0,Gas,Automatic,Second owner
2715,Chevrolet,Elantra,1995,12400,-5000.0,29.0,Petrol,Semi-Automatic,Imported
2716,Mercedes,Sportage,1998,4300,137000.0,26.0,Electric,Manual,
2717,Hyundai,X5,2023,-1,,1.0,Petrol,Automatic,Fleet vehicle
2718,Kia,Elantra,2023,17400,55500.0,1.0,Petrol,Semi-Automatic,Imported
2719,Ford,A4,2011,8700,43000.0,13.0,Gas,Semi-Automatic,Fleet vehicle
2720,BMW,Impala,2022,19900,9500.0,2.0,Hybrid,Automatic,
2721,Kia,F-150,2005,8700,,19.0,Petrol,Automatic,First owner
2722,Hyundai,Civic,2020,24200,53500.0,4.0,Electric,Semi-Automatic,Second owner
2723,Honda,Civic,2005,19100,105000.0,19.0,Electric,Manual,
2724,Audi,Altima,2021,14400,153500.0,3.0,Diesel,Automatic,Imported
2725,Mercedes,Corolla,2010,Error,,14.0,Gas,Semi-Automatic,Refurbished
2726,Ford,Corolla,2010,35900,175500.0,14.0,Hybrid,Automatic,Refurbished
2727,Toyota,Elantra,1994,24900,278500.0,30.0,Petrol,Automatic,
2728,Chevrolet,Elantra,1992,39100,202500.0,32.0,Hybrid,Semi-Automatic,Fleet vehicle
2729,Chevrolet,Impala,2013,3000,236000.0,11.0,Petrol,Semi-Automatic,Imported
2730,Audi,X5,2005,,-5000.0,19.0,Hybrid,Manual,Second owner
2731,Chevrolet,Civic,1998,14100,115000.0,26.0,Gas,Automatic,
2732,Toyota,Impala,1991,7100,107000.0,33.0,Hybrid,Semi-Automatic,Imported
2733,Audi,F-150,2012,19700,113000.0,12.0,Diesel,Automatic,Fleet vehicle
2734,Audi,Impala,1997,4700,298000.0,27.0,Hybrid,Manual,Refurbished
2735,Ford,Corolla,2018,49000,128500.0,6.0,Gas,Automatic,First owner
2736,Ford,X5,1991,6200,180000.0,33.0,Gas,Manual,
2737,Ford,C-Class,2023,45700,106500.0,1.0,Hybrid,Manual,Second owner
2738,BMW,Impala,1995,28700,2000.0,29.0,Electric,Manual,Second owner
2739,Nissan,Civic,2011,10800,236500.0,13.0,Petrol,Semi-Automatic,Imported
2740,Hyundai,Altima,2001,5200,85000.0,23.0,Diesel,Semi-Automatic,Fleet vehicle
2741,Audi,F-150,2010,4900,21500.0,14.0,Diesel,Manual,Imported
2742,Honda,Elantra,2021,17000,84000.0,3.0,Gas,Automatic,First owner
2743,Toyota,Corolla,2011,3000,-5000.0,13.0,Petrol,Semi-Automatic,Refurbished
2744,Kia,Altima,2003,37200,62000.0,21.0,Diesel,Semi-Automatic,Fleet vehicle
2745,Ford,Civic,2014,10000,250500.0,10.0,Petrol,Automatic,First owner
2746,???,Sportage,2002,29900,160000.0,22.0,Hybrid,Semi-Automatic,Imported
2747,Ford,A4,,36000,,,Hybrid,Manual,Refurbished
2748,Audi,A4,2020,,78000.0,4.0,Petrol,Semi-Automatic,Second owner
2749,Toyota,A4,1990,36600,,34.0,Hybrid,Manual,Second owner
2750,Kia,Sportage,2002,12400,,22.0,Electric,Automatic,
2751,Mercedes,Elantra,2005,3300,145000.0,19.0,Petrol,Automatic,Fleet vehicle
2752,Nissan,Corolla,2021,19700,162500.0,3.0,Gas,Semi-Automatic,Refurbished
2753,Toyota,,2015,33200,167000.0,9.0,Diesel,Automatic,First owner
2754,Honda,F-150,0,7200,91000.0,,Electric,Manual,
2755,Chevrolet,A4,2021,33500,238000.0,3.0,Petrol,Semi-Automatic,Second owner
2756,Toyota,Civic,2005,27600,57500.0,19.0,Gas,Manual,
2757,Ford,A4,2015,2000,121500.0,9.0,Electric,Manual,
2758,Ford,Civic,1996,,218500.0,28.0,Gas,Manual,Second owner
2759,Audi,Unknown,2017,9200,60000.0,7.0,Hybrid,Automatic,First owner
2760,Nissan,A4,2012,1800,243000.0,12.0,Gas,Manual,Second owner
2761,Chevrolet,Elantra,2003,10900,142500.0,21.0,Diesel,Manual,First owner
2762,Mercedes,X5,2013,29400,78000.0,11.0,Hybrid,Semi-Automatic,Fleet vehicle
2763,Hyundai,Corolla,2012,1700,79000.0,12.0,Diesel,Manual,Fleet vehicle
2764,Kia,Altima,2015,31700,12500.0,9.0,Diesel,Semi-Automatic,Fleet vehicle
2765,BMW,F-150,1990,4800,172500.0,34.0,Gas,Manual,
2766,Audi,A4,2001,25900,-5000.0,23.0,Gas,Automatic,Second owner
2767,Hyundai,Impala,0,5300,67500.0,,Petrol,Semi-Automatic,
2768,Mercedes,Civic,2000,12100,279000.0,24.0,Petrol,Manual,Second owner
2769,Audi,A4,2008,44900,41000.0,16.0,Petrol,Automatic,
2770,Mercedes,F-150,2001,24000,120000.0,23.0,Gas,Semi-Automatic,First owner
2771,Audi,X5,2008,1300,100500.0,16.0,Diesel,Automatic,Second owner
2772,Mercedes,Altima,2020,11900,105000.0,4.0,Electric,Automatic,Refurbished
2773,Chevrolet,Impala,2000,13200,8000.0,24.0,Electric,Automatic,Second owner
2774,Honda,C-Class,2014,-1,149000.0,10.0,Hybrid,Semi-Automatic,Second owner
2775,Hyundai,F-150,1994,11600,97000.0,30.0,Gas,Automatic,Imported
2776,Audi,X5,2017,49400,201500.0,7.0,Petrol,Manual,Imported
2777,BMW,Elantra,2020,24200,298000.0,4.0,Gas,Manual,Fleet vehicle
2778,Toyota,Elantra,2006,8200,151500.0,18.0,Petrol,Manual,Fleet vehicle
2779,Chevrolet,Corolla,2004,22900,288500.0,20.0,Gas,Manual,Second owner
2780,Chevrolet,Elantra,1992,47900,49500.0,32.0,Diesel,Automatic,Second owner
2781,Honda,Elantra,1997,4300,97000.0,27.0,Petrol,Semi-Automatic,Second owner
2782,Kia,,2023,2400,,1.0,Gas,Automatic,Refurbished
2783,Chevrolet,Sportage,2013,14100,218000.0,11.0,Gas,Semi-Automatic,Imported
2784,Ford,Elantra,1997,27000,51000.0,27.0,Gas,Automatic,
2785,BMW,Unknown,2005,12400,60500.0,19.0,Electric,Automatic,Refurbished
2786,Nissan,Altima,2017,42300,264000.0,7.0,Hybrid,Automatic,Second owner
2787,Hyundai,Impala,1999,31900,162500.0,25.0,Hybrid,Semi-Automatic,
2788,Honda,Civic,2000,13000,-5000.0,24.0,Diesel,Automatic,Fleet vehicle
2789,Kia,Corolla,2004,17600,27000.0,20.0,Diesel,Semi-Automatic,Fleet vehicle
2790,Mercedes,Sportage,2004,20300,80500.0,20.0,Gas,Manual,Imported
2791,Kia,C-Class,2002,23400,216500.0,22.0,Petrol,Semi-Automatic,First owner
2792,Honda,Elantra,2002,4900,88000.0,22.0,Gas,Manual,Refurbished
2793,Audi,Impala,1996,21000,23000.0,28.0,Hybrid,Semi-Automatic,First owner
2794,Nissan,C-Class,1995,6600,155500.0,29.0,Diesel,Automatic,
2795,Ford,Civic,2016,3500,162500.0,8.0,Electric,Manual,Fleet vehicle
2796,???,Elantra,2015,14500,112500.0,9.0,Gas,Semi-Automatic,
2797,Toyota,A4,2002,27500,138500.0,22.0,Diesel,Manual,First owner
2798,Ford,Civic,1999,41100,,25.0,Gas,Automatic,First owner
2799,Chevrolet,Civic,2003,21100,-5000.0,21.0,Gas,Manual,First owner
2800,Audi,Elantra,1993,1100,50000.0,31.0,Electric,Automatic,
2801,Hyundai,C-Class,2008,33000,239000.0,16.0,Hybrid,Automatic,Fleet vehicle
2802,Ford,Altima,2019,21600,54000.0,5.0,Petrol,Semi-Automatic,First owner
2803,Ford,Corolla,2011,2900,,13.0,Gas,Automatic,Fleet vehicle
2804,Chevrolet,Impala,1995,14600,17500.0,29.0,Hybrid,Semi-Automatic,Fleet vehicle
2805,Hyundai,Altima,2012,13200,154500.0,12.0,Electric,Automatic,Imported
2806,Nissan,Elantra,2009,20200,184500.0,15.0,Diesel,Automatic,
2807,Ford,Impala,1997,8400,30500.0,27.0,Petrol,Semi-Automatic,First owner
2808,Hyundai,Civic,2016,15700,31500.0,8.0,Petrol,Manual,Second owner
2809,Honda,Corolla,2002,18700,281000.0,22.0,Electric,Manual,
2810,Toyota,A4,2023,-1,73500.0,1.0,Diesel,Automatic,Second owner
2811,Hyundai,F-150,1999,37300,150000.0,25.0,Petrol,Automatic,
2812,Mercedes,Sportage,1992,44700,90000.0,32.0,Hybrid,Manual,Refurbished
2813,Kia,A4,,28600,294500.0,,Diesel,Automatic,Second owner
2814,Kia,Corolla,2011,30200,218000.0,13.0,Hybrid,Semi-Automatic,
2815,Toyota,Civic,2006,16500,235500.0,18.0,Electric,Semi-Automatic,First owner
2816,Ford,A4,1996,44000,230000.0,28.0,Electric,Automatic,Imported
2817,BMW,A4,1990,49900,139500.0,34.0,Electric,Automatic,First owner
2818,Hyundai,Sportage,2001,32300,80500.0,23.0,Hybrid,Automatic,
2819,Kia,Impala,2005,,208000.0,19.0,Diesel,Semi-Automatic,Refurbished
2820,Nissan,Elantra,2000,33200,-5000.0,24.0,Hybrid,Automatic,
2821,Chevrolet,Impala,2022,31700,219500.0,2.0,Diesel,Automatic,Second owner
2822,Nissan,Elantra,1995,41500,253500.0,29.0,Petrol,Semi-Automatic,Fleet vehicle
2823,Nissan,Civic,2014,2800,41000.0,10.0,Petrol,Automatic,Fleet vehicle
2824,Kia,Altima,2023,16200,261000.0,1.0,Diesel,Semi-Automatic,Imported
2825,Nissan,Corolla,1992,-1,230000.0,32.0,Diesel,Manual,Second owner
2826,Mercedes,Elantra,2012,17300,231000.0,12.0,Diesel,Semi-Automatic,Imported
2827,Hyundai,Sportage,1994,31400,191500.0,30.0,Petrol,Semi-Automatic,First owner
2828,Mercedes,A4,1994,46300,163500.0,30.0,Petrol,Manual,Fleet vehicle
2829,Mercedes,X5,1996,45800,59500.0,28.0,Diesel,Automatic,Imported
2830,Kia,A4,2014,43200,254000.0,10.0,Diesel,Automatic,Refurbished
2831,Honda,Altima,2019,25600,298500.0,5.0,Electric,Manual,Refurbished
2832,Nissan,Altima,1996,1100,297500.0,28.0,Gas,Manual,Second owner
2833,Audi,Altima,2020,8900,186500.0,4.0,Diesel,Manual,Imported
2834,Toyota,Elantra,2018,47300,73000.0,6.0,Petrol,Automatic,Refurbished
2835,Hyundai,F-150,1999,-1,,25.0,Diesel,Semi-Automatic,First owner
2836,Chevrolet,Altima,Year?,43900,108500.0,,Petrol,Semi-Automatic,Imported
2837,Kia,Altima,2017,Error,54500.0,7.0,Hybrid,Automatic,Second owner
2838,Audi,A4,2022,36200,-5000.0,2.0,Hybrid,Semi-Automatic,First owner
2839,Chevrolet,Corolla,1991,,179500.0,33.0,Electric,Automatic,
2840,Mercedes,F-150,2020,18800,32500.0,4.0,Electric,Automatic,Fleet vehicle
2841,Toyota,Civic,1998,47500,209500.0,26.0,Petrol,Manual,Fleet vehicle
2842,BMW,X5,2009,33100,93000.0,15.0,Electric,Manual,
2843,Audi,Civic,1993,37700,211000.0,31.0,Diesel,Automatic,Fleet vehicle
2844,Chevrolet,A4,2011,3100,168000.0,13.0,Hybrid,Semi-Automatic,Second owner
2845,Audi,Civic,2014,21900,165000.0,10.0,Gas,Automatic,Refurbished
2846,Chevrolet,F-150,2006,16400,237500.0,18.0,Gas,Semi-Automatic,
2847,Ford,C-Class,2001,36400,6500.0,23.0,Gas,Semi-Automatic,Fleet vehicle
2848,Nissan,A4,2017,26000,218000.0,7.0,Hybrid,Manual,Refurbished
2849,Nissan,Unknown,2023,18500,18000.0,1.0,Electric,Automatic,First owner
2850,Kia,Sportage,1996,49300,-5000.0,28.0,Petrol,Manual,
2851,Hyundai,Altima,2004,26600,,20.0,Hybrid,Semi-Automatic,Refurbished
2852,Chevrolet,Altima,2013,33500,225000.0,11.0,Diesel,Manual,Refurbished
2853,Nissan,Sportage,1998,,209500.0,26.0,Electric,Semi-Automatic,First owner
2854,Kia,Civic,1998,12400,119500.0,26.0,Petrol,Automatic,Second owner
2855,Toyota,X5,2006,44500,171500.0,18.0,Gas,Automatic,Fleet vehicle
2856,BMW,Civic,2005,36500,112000.0,19.0,Electric,Manual,Second owner
2857,Kia,Impala,2002,20300,84000.0,22.0,Petrol,Semi-Automatic,Fleet vehicle
2858,BMW,C-Class,2001,39400,231500.0,23.0,Petrol,Semi-Automatic,Fleet vehicle
2859,Nissan,Elantra,2015,30400,176000.0,9.0,Diesel,Semi-Automatic,Refurbished
2860,,Civic,1991,40100,29500.0,33.0,Petrol,Semi-Automatic,Refurbished
2861,Toyota,Sportage,0,46900,177000.0,,Gas,Automatic,
2862,Audi,Sportage,2007,17500,230000.0,17.0,Petrol,Semi-Automatic,Refurbished
2863,Nissan,Altima,2002,20700,202500.0,22.0,Electric,Automatic,Second owner
2864,Chevrolet,X5,1991,24100,,33.0,Gas,Semi-Automatic,
2865,Honda,Impala,1992,17300,,32.0,Diesel,Semi-Automatic,Fleet vehicle
2866,Toyota,Civic,1990,46600,112000.0,34.0,Electric,Manual,Refurbished
2867,Audi,A4,1993,25000,254000.0,31.0,Diesel,Automatic,Fleet vehicle
2868,Nissan,Impala,1990,12600,50000.0,34.0,Petrol,Automatic,Imported
2869,Ford,A4,2011,45200,290500.0,13.0,Hybrid,Semi-Automatic,Refurbished
2870,Hyundai,Elantra,2003,-1,228000.0,21.0,Diesel,Automatic,Second owner
2871,Hyundai,Impala,2014,10200,153000.0,10.0,Electric,Semi-Automatic,Fleet vehicle
2872,Kia,F-150,2006,29000,104500.0,18.0,Gas,Manual,First owner
2873,Toyota,Corolla,1993,32100,202500.0,31.0,Hybrid,Manual,Second owner
2874,Ford,Corolla,2009,28500,271000.0,15.0,Hybrid,Semi-Automatic,
2875,Nissan,Corolla,2014,24600,189000.0,10.0,Gas,Manual,Second owner
2876,Hyundai,Altima,2020,27000,100500.0,4.0,Electric,Manual,Fleet vehicle
2877,Kia,Sportage,2000,36400,118500.0,24.0,Petrol,Semi-Automatic,First owner
2878,Hyundai,X5,1998,2000,79000.0,26.0,Electric,Manual,Imported
2879,Toyota,Sportage,1991,18100,143000.0,33.0,Diesel,Semi-Automatic,Refurbished
2880,Hyundai,Impala,2021,-1,81500.0,3.0,Hybrid,Automatic,Imported
2881,Kia,X5,2007,,294000.0,17.0,Hybrid,Manual,Refurbished
2882,Toyota,Civic,2011,43200,121500.0,13.0,Electric,Manual,First owner
2883,Kia,Impala,2021,48700,217500.0,3.0,Gas,Automatic,Second owner
2884,Chevrolet,C-Class,1994,8900,,30.0,Diesel,Manual,Fleet vehicle
2885,Nissan,Civic,1997,44800,182000.0,27.0,Petrol,Automatic,Imported
2886,Kia,F-150,2022,25100,154000.0,2.0,Electric,Manual,Second owner
2887,,F-150,1991,28100,126000.0,33.0,Hybrid,Automatic,Refurbished
2888,Mercedes,Civic,2010,31900,38500.0,14.0,Hybrid,Automatic,Fleet vehicle
2889,Hyundai,Civic,2012,10000,222500.0,12.0,Petrol,Semi-Automatic,Refurbished
2890,Chevrolet,Impala,1991,49900,37500.0,33.0,Electric,Automatic,Imported
2891,Toyota,X5,2014,39300,188500.0,10.0,Petrol,Manual,Second owner
2892,???,Civic,2020,2300,260000.0,4.0,Hybrid,Automatic,Refurbished
2893,Kia,X5,2008,2500,217500.0,16.0,Electric,Automatic,Fleet vehicle
2894,Toyota,Altima,2023,28200,184500.0,1.0,Hybrid,Automatic,First owner
2895,Audi,Impala,2007,,-5000.0,17.0,Petrol,Semi-Automatic,
2896,Kia,Sportage,2022,46300,249500.0,2.0,Hybrid,Semi-Automatic,First owner
2897,Toyota,F-150,2008,14100,-5000.0,16.0,Gas,Semi-Automatic,First owner
2898,BMW,C-Class,2016,44200,161500.0,8.0,Hybrid,Manual,First owner
2899,Nissan,X5,0,,213000.0,,Electric,Semi-Automatic,Second owner
2900,Kia,F-150,2023,22000,130500.0,1.0,Diesel,Automatic,Fleet vehicle
2901,Ford,Impala,2021,23300,44500.0,3.0,Petrol,Automatic,Fleet vehicle
2902,BMW,Civic,2011,46100,,13.0,Electric,Manual,Imported
2903,Chevrolet,Impala,2014,29400,234500.0,10.0,Gas,Automatic,
2904,Mercedes,Altima,2003,45900,52000.0,21.0,Diesel,Manual,First owner
2905,BMW,Corolla,1990,29800,9500.0,34.0,Petrol,Semi-Automatic,First owner
2906,Ford,Elantra,2005,21400,2000.0,19.0,Electric,Manual,Imported
2907,Audi,Impala,2021,1200,73500.0,3.0,Petrol,Semi-Automatic,Imported
2908,BMW,Sportage,2016,33000,57000.0,8.0,Petrol,Automatic,Fleet vehicle
2909,BMW,Altima,Year?,24600,295500.0,,Petrol,Semi-Automatic,Fleet vehicle
2910,BMW,Elantra,2015,25700,69500.0,9.0,Electric,Manual,Fleet vehicle
2911,Audi,Altima,2007,25100,228000.0,17.0,Gas,Semi-Automatic,Fleet vehicle
2912,Mercedes,Altima,2008,48400,2000.0,16.0,Hybrid,Automatic,Refurbished
2913,Honda,A4,2001,21400,171000.0,23.0,Diesel,Automatic,Imported
2914,Ford,Sportage,Year?,35400,281500.0,,Petrol,Automatic,Imported
2915,Kia,Elantra,2002,20500,85500.0,22.0,Hybrid,Automatic,Imported
2916,Kia,A4,1993,23500,146000.0,31.0,Hybrid,Manual,Fleet vehicle
2917,Mercedes,Corolla,1993,4900,176000.0,31.0,Electric,Semi-Automatic,Imported
2918,Mercedes,Elantra,2017,,1500.0,7.0,Electric,Manual,Imported
2919,Chevrolet,C-Class,1990,17200,257000.0,34.0,Gas,Automatic,Refurbished
2920,Hyundai,C-Class,0,48900,99500.0,,Diesel,Semi-Automatic,Fleet vehicle
2921,Honda,Elantra,2015,23300,84500.0,9.0,Hybrid,Automatic,Imported
2922,Nissan,Civic,2019,32900,52000.0,5.0,Gas,Manual,Refurbished
2923,Mercedes,F-150,2020,28300,130500.0,4.0,Diesel,Automatic,
2924,Audi,Sportage,2000,23300,145500.0,24.0,Gas,Semi-Automatic,
2925,Ford,Altima,2005,25800,246000.0,19.0,Gas,Manual,Second owner
2926,Mercedes,,0,17200,162000.0,,Electric,Automatic,Refurbished
2927,Mercedes,C-Class,2011,24700,18500.0,13.0,Hybrid,Manual,First owner
2928,Mercedes,Sportage,1994,48800,237000.0,30.0,Petrol,Manual,Refurbished
2929,Honda,Impala,2012,41600,76000.0,12.0,Gas,Manual,Refurbished
2930,Toyota,Civic,2011,10700,170000.0,13.0,Hybrid,Manual,Refurbished
2931,Mercedes,Civic,2023,27900,251500.0,1.0,Gas,Automatic,Second owner
2932,Mercedes,Sportage,2018,37400,26500.0,6.0,Gas,Automatic,Imported
2933,BMW,Corolla,2023,23200,245000.0,1.0,Electric,Manual,Second owner
2934,Toyota,Altima,2001,49500,91500.0,23.0,Hybrid,Automatic,First owner
2935,Nissan,Altima,1993,34700,186500.0,31.0,Diesel,Semi-Automatic,Refurbished
2936,Mercedes,Unknown,1996,16000,248500.0,28.0,Hybrid,Semi-Automatic,Second owner
2937,Kia,Impala,2016,13400,268000.0,8.0,Diesel,Semi-Automatic,Imported
2938,Honda,Altima,2019,Error,289500.0,5.0,Hybrid,Semi-Automatic,Imported
2939,Audi,Impala,2013,10100,250500.0,11.0,Hybrid,Semi-Automatic,
2940,Mercedes,X5,1995,32600,268500.0,29.0,Diesel,Semi-Automatic,Imported
2941,BMW,Altima,1993,20200,255500.0,31.0,Diesel,Manual,Second owner
2942,Ford,A4,2017,36400,17000.0,7.0,Diesel,Semi-Automatic,First owner
2943,Ford,Elantra,2004,1500,-5000.0,20.0,Hybrid,Semi-Automatic,Second owner
2944,Mercedes,Elantra,2008,34000,121000.0,16.0,Gas,Semi-Automatic,Second owner
2945,???,C-Class,2006,42700,42500.0,18.0,Electric,Manual,Refurbished
2946,Chevrolet,A4,1991,45200,23000.0,33.0,Petrol,Manual,Second owner
2947,Toyota,Elantra,1993,Error,,31.0,Gas,Automatic,Second owner
2948,Toyota,Elantra,2000,8000,244000.0,24.0,Petrol,Automatic,Imported
2949,Audi,Sportage,2018,3600,165500.0,6.0,Diesel,Semi-Automatic,Imported
2950,Ford,Sportage,1992,30200,113500.0,32.0,Gas,Manual,Refurbished
2951,Audi,Sportage,1990,Error,127500.0,34.0,Hybrid,Manual,Refurbished
2952,Toyota,C-Class,2000,29600,41000.0,24.0,Electric,Manual,Fleet vehicle
2953,Honda,A4,2007,17300,-5000.0,17.0,Petrol,Automatic,Fleet vehicle
2954,Nissan,C-Class,2002,23200,26000.0,22.0,Electric,Automatic,Fleet vehicle
2955,Toyota,Corolla,2013,7600,7500.0,11.0,Petrol,Semi-Automatic,Refurbished
2956,Ford,Altima,2003,33500,,21.0,Petrol,Automatic,First owner
2957,Chevrolet,C-Class,2007,6400,,17.0,Petrol,Automatic,Refurbished
2958,Kia,Sportage,0,2600,141000.0,,Electric,Manual,Fleet vehicle
2959,Hyundai,A4,2013,32900,80000.0,11.0,Petrol,Semi-Automatic,Refurbished
2960,BMW,Elantra,1997,25600,175500.0,27.0,Electric,Semi-Automatic,Fleet vehicle
2961,Hyundai,Altima,2004,31900,252000.0,20.0,Electric,Automatic,Fleet vehicle
2962,Chevrolet,C-Class,2011,31400,83500.0,13.0,Hybrid,Semi-Automatic,Second owner
2963,Mercedes,Elantra,2011,21700,209000.0,13.0,Gas,Semi-Automatic,First owner
2964,???,Civic,2018,47100,65000.0,6.0,Electric,Manual,Refurbished
2965,Hyundai,Sportage,2013,7400,6500.0,11.0,Gas,Semi-Automatic,Imported
2966,Chevrolet,Sportage,2007,9100,63500.0,17.0,Diesel,Automatic,Fleet vehicle
2967,Toyota,Altima,2017,11800,128000.0,7.0,Hybrid,Manual,Imported
2968,Toyota,Impala,2018,3800,253500.0,6.0,Petrol,Manual,
2969,Audi,Sportage,1993,35000,-5000.0,31.0,Gas,Automatic,Second owner
2970,Toyota,Impala,2005,10200,163000.0,19.0,Diesel,Automatic,Second owner
2971,Hyundai,Civic,1997,43800,,27.0,Petrol,Automatic,Imported
2972,Hyundai,Altima,2015,17400,108000.0,9.0,Gas,Automatic,Refurbished
2973,Hyundai,Unknown,2011,Error,20500.0,13.0,Electric,Manual,Imported
2974,Nissan,F-150,2018,36400,164500.0,6.0,Hybrid,Automatic,Second owner
2975,Toyota,Sportage,2010,32100,126500.0,14.0,Gas,Automatic,
2976,Toyota,Altima,2016,19500,206500.0,8.0,Diesel,Semi-Automatic,Fleet vehicle
2977,Mercedes,Elantra,1991,31300,-5000.0,33.0,Electric,Manual,First owner
2978,Chevrolet,Sportage,2021,37400,117500.0,3.0,Diesel,Manual,
2979,Kia,Elantra,2014,15000,85000.0,10.0,Hybrid,Manual,
2980,Hyundai,Unknown,1999,24500,,25.0,Diesel,Manual,
2981,Audi,Sportage,1991,45500,229000.0,33.0,Hybrid,Manual,First owner
2982,Nissan,X5,1992,33300,18000.0,32.0,Electric,Automatic,Second owner
2983,Nissan,Altima,2010,46800,74000.0,14.0,Petrol,Automatic,Imported
2984,Hyundai,Altima,2008,-1,83000.0,16.0,Electric,Manual,Fleet vehicle
2985,Chevrolet,Civic,2016,48200,99000.0,8.0,Petrol,Automatic,
2986,Kia,Altima,1995,24000,162000.0,29.0,Petrol,Automatic,Fleet vehicle
2987,Mercedes,Altima,1998,11000,24000.0,26.0,Diesel,Semi-Automatic,First owner
2988,Hyundai,F-150,2007,15600,235500.0,17.0,Petrol,Automatic,Fleet vehicle
2989,Kia,A4,0,31700,285500.0,,Gas,Semi-Automatic,Refurbished
2990,Hyundai,Civic,2020,28700,17500.0,4.0,Gas,Automatic,Refurbished
2991,Kia,Elantra,2005,39300,212500.0,19.0,Gas,Automatic,First owner
2992,Audi,A4,1996,11900,185000.0,28.0,Petrol,Manual,Imported
2993,Kia,F-150,2000,4200,22000.0,24.0,Gas,Manual,Second owner
2994,BMW,A4,2017,30400,39000.0,7.0,Gas,Automatic,Imported
2995,Honda,Altima,2018,1300,,6.0,Gas,Manual,Second owner
2996,Chevrolet,Civic,2007,23400,132500.0,17.0,Hybrid,Semi-Automatic,Second owner
2997,Mercedes,Impala,2009,9100,106500.0,15.0,Gas,Automatic,Fleet vehicle
2998,Chevrolet,Sportage,1995,46000,16500.0,29.0,Gas,Automatic,First owner
2999,BMW,A4,2011,37500,108000.0,13.0,Diesel,Automatic,Refurbished
3000,Kia,Altima,2005,32200,112000.0,19.0,Gas,Automatic,Fleet vehicle
3001,Audi,A4,2020,35000,82500.0,4.0,Petrol,Manual,Refurbished
3002,Mercedes,Elantra,1995,15200,117000.0,29.0,Hybrid,Automatic,First owner
3003,,Sportage,2016,41300,78000.0,8.0,Diesel,Automatic,Second owner
3004,Audi,Sportage,2009,10000,100500.0,15.0,Electric,Automatic,Second owner
3005,Kia,Impala,2005,20600,57000.0,19.0,Petrol,Semi-Automatic,First owner
3006,,A4,2006,28000,277500.0,18.0,Hybrid,Manual,Second owner
3007,Nissan,A4,1997,17400,42000.0,27.0,Diesel,Semi-Automatic,Refurbished
3008,Toyota,Impala,2001,8700,207500.0,23.0,Diesel,Manual,
3009,Ford,Sportage,2011,18800,249000.0,13.0,Hybrid,Automatic,Refurbished
3010,,C-Class,2019,7300,48000.0,5.0,Hybrid,Manual,First owner
3011,Kia,Sportage,2018,30600,82000.0,6.0,Gas,Semi-Automatic,Fleet vehicle
3012,Kia,Unknown,2014,13600,66000.0,10.0,Gas,Manual,Imported
3013,Ford,Civic,2000,28400,26500.0,24.0,Electric,Automatic,First owner
3014,BMW,Elantra,2015,47100,104000.0,9.0,Hybrid,Semi-Automatic,Second owner
3015,Audi,Sportage,2011,23900,295000.0,13.0,Petrol,Manual,Fleet vehicle
3016,Mercedes,F-150,2022,45300,1000.0,2.0,Hybrid,Automatic,Second owner
3017,Chevrolet,Elantra,2014,32300,79500.0,10.0,Diesel,Automatic,Fleet vehicle
3018,Kia,Corolla,2022,42400,51000.0,2.0,Hybrid,Semi-Automatic,Refurbished
3019,Honda,Altima,1990,25400,32500.0,34.0,Diesel,Manual,Refurbished
3020,Audi,Elantra,,21600,28500.0,,Gas,Semi-Automatic,Refurbished
3021,Honda,Sportage,1999,44900,62500.0,25.0,Petrol,Semi-Automatic,Fleet vehicle
3022,Chevrolet,Corolla,1994,44700,177500.0,30.0,Petrol,Automatic,Second owner
3023,BMW,C-Class,2014,48500,213500.0,10.0,Diesel,Manual,Second owner
3024,Honda,F-150,2003,16700,287500.0,21.0,Gas,Semi-Automatic,Fleet vehicle
3025,Chevrolet,Corolla,1993,30500,,31.0,Diesel,Manual,Second owner
3026,Chevrolet,X5,2020,48100,,4.0,Hybrid,Semi-Automatic,Second owner
3027,Mercedes,Sportage,1997,43600,-5000.0,27.0,Diesel,Manual,Refurbished
3028,Kia,Impala,2014,38800,123500.0,10.0,Gas,Semi-Automatic,Imported
3029,Ford,Altima,2008,13400,296500.0,16.0,Diesel,Manual,Fleet vehicle
3030,Kia,Altima,2022,-1,36500.0,2.0,Diesel,Semi-Automatic,Imported
3031,BMW,F-150,,21300,214000.0,,Diesel,Semi-Automatic,Fleet vehicle
3032,Hyundai,Impala,1999,17000,53000.0,25.0,Diesel,Semi-Automatic,Fleet vehicle
3033,Toyota,F-150,1991,25200,206500.0,33.0,Gas,Automatic,Imported
3034,Toyota,Corolla,1990,24300,173500.0,34.0,Diesel,Automatic,
3035,Kia,Sportage,2003,49400,269000.0,21.0,Diesel,Semi-Automatic,Fleet vehicle
3036,BMW,Impala,2013,47500,166500.0,11.0,Electric,Manual,Second owner
3037,Ford,Corolla,2018,44500,266500.0,6.0,Electric,Manual,First owner
3038,Toyota,Impala,2021,31100,138000.0,3.0,Petrol,Semi-Automatic,Fleet vehicle
3039,Honda,Elantra,2022,3700,46000.0,2.0,Electric,Manual,First owner
3040,Ford,Altima,2014,45000,237500.0,10.0,Gas,Semi-Automatic,Second owner
3041,BMW,C-Class,0,33300,209000.0,,Hybrid,Semi-Automatic,Imported
3042,Ford,C-Class,2003,36200,100500.0,21.0,Diesel,Manual,
3043,Ford,Impala,2017,24300,268500.0,7.0,Hybrid,Automatic,Fleet vehicle
3044,Ford,C-Class,1995,26300,127500.0,29.0,Petrol,Automatic,First owner
3045,Chevrolet,A4,2017,,236500.0,7.0,Diesel,Semi-Automatic,Fleet vehicle
3046,BMW,Elantra,1997,41800,-5000.0,27.0,Electric,Automatic,Refurbished
3047,Audi,Corolla,2008,28100,137000.0,16.0,Electric,Manual,Second owner
3048,Nissan,Corolla,1992,13800,,32.0,Diesel,Manual,First owner
3049,Audi,A4,2000,1000,296500.0,24.0,Hybrid,Semi-Automatic,First owner
3050,Mercedes,F-150,2023,46300,64000.0,1.0,Petrol,Automatic,Second owner
3051,Kia,A4,2004,11200,70000.0,20.0,Gas,Manual,Refurbished
3052,Audi,A4,2006,12300,28000.0,18.0,Diesel,Semi-Automatic,First owner
3053,Toyota,Altima,2014,48600,10500.0,10.0,Petrol,Automatic,Imported
3054,BMW,A4,2006,29600,107500.0,18.0,Diesel,Manual,First owner
3055,Hyundai,Corolla,2001,33700,90000.0,23.0,Gas,Manual,Fleet vehicle
3056,Chevrolet,Civic,2023,1700,273500.0,1.0,Electric,Manual,Imported
3057,Audi,F-150,1992,7800,146000.0,32.0,Hybrid,Automatic,Second owner
3058,Nissan,Corolla,2021,17100,267000.0,3.0,Petrol,Automatic,Second owner
3059,Ford,A4,1994,31500,110500.0,30.0,Hybrid,Manual,First owner
3060,Toyota,Civic,2019,10000,272500.0,5.0,Diesel,Manual,Imported
3061,Nissan,Altima,2021,37900,102500.0,3.0,Petrol,Semi-Automatic,Fleet vehicle
3062,Toyota,X5,2003,21800,10500.0,21.0,Hybrid,Semi-Automatic,Second owner
3063,Nissan,Elantra,2009,-1,293000.0,15.0,Gas,Automatic,First owner
3064,Honda,C-Class,2000,31200,224000.0,24.0,Gas,Automatic,Refurbished
3065,Audi,Corolla,1995,2400,80000.0,29.0,Gas,Manual,
3066,BMW,Elantra,2020,49800,267000.0,4.0,Diesel,Automatic,
3067,Toyota,,1999,22300,257500.0,25.0,Petrol,Semi-Automatic,Fleet vehicle
3068,Nissan,A4,2023,-1,220000.0,1.0,Hybrid,Semi-Automatic,Fleet vehicle
3069,Ford,Altima,1995,16100,164500.0,29.0,Electric,Manual,
3070,Honda,Corolla,2013,16900,20000.0,11.0,Gas,Automatic,Second owner
3071,Honda,Altima,2023,45700,119000.0,1.0,Electric,Automatic,Fleet vehicle
3072,Hyundai,Unknown,1992,27700,,32.0,Electric,Automatic,Fleet vehicle
3073,Ford,X5,2000,9500,39000.0,24.0,Hybrid,Semi-Automatic,Fleet vehicle
3074,Ford,X5,2006,27500,-5000.0,18.0,Diesel,Automatic,
3075,Honda,Civic,Year?,22000,230500.0,,Gas,Manual,First owner
3076,Chevrolet,Corolla,2018,33500,130000.0,6.0,Electric,Semi-Automatic,Refurbished
3077,Kia,Corolla,2007,40300,93500.0,17.0,Electric,Semi-Automatic,Second owner
3078,Audi,Elantra,,-1,159000.0,,Gas,Automatic,First owner
3079,Hyundai,Civic,2014,21800,61500.0,10.0,Petrol,Semi-Automatic,Second owner
3080,Nissan,Civic,1999,34400,174000.0,25.0,Diesel,Semi-Automatic,Fleet vehicle
3081,Ford,C-Class,1994,42500,3000.0,30.0,Gas,Automatic,Imported
3082,Honda,Civic,2002,48300,196000.0,22.0,Diesel,Semi-Automatic,
3083,Nissan,F-150,2021,34800,81500.0,3.0,Petrol,Manual,Refurbished
3084,Honda,Corolla,1996,31000,17500.0,28.0,Diesel,Semi-Automatic,Fleet vehicle
3085,???,Elantra,2019,,135000.0,5.0,Gas,Automatic,Imported
3086,BMW,Elantra,1991,28600,97000.0,33.0,Diesel,Manual,First owner
3087,Chevrolet,X5,2007,47700,,17.0,Petrol,Manual,
3088,Nissan,Elantra,2022,-1,231000.0,2.0,Gas,Semi-Automatic,First owner
3089,BMW,X5,0,46600,201000.0,,Hybrid,Manual,
3090,Audi,Impala,1998,47400,-5000.0,26.0,Hybrid,Automatic,Imported
3091,BMW,Elantra,1998,47100,55000.0,26.0,Hybrid,Manual,Refurbished
3092,Toyota,Corolla,1994,15400,58000.0,30.0,Petrol,Manual,Fleet vehicle
3093,Honda,Altima,1998,12400,163500.0,26.0,Hybrid,Manual,
3094,Ford,Altima,1994,,215500.0,30.0,Hybrid,Automatic,Fleet vehicle
3095,Honda,X5,2011,30800,281500.0,13.0,Petrol,Automatic,Fleet vehicle
3096,Honda,Sportage,1996,30000,227500.0,28.0,Petrol,Manual,First owner
3097,Ford,Elantra,2012,42300,17000.0,12.0,Gas,Automatic,Second owner
3098,BMW,Civic,2005,20500,295500.0,19.0,Diesel,Automatic,First owner
3099,Ford,Corolla,2011,15500,110000.0,13.0,Gas,Manual,Second owner
3100,Toyota,F-150,1999,-1,32000.0,25.0,Electric,Manual,Imported
3101,Mercedes,X5,2018,41100,209500.0,6.0,Electric,Manual,
3102,Kia,Corolla,1999,30700,109500.0,25.0,Gas,Automatic,First owner
3103,BMW,X5,1991,Error,147500.0,33.0,Hybrid,Manual,Imported
3104,Nissan,Elantra,2021,23100,261000.0,3.0,Gas,Manual,
3105,Honda,Elantra,2013,-1,114500.0,11.0,Hybrid,Automatic,Refurbished
3106,Ford,X5,2002,39800,107500.0,22.0,Electric,Automatic,
3107,Chevrolet,Impala,1996,4000,263000.0,28.0,Gas,Manual,Second owner
3108,Honda,Impala,2021,33400,238500.0,3.0,Diesel,Automatic,Fleet vehicle
3109,Hyundai,Sportage,1994,39700,49000.0,30.0,Diesel,Semi-Automatic,Imported
3110,Mercedes,Sportage,2018,28200,243000.0,6.0,Diesel,Semi-Automatic,Imported
3111,Honda,Impala,0,22300,179500.0,,Gas,Manual,
3112,Honda,Sportage,1997,22600,247000.0,27.0,Diesel,Manual,First owner
3113,Mercedes,Sportage,2002,42200,118500.0,22.0,Petrol,Semi-Automatic,Fleet vehicle
3114,Kia,A4,2001,45500,,23.0,Petrol,Manual,Fleet vehicle
3115,Honda,Corolla,2022,,182000.0,2.0,Gas,Manual,Second owner
3116,Nissan,Altima,2018,31400,95500.0,6.0,Electric,Automatic,Fleet vehicle
3117,BMW,C-Class,2023,45400,226000.0,1.0,Diesel,Semi-Automatic,Fleet vehicle
3118,Kia,Altima,2000,23300,264500.0,24.0,Petrol,Automatic,Imported
3119,Nissan,A4,1998,38600,196500.0,26.0,Diesel,Automatic,Refurbished
3120,BMW,Elantra,2017,49900,238000.0,7.0,Petrol,Manual,
3121,Toyota,Civic,2005,20600,168000.0,19.0,Electric,Manual,Refurbished
3122,BMW,F-150,2018,25200,186500.0,6.0,Gas,Manual,Refurbished
3123,Chevrolet,Impala,2004,17000,71000.0,20.0,Gas,Manual,Fleet vehicle
3124,Kia,Corolla,1994,Error,122500.0,30.0,Diesel,Automatic,
3125,Toyota,Civic,2013,44000,5500.0,11.0,Hybrid,Automatic,Refurbished
3126,???,Altima,1993,36100,192000.0,31.0,Hybrid,Manual,Imported
3127,Chevrolet,Unknown,2008,47600,290000.0,16.0,Gas,Manual,
3128,Toyota,Sportage,2015,17200,1000.0,9.0,Electric,Semi-Automatic,Second owner
3129,Hyundai,F-150,1991,41000,140500.0,33.0,Gas,Semi-Automatic,First owner
3130,Hyundai,Elantra,1995,25600,189000.0,29.0,Electric,Automatic,
3131,Toyota,C-Class,2001,15800,174000.0,23.0,Electric,Semi-Automatic,
3132,Audi,X5,1992,48200,155500.0,32.0,Electric,Manual,Fleet vehicle
3133,Toyota,X5,2021,46100,182000.0,3.0,Electric,Automatic,
3134,Honda,Civic,2008,48600,59000.0,16.0,Petrol,Manual,First owner
3135,Ford,Unknown,1994,8500,267000.0,30.0,Hybrid,Manual,
3136,Kia,Civic,1993,10800,131000.0,31.0,Electric,Semi-Automatic,Imported
3137,Ford,Corolla,2007,36900,257000.0,17.0,Electric,Manual,Imported
3138,Hyundai,F-150,2020,37100,34500.0,4.0,Petrol,Semi-Automatic,Second owner
3139,Toyota,X5,2015,4400,49500.0,9.0,Hybrid,Semi-Automatic,Fleet vehicle
3140,Honda,F-150,2015,20800,295500.0,9.0,Hybrid,Automatic,Fleet vehicle
3141,Kia,Altima,Year?,15000,124000.0,,Electric,Manual,Second owner
3142,Ford,X5,2005,35600,263000.0,19.0,Hybrid,Automatic,
3143,Ford,Civic,1995,45800,5500.0,29.0,Gas,Semi-Automatic,First owner
3144,Ford,F-150,2011,11900,223000.0,13.0,Gas,Automatic,
3145,Mercedes,Sportage,2013,12200,9000.0,11.0,Hybrid,Automatic,First owner
3146,Chevrolet,X5,2010,40800,129000.0,14.0,Hybrid,Semi-Automatic,Second owner
3147,Chevrolet,F-150,1995,-1,191500.0,29.0,Electric,Manual,Second owner
3148,Audi,Impala,2000,15400,224000.0,24.0,Electric,Semi-Automatic,Second owner
3149,Ford,Civic,2001,-1,,23.0,Electric,Semi-Automatic,Second owner
3150,BMW,F-150,2013,28800,154000.0,11.0,Electric,Semi-Automatic,Second owner
3151,Hyundai,Civic,2015,26900,227000.0,9.0,Hybrid,Manual,Imported
3152,Hyundai,Impala,1992,17300,107500.0,32.0,Electric,Automatic,Refurbished
3153,Kia,Elantra,,44600,282000.0,,Gas,Automatic,First owner
3154,Honda,Impala,1999,11500,284500.0,25.0,Petrol,Automatic,Imported
3155,???,Sportage,2023,45300,158500.0,1.0,Gas,Semi-Automatic,Second owner
3156,Nissan,Sportage,1995,,53500.0,29.0,Hybrid,Manual,Fleet vehicle
3157,Toyota,A4,2022,23600,-5000.0,2.0,Diesel,Semi-Automatic,First owner
3158,Honda,A4,2022,5100,108000.0,2.0,Diesel,Semi-Automatic,Fleet vehicle
3159,Mercedes,Impala,2004,15400,15500.0,20.0,Hybrid,Manual,Imported
3160,???,C-Class,1997,9700,131500.0,27.0,Petrol,Automatic,Refurbished
3161,Chevrolet,Civic,2012,,79000.0,12.0,Hybrid,Automatic,First owner
3162,Nissan,Altima,2000,37000,253500.0,24.0,Gas,Manual,
3163,Audi,Unknown,2009,32900,30500.0,15.0,Hybrid,Semi-Automatic,Imported
3164,Audi,Civic,2004,13100,100500.0,20.0,Hybrid,Semi-Automatic,Second owner
3165,Toyota,X5,2005,,285500.0,19.0,Petrol,Manual,First owner
3166,Toyota,Corolla,1999,16100,210000.0,25.0,Diesel,Manual,First owner
3167,Ford,A4,2003,38300,197500.0,21.0,Electric,Automatic,
3168,Nissan,Unknown,1996,32000,-5000.0,28.0,Petrol,Manual,
3169,Mercedes,C-Class,2012,40300,1000.0,12.0,Petrol,Manual,Imported
3170,Chevrolet,Altima,2012,38400,84000.0,12.0,Hybrid,Automatic,Imported
3171,Hyundai,X5,1998,30800,166000.0,26.0,Petrol,Automatic,
3172,Toyota,A4,2015,36100,260500.0,9.0,Petrol,Semi-Automatic,Second owner
3173,Nissan,A4,1990,,49000.0,34.0,Diesel,Manual,Refurbished
3174,Hyundai,Altima,2001,41500,-5000.0,23.0,Gas,Semi-Automatic,Refurbished
3175,Kia,Corolla,2003,27500,,21.0,Petrol,Automatic,First owner
3176,Ford,C-Class,2023,35300,23000.0,1.0,Diesel,Automatic,Second owner
3177,Toyota,X5,2001,18400,241500.0,23.0,Hybrid,Manual,Second owner
3178,???,F-150,1992,21900,16500.0,32.0,Hybrid,Manual,Refurbished
3179,Hyundai,Impala,2000,37200,162500.0,24.0,Electric,Automatic,
3180,Kia,X5,2018,16600,149500.0,6.0,Electric,Semi-Automatic,Fleet vehicle
3181,Kia,Sportage,1991,9300,270500.0,33.0,Hybrid,Manual,Imported
3182,Mercedes,Sportage,1999,12000,123000.0,25.0,Hybrid,Manual,First owner
3183,Hyundai,C-Class,1993,25700,176500.0,31.0,Electric,Automatic,
3184,Nissan,F-150,2005,4700,69000.0,19.0,Gas,Semi-Automatic,Imported
3185,Hyundai,Sportage,,11500,,,Hybrid,Manual,Second owner
3186,Hyundai,Corolla,2003,35800,248500.0,21.0,Hybrid,Semi-Automatic,Fleet vehicle
3187,BMW,Unknown,2020,25500,245000.0,4.0,Petrol,Automatic,First owner
3188,???,Corolla,2013,5500,-5000.0,11.0,Diesel,Automatic,Second owner
3189,Mercedes,Elantra,2001,10400,30000.0,23.0,Diesel,Semi-Automatic,
3190,Ford,Altima,2017,24100,114000.0,7.0,Electric,Semi-Automatic,Fleet vehicle
3191,BMW,Altima,2010,45600,208000.0,14.0,Petrol,Manual,
3192,Mercedes,Altima,2013,39900,92500.0,11.0,Hybrid,Semi-Automatic,Imported
3193,Audi,Impala,2022,28200,27000.0,2.0,Gas,Automatic,
3194,Ford,A4,1991,11600,27000.0,33.0,Hybrid,Manual,Second owner
3195,Honda,X5,2009,,1000.0,15.0,Petrol,Manual,Second owner
3196,BMW,A4,2012,16300,282000.0,12.0,Electric,Manual,Refurbished
3197,Ford,Sportage,2016,17800,261000.0,8.0,Petrol,Semi-Automatic,First owner
3198,Audi,Elantra,1998,46300,129500.0,26.0,Diesel,Automatic,
3199,Honda,Impala,2005,3400,90500.0,19.0,Petrol,Semi-Automatic,
3200,Mercedes,X5,2007,24700,158000.0,17.0,Gas,Automatic,Imported
3201,Audi,Elantra,1992,47600,271500.0,32.0,Diesel,Semi-Automatic,Imported
3202,Honda,Elantra,2008,8000,203000.0,16.0,Petrol,Semi-Automatic,
3203,???,Corolla,2023,6400,113000.0,1.0,Gas,Manual,Second owner
3204,BMW,Corolla,0,24200,76000.0,,Gas,Manual,Imported
3205,BMW,C-Class,1990,13300,130500.0,34.0,Gas,Automatic,First owner
3206,Ford,A4,2013,-1,251500.0,11.0,Petrol,Semi-Automatic,Refurbished
3207,Kia,Unknown,2015,2400,145500.0,9.0,Petrol,Manual,Second owner
3208,Audi,Sportage,1992,8600,128500.0,32.0,Electric,Manual,Fleet vehicle
3209,Hyundai,Civic,1991,Error,147000.0,33.0,Electric,Automatic,Second owner
3210,Honda,Corolla,Year?,38000,88000.0,,Hybrid,Automatic,First owner
3211,,X5,2015,46600,80500.0,9.0,Electric,Semi-Automatic,First owner
3212,Toyota,X5,1990,15900,227000.0,34.0,Electric,Manual,Second owner
3213,Hyundai,Impala,2016,26200,103500.0,8.0,Gas,Semi-Automatic,Fleet vehicle
3214,Kia,A4,2005,9500,205500.0,19.0,Electric,Manual,Fleet vehicle
3215,Nissan,Impala,2001,35800,131000.0,23.0,Electric,Semi-Automatic,Refurbished
3216,Mercedes,F-150,2005,-1,126500.0,19.0,Electric,Manual,
3217,Kia,C-Class,1997,22400,,27.0,Gas,Manual,Refurbished
3218,???,C-Class,2009,7000,31500.0,15.0,Petrol,Semi-Automatic,Second owner
3219,Hyundai,C-Class,2003,8100,237000.0,21.0,Petrol,Automatic,
3220,Mercedes,C-Class,1993,14500,75500.0,31.0,Diesel,Semi-Automatic,Imported
3221,Honda,X5,2021,Error,227000.0,3.0,Gas,Manual,Imported
3222,Kia,Sportage,1991,22500,257500.0,33.0,Electric,Automatic,Imported
3223,Honda,A4,2003,24800,23500.0,21.0,Petrol,Automatic,Imported
3224,Audi,Civic,1995,41400,263500.0,29.0,Electric,Semi-Automatic,First owner
3225,Ford,Civic,2000,12100,274000.0,24.0,Diesel,Manual,Second owner
3226,Ford,Corolla,1995,41700,124500.0,29.0,Diesel,Automatic,First owner
3227,BMW,Civic,2017,-1,121000.0,7.0,Electric,Semi-Automatic,First owner
3228,,Corolla,1993,21300,223000.0,31.0,Diesel,Automatic,First owner
3229,Ford,F-150,2020,36400,54500.0,4.0,Electric,Automatic,Fleet vehicle
3230,BMW,A4,2017,17800,97500.0,7.0,Gas,Semi-Automatic,Fleet vehicle
3231,Chevrolet,Impala,2000,17600,238000.0,24.0,Electric,Automatic,Refurbished
3232,BMW,Altima,2019,15100,198000.0,5.0,Diesel,Manual,Refurbished
3233,Toyota,Impala,2002,13100,267000.0,22.0,Diesel,Semi-Automatic,Fleet vehicle
3234,Ford,Civic,2009,34000,173000.0,15.0,Petrol,Automatic,Fleet vehicle
3235,Chevrolet,X5,2019,22100,67000.0,5.0,Gas,Semi-Automatic,First owner
3236,Hyundai,C-Class,2009,,-5000.0,15.0,Petrol,Manual,Fleet vehicle
3237,Toyota,Corolla,2002,25400,175500.0,22.0,Petrol,Automatic,Second owner
3238,Hyundai,Corolla,2020,38500,177000.0,4.0,Diesel,Manual,Fleet vehicle
3239,Honda,A4,1990,9300,246500.0,34.0,Electric,Automatic,
3240,Hyundai,Corolla,1997,4200,284500.0,27.0,Diesel,Manual,Second owner
3241,Honda,Altima,1990,41800,103000.0,34.0,Electric,Manual,Imported
3242,Honda,Civic,1996,17700,284000.0,28.0,Electric,Manual,Fleet vehicle
3243,Chevrolet,Civic,2016,40900,287000.0,8.0,Diesel,Manual,Refurbished
3244,Audi,C-Class,2013,14700,-5000.0,11.0,Petrol,Manual,First owner
3245,BMW,A4,2021,30200,,3.0,Diesel,Manual,Imported
3246,Mercedes,X5,2009,46200,213500.0,15.0,Electric,Semi-Automatic,Fleet vehicle
3247,Mercedes,X5,1999,41000,114500.0,25.0,Gas,Automatic,Fleet vehicle
3248,Kia,Impala,2019,44200,154000.0,5.0,Hybrid,Automatic,First owner
3249,Honda,Corolla,2013,39300,297500.0,11.0,Gas,Manual,Imported
3250,Nissan,Elantra,2014,14500,98000.0,10.0,Electric,Semi-Automatic,Refurbished
3251,Honda,X5,2014,11700,27500.0,10.0,Hybrid,Semi-Automatic,First owner
3252,Nissan,X5,,43300,121500.0,,Hybrid,Manual,Fleet vehicle
3253,Honda,C-Class,1992,38600,144500.0,32.0,Petrol,Manual,First owner
3254,Toyota,Civic,1995,49100,51500.0,29.0,Petrol,Semi-Automatic,Second owner
3255,Nissan,Civic,2020,43400,,4.0,Gas,Automatic,Refurbished
3256,Kia,Civic,2004,11800,11500.0,20.0,Gas,Automatic,First owner
3257,Hyundai,Elantra,2004,22100,33500.0,20.0,Diesel,Semi-Automatic,Imported
3258,Hyundai,F-150,2020,46000,230500.0,4.0,Petrol,Semi-Automatic,Fleet vehicle
3259,Chevrolet,Elantra,1992,25700,259000.0,32.0,Gas,Automatic,Fleet vehicle
3260,Nissan,Unknown,2011,37500,122500.0,13.0,Electric,Semi-Automatic,Refurbished
3261,Honda,C-Class,1999,,126500.0,25.0,Diesel,Automatic,Fleet vehicle
3262,Ford,Civic,2022,26600,9500.0,2.0,Gas,Semi-Automatic,Second owner
3263,Mercedes,Elantra,2005,48800,228000.0,19.0,Gas,Manual,Second owner
3264,Ford,Corolla,1998,28700,147000.0,26.0,Gas,Automatic,Refurbished
3265,Toyota,Sportage,1991,22500,54500.0,33.0,Electric,Automatic,First owner
3266,Audi,X5,1994,17400,167500.0,30.0,Electric,Semi-Automatic,
3267,Hyundai,F-150,2004,15500,64500.0,20.0,Electric,Manual,First owner
3268,Toyota,Civic,2004,11100,215000.0,20.0,Petrol,Semi-Automatic,
3269,Toyota,F-150,2016,12600,268500.0,8.0,Electric,Automatic,Fleet vehicle
3270,Ford,A4,1993,44700,126000.0,31.0,Gas,Semi-Automatic,Imported
3271,Audi,Sportage,0,12100,14500.0,,Electric,Manual,Refurbished
3272,???,Elantra,2007,11100,71500.0,17.0,Electric,Semi-Automatic,Fleet vehicle
3273,Mercedes,Civic,2023,8500,44000.0,1.0,Gas,Automatic,Second owner
3274,Honda,Impala,2008,24800,263500.0,16.0,Electric,Semi-Automatic,
3275,BMW,Sportage,1991,34600,179500.0,33.0,Hybrid,Automatic,
3276,Nissan,Elantra,1999,43000,49000.0,25.0,Petrol,Manual,Refurbished
3277,Nissan,F-150,2003,4800,103000.0,21.0,Diesel,Automatic,
3278,Audi,X5,2002,3300,248500.0,22.0,Petrol,Manual,Imported
3279,Nissan,Altima,2011,35300,175000.0,13.0,Electric,Automatic,First owner
3280,Honda,A4,2009,7800,247000.0,15.0,Petrol,Manual,Fleet vehicle
3281,Ford,A4,1991,26000,9000.0,33.0,Gas,Manual,
3282,Kia,Sportage,1998,9400,194500.0,26.0,Diesel,Automatic,Fleet vehicle
3283,Kia,Elantra,2012,16700,111500.0,12.0,Electric,Manual,Refurbished
3284,Nissan,Sportage,1990,35100,22500.0,34.0,Diesel,Automatic,Imported
3285,Toyota,Altima,2009,6000,,15.0,Electric,Manual,Refurbished
3286,Chevrolet,Elantra,1995,,278500.0,29.0,Petrol,Semi-Automatic,Second owner
3287,Mercedes,F-150,2011,33600,96000.0,13.0,Hybrid,Automatic,Second owner
3288,Honda,Civic,1993,19400,25000.0,31.0,Petrol,Semi-Automatic,Refurbished
3289,BMW,F-150,2016,21300,80500.0,8.0,Petrol,Semi-Automatic,Refurbished
3290,Chevrolet,F-150,2021,36700,261500.0,3.0,Petrol,Semi-Automatic,
3291,BMW,A4,2009,5000,103500.0,15.0,Hybrid,Semi-Automatic,Second owner
3292,Chevrolet,C-Class,2023,11600,220000.0,1.0,Gas,Semi-Automatic,Imported
3293,Audi,Impala,2020,37900,232000.0,4.0,Diesel,Manual,First owner
3294,Hyundai,Altima,1994,31300,,30.0,Electric,Semi-Automatic,Fleet vehicle
3295,Mercedes,A4,2012,49000,206500.0,12.0,Hybrid,Semi-Automatic,First owner
3296,Hyundai,F-150,2006,7300,,18.0,Diesel,Automatic,
3297,Nissan,Impala,1992,17500,202000.0,32.0,Hybrid,Manual,Second owner
3298,Mercedes,X5,2015,19200,3500.0,9.0,Petrol,Manual,Imported
3299,Audi,Sportage,1997,44300,67500.0,27.0,Electric,Manual,Second owner
3300,Ford,A4,2017,43400,235000.0,7.0,Electric,Automatic,Refurbished
3301,Toyota,X5,1992,27900,96000.0,32.0,Petrol,Semi-Automatic,Refurbished
3302,BMW,Sportage,2001,31100,135500.0,23.0,Gas,Automatic,First owner
3303,Chevrolet,Impala,2005,29500,109000.0,19.0,Gas,Automatic,
3304,Hyundai,A4,2012,43100,201000.0,12.0,Electric,Automatic,Fleet vehicle
3305,Audi,F-150,2006,26400,49500.0,18.0,Hybrid,Automatic,Imported
3306,Mercedes,Sportage,2020,29500,67000.0,4.0,Diesel,Manual,First owner
3307,Ford,A4,1994,45200,48000.0,30.0,Electric,Manual,Second owner
3308,???,Corolla,2004,5600,184500.0,20.0,Hybrid,Automatic,Refurbished
3309,Mercedes,Altima,2003,30600,25000.0,21.0,Petrol,Semi-Automatic,Second owner
3310,Mercedes,C-Class,2007,8600,194500.0,17.0,Petrol,Automatic,
3311,Hyundai,Impala,Year?,45600,,,Gas,Automatic,Imported
3312,Audi,F-150,1998,22900,10000.0,26.0,Hybrid,Manual,Second owner
3313,Toyota,C-Class,1993,25200,112500.0,31.0,Gas,Manual,Imported
3314,BMW,Unknown,2015,47400,271000.0,9.0,Electric,Semi-Automatic,Imported
3315,Audi,A4,1991,41800,191500.0,33.0,Petrol,Manual,Imported
3316,Hyundai,X5,1997,11900,111000.0,27.0,Hybrid,Automatic,
3317,Ford,Altima,2020,22200,263500.0,4.0,Hybrid,Automatic,First owner
3318,BMW,Altima,1995,39900,210500.0,29.0,Electric,Semi-Automatic,Refurbished
3319,BMW,Corolla,2019,36900,126500.0,5.0,Gas,Semi-Automatic,First owner
3320,Chevrolet,C-Class,2000,25900,297000.0,24.0,Gas,Automatic,Fleet vehicle
3321,Hyundai,Altima,2002,5700,283000.0,22.0,Hybrid,Manual,Imported
3322,Mercedes,Elantra,2017,5400,254000.0,7.0,Electric,Semi-Automatic,Refurbished
3323,Nissan,Elantra,2003,9400,292000.0,21.0,Electric,Semi-Automatic,Refurbished
3324,Ford,Impala,1998,21200,217500.0,26.0,Electric,Manual,Imported
3325,Toyota,Corolla,,34300,15500.0,,Petrol,Semi-Automatic,Fleet vehicle
3326,Audi,Elantra,2001,15100,212500.0,23.0,Petrol,Automatic,Fleet vehicle
3327,Audi,Altima,2016,9500,46000.0,8.0,Hybrid,Semi-Automatic,Imported
3328,Hyundai,Elantra,1997,31200,122500.0,27.0,Hybrid,Manual,
3329,Kia,Altima,2021,10500,25000.0,3.0,Hybrid,Manual,Refurbished
3330,???,X5,1991,8900,115000.0,33.0,Hybrid,Manual,Imported
3331,Hyundai,Sportage,2022,4000,46500.0,2.0,Petrol,Automatic,Imported
3332,Chevrolet,Elantra,1997,42600,175500.0,27.0,Electric,Manual,Refurbished
3333,Hyundai,Corolla,2003,19000,210000.0,21.0,Gas,Automatic,First owner
3334,Hyundai,F-150,2021,12000,254500.0,3.0,Petrol,Manual,First owner
3335,Ford,Elantra,2013,10900,134500.0,11.0,Hybrid,Automatic,Refurbished
3336,Hyundai,Sportage,1994,6200,10500.0,30.0,Gas,Manual,Second owner
3337,Nissan,Elantra,2013,20100,275500.0,11.0,Diesel,Manual,
3338,Audi,X5,2018,16600,,6.0,Electric,Semi-Automatic,Second owner
3339,,Impala,1999,8500,160500.0,25.0,Diesel,Automatic,First owner
3340,BMW,Sportage,2003,6500,115000.0,21.0,Hybrid,Automatic,First owner
3341,Audi,F-150,1994,16100,148500.0,30.0,Electric,Semi-Automatic,
3342,Honda,A4,2003,38500,148500.0,21.0,Petrol,Manual,Fleet vehicle
3343,Mercedes,Civic,2003,4400,160000.0,21.0,Gas,Semi-Automatic,
3344,BMW,F-150,2012,6100,61500.0,12.0,Petrol,Automatic,Imported
3345,,X5,1996,Error,179500.0,28.0,Diesel,Automatic,Imported
3346,,Corolla,1997,41900,-5000.0,27.0,Hybrid,Automatic,First owner
3347,Ford,Elantra,2010,,-5000.0,14.0,Gas,Manual,Refurbished
3348,Chevrolet,Altima,2007,20000,207500.0,17.0,Hybrid,Semi-Automatic,
3349,???,Sportage,1990,,65500.0,34.0,Petrol,Manual,Fleet vehicle
3350,Ford,F-150,2009,5700,171000.0,15.0,Gas,Semi-Automatic,Refurbished
3351,Honda,A4,2021,21600,286500.0,3.0,Gas,Semi-Automatic,Refurbished
3352,Toyota,F-150,1998,13600,39500.0,26.0,Hybrid,Semi-Automatic,Refurbished
3353,Honda,A4,2005,46600,,19.0,Electric,Manual,First owner
3354,Mercedes,X5,2011,32200,259000.0,13.0,Hybrid,Automatic,Refurbished
3355,Nissan,Altima,2006,1800,30000.0,18.0,Hybrid,Automatic,Second owner
3356,,Altima,1992,47300,245500.0,32.0,Diesel,Semi-Automatic,Refurbished
3357,Chevrolet,,2007,9500,209500.0,17.0,Diesel,Semi-Automatic,
3358,Hyundai,X5,2001,28100,248500.0,23.0,Diesel,Semi-Automatic,First owner
3359,Honda,X5,1991,Error,-5000.0,33.0,Diesel,Automatic,Refurbished
3360,Mercedes,F-150,2007,,237000.0,17.0,Gas,Manual,Imported
3361,Ford,Impala,2019,3100,181000.0,5.0,Diesel,Manual,Second owner
3362,Nissan,Sportage,1998,43000,-5000.0,26.0,Hybrid,Manual,Fleet vehicle
3363,Ford,Elantra,2023,Error,33500.0,1.0,Hybrid,Manual,Fleet vehicle
3364,BMW,Altima,1993,,,31.0,Diesel,Automatic,Fleet vehicle
3365,Toyota,Corolla,2015,39700,155500.0,9.0,Petrol,Semi-Automatic,Refurbished
3366,Honda,Elantra,2005,37200,,19.0,Hybrid,Semi-Automatic,Fleet vehicle
3367,Honda,A4,2015,,236000.0,9.0,Hybrid,Automatic,First owner
3368,Ford,Altima,2018,37800,23000.0,6.0,Hybrid,Automatic,Fleet vehicle
3369,BMW,X5,2014,36100,281000.0,10.0,Petrol,Semi-Automatic,Second owner
3370,Kia,C-Class,2000,6900,180000.0,24.0,Diesel,Automatic,
3371,Honda,Sportage,1999,-1,154000.0,25.0,Electric,Manual,Imported
3372,Honda,Impala,2008,19700,93000.0,16.0,Hybrid,Automatic,Fleet vehicle
3373,Audi,Civic,1990,21800,165000.0,34.0,Petrol,Automatic,Fleet vehicle
3374,???,,2014,18100,163500.0,10.0,Diesel,Manual,Second owner
3375,Chevrolet,Corolla,1996,25600,223500.0,28.0,Petrol,Manual,Refurbished
3376,Toyota,Elantra,2013,Error,211000.0,11.0,Hybrid,Semi-Automatic,First owner
3377,Chevrolet,Corolla,2010,15400,276000.0,14.0,Petrol,Automatic,Second owner
3378,Ford,Corolla,1999,36600,246000.0,25.0,Petrol,Semi-Automatic,Refurbished
3379,Honda,Altima,2010,37900,,14.0,Diesel,Automatic,
3380,Audi,Civic,1990,6300,229000.0,34.0,Petrol,Semi-Automatic,Second owner
3381,Hyundai,Unknown,1997,-1,205500.0,27.0,Electric,Semi-Automatic,Imported
3382,Kia,C-Class,2002,45000,128000.0,22.0,Hybrid,Semi-Automatic,Imported
3383,Honda,Corolla,2009,46400,289000.0,15.0,Electric,Manual,Imported
3384,Kia,X5,2008,36800,166000.0,16.0,Diesel,Semi-Automatic,Fleet vehicle
3385,Nissan,Altima,1991,25800,16000.0,33.0,Electric,Semi-Automatic,
3386,Mercedes,Elantra,2020,25600,,4.0,Petrol,Automatic,Imported
3387,Hyundai,X5,1991,22400,,33.0,Diesel,Manual,Imported
3388,Toyota,F-150,1992,1600,50000.0,32.0,Diesel,Manual,Refurbished
3389,Hyundai,Sportage,Year?,,198000.0,,Diesel,Automatic,Refurbished
3390,Audi,C-Class,1994,27200,193000.0,30.0,Gas,Manual,Fleet vehicle
3391,Audi,Impala,2023,,101500.0,1.0,Diesel,Semi-Automatic,Imported
3392,Honda,C-Class,2004,5900,-5000.0,20.0,Petrol,Automatic,First owner
3393,BMW,F-150,2007,42300,295500.0,17.0,Petrol,Manual,Fleet vehicle
3394,Chevrolet,,2007,21700,86000.0,17.0,Petrol,Automatic,Second owner
3395,Honda,Impala,2007,-1,209500.0,17.0,Diesel,Automatic,Second owner
3396,Hyundai,A4,2016,35200,30500.0,8.0,Petrol,Manual,First owner
3397,Ford,Impala,1997,20500,219500.0,27.0,Petrol,Automatic,Fleet vehicle
3398,BMW,Impala,Year?,38100,280500.0,,Diesel,Automatic,Imported
3399,Ford,Sportage,Year?,37100,108500.0,,Hybrid,Semi-Automatic,
3400,Hyundai,C-Class,2002,13000,242500.0,22.0,Hybrid,Automatic,Imported
3401,Kia,C-Class,2007,49000,266500.0,17.0,Diesel,Semi-Automatic,First owner
3402,Nissan,Corolla,2000,48300,224000.0,24.0,Hybrid,Semi-Automatic,Refurbished
3403,Ford,F-150,2007,3900,205000.0,17.0,Electric,Automatic,Refurbished
3404,Hyundai,A4,1992,15300,9500.0,32.0,Electric,Automatic,
3405,Mercedes,C-Class,0,48700,182000.0,,Electric,Manual,
3406,Hyundai,F-150,2012,10500,113500.0,12.0,Gas,Semi-Automatic,
3407,Kia,,2010,9200,190000.0,14.0,Gas,Automatic,Refurbished
3408,Honda,Impala,0,20100,103500.0,,Diesel,Manual,Fleet vehicle
3409,Toyota,A4,1995,30800,144500.0,29.0,Diesel,Manual,Refurbished
3410,Ford,A4,2014,29800,280000.0,10.0,Hybrid,Semi-Automatic,Refurbished
3411,Ford,Corolla,2001,15200,262500.0,23.0,Diesel,Automatic,Fleet vehicle
3412,Kia,X5,2023,Error,93000.0,1.0,Hybrid,Manual,Refurbished
3413,Nissan,,2022,13700,192000.0,2.0,Diesel,Manual,Imported
3414,BMW,Impala,2007,25400,121000.0,17.0,Gas,Automatic,Imported
3415,Chevrolet,A4,2015,23100,239500.0,9.0,Hybrid,Automatic,First owner
3416,Chevrolet,Sportage,2020,7700,115000.0,4.0,Petrol,Automatic,First owner
3417,Audi,Corolla,2022,39400,147500.0,2.0,Electric,Semi-Automatic,
3418,BMW,Altima,2019,45600,125000.0,5.0,Hybrid,Semi-Automatic,
3419,BMW,X5,2005,2600,298000.0,19.0,Hybrid,Automatic,Refurbished
3420,Chevrolet,Altima,1990,2200,67500.0,34.0,Diesel,Manual,
3421,Chevrolet,F-150,2004,13500,97000.0,20.0,Electric,Automatic,Fleet vehicle
3422,???,Elantra,2010,42100,22500.0,14.0,Petrol,Manual,Imported
3423,BMW,Elantra,2018,37400,,6.0,Hybrid,Manual,
3424,Mercedes,A4,2015,49900,67500.0,9.0,Petrol,Semi-Automatic,
3425,Chevrolet,Elantra,2018,12300,97500.0,6.0,Electric,Manual,Fleet vehicle
3426,BMW,F-150,2010,47300,278000.0,14.0,Electric,Semi-Automatic,Refurbished
3427,Hyundai,Impala,2020,34500,135500.0,4.0,Diesel,Semi-Automatic,
3428,,Corolla,1990,22000,42000.0,34.0,Hybrid,Manual,Refurbished
3429,Kia,Corolla,2019,46700,273000.0,5.0,Petrol,Semi-Automatic,
3430,BMW,Impala,0,20400,-5000.0,,Electric,Manual,First owner
3431,BMW,Civic,2013,12100,189500.0,11.0,Hybrid,Manual,Imported
3432,BMW,Altima,Year?,43800,,,Petrol,Manual,Refurbished
3433,BMW,Elantra,,8400,-5000.0,,Diesel,Automatic,Second owner
3434,Chevrolet,X5,2020,35500,215500.0,4.0,Diesel,Semi-Automatic,Second owner
3435,Nissan,Corolla,1992,15500,286000.0,32.0,Gas,Automatic,Refurbished
3436,Mercedes,X5,2016,3600,272000.0,8.0,Diesel,Manual,Fleet vehicle
3437,Hyundai,Impala,1996,37200,28000.0,28.0,Petrol,Automatic,Second owner
3438,Audi,Sportage,2019,34900,70500.0,5.0,Gas,Semi-Automatic,Second owner
3439,Chevrolet,Elantra,2022,Error,136000.0,2.0,Hybrid,Semi-Automatic,
3440,Kia,F-150,2002,Error,294500.0,22.0,Petrol,Manual,Imported
3441,Honda,Elantra,2022,18500,174000.0,2.0,Diesel,Semi-Automatic,Imported
3442,Audi,Altima,2010,48500,283000.0,14.0,Electric,Automatic,Fleet vehicle
3443,Kia,C-Class,1991,18000,3500.0,33.0,Gas,Semi-Automatic,Refurbished
3444,Chevrolet,Altima,2020,47500,13500.0,4.0,Hybrid,Semi-Automatic,First owner
3445,Ford,X5,1996,45100,10000.0,28.0,Electric,Semi-Automatic,Second owner
3446,Chevrolet,Corolla,1997,8700,155000.0,27.0,Gas,Automatic,Imported
3447,Hyundai,Elantra,2004,20700,138000.0,20.0,Electric,Semi-Automatic,Imported
3448,Chevrolet,Impala,2013,19700,,11.0,Electric,Automatic,
3449,Kia,Elantra,1992,40600,296500.0,32.0,Hybrid,Manual,First owner
3450,Honda,Sportage,2019,33600,297500.0,5.0,Petrol,Manual,Imported
3451,BMW,Corolla,2002,Error,99000.0,22.0,Petrol,Manual,Fleet vehicle
3452,Honda,Impala,0,11100,19500.0,,Electric,Semi-Automatic,Imported
3453,Chevrolet,Corolla,2017,4600,236000.0,7.0,Gas,Automatic,Imported
3454,Kia,A4,1996,17100,280000.0,28.0,Gas,Automatic,Refurbished
3455,Chevrolet,X5,2003,27400,77500.0,21.0,Gas,Automatic,First owner
3456,Toyota,Civic,2006,33700,75000.0,18.0,Diesel,Semi-Automatic,
3457,Kia,Sportage,2014,12500,13500.0,10.0,Electric,Semi-Automatic,First owner
3458,Honda,Civic,2017,24500,-5000.0,7.0,Gas,Semi-Automatic,First owner
3459,Chevrolet,F-150,2000,47300,179500.0,24.0,Petrol,Manual,
3460,Chevrolet,Sportage,2011,11600,,13.0,Hybrid,Manual,First owner
3461,???,C-Class,2019,-1,220000.0,5.0,Electric,Manual,Imported
3462,???,Impala,0,35900,71500.0,,Gas,Manual,First owner
3463,Nissan,Civic,2016,46800,251000.0,8.0,Diesel,Manual,Second owner
3464,Audi,A4,2019,25300,17000.0,5.0,Petrol,Automatic,First owner
3465,Nissan,Unknown,2017,41900,,7.0,Diesel,Automatic,
3466,Chevrolet,Impala,1996,23600,85500.0,28.0,Diesel,Semi-Automatic,First owner
3467,Hyundai,C-Class,2021,4700,65500.0,3.0,Gas,Manual,Imported
3468,BMW,Civic,1993,9200,86500.0,31.0,Electric,Semi-Automatic,
3469,Kia,X5,2016,30600,60000.0,8.0,Diesel,Automatic,First owner
3470,Mercedes,Sportage,2013,2300,263000.0,11.0,Gas,Automatic,
3471,Ford,Sportage,2010,17700,166500.0,14.0,Gas,Semi-Automatic,
3472,???,C-Class,2001,14000,212000.0,23.0,Petrol,Automatic,First owner
3473,Kia,X5,2007,33400,240500.0,17.0,Hybrid,Automatic,Imported
3474,BMW,Civic,2016,30100,-5000.0,8.0,Electric,Semi-Automatic,Fleet vehicle
3475,Ford,Impala,2006,26900,7000.0,18.0,Hybrid,Manual,First owner
3476,Nissan,X5,1990,22000,190500.0,34.0,Gas,Automatic,
3477,Toyota,C-Class,2000,44700,94500.0,24.0,Diesel,Manual,First owner
3478,Ford,Elantra,2011,40700,105500.0,13.0,Hybrid,Semi-Automatic,
3479,Kia,C-Class,2021,21700,269500.0,3.0,Gas,Manual,Second owner
3480,Audi,Unknown,2016,Error,74500.0,8.0,Diesel,Semi-Automatic,Fleet vehicle
3481,Mercedes,F-150,2020,1000,,4.0,Gas,Automatic,First owner
3482,Hyundai,A4,2006,47100,50000.0,18.0,Petrol,Semi-Automatic,First owner
3483,Kia,Impala,2017,33100,-5000.0,7.0,Hybrid,Semi-Automatic,Refurbished
3484,Nissan,C-Class,1990,43400,271500.0,34.0,Diesel,Semi-Automatic,Imported
3485,Chevrolet,X5,1990,-1,,34.0,Hybrid,Manual,First owner
3486,Ford,Altima,1996,26500,56000.0,28.0,Electric,Automatic,First owner
3487,Honda,F-150,2005,15700,125000.0,19.0,Hybrid,Manual,Fleet vehicle
3488,BMW,Sportage,2011,7700,137500.0,13.0,Petrol,Semi-Automatic,Refurbished
3489,,Corolla,2020,29200,167500.0,4.0,Hybrid,Manual,Fleet vehicle
3490,Nissan,F-150,1992,7400,86000.0,32.0,Hybrid,Semi-Automatic,
3491,Ford,Corolla,2001,23200,252000.0,23.0,Gas,Semi-Automatic,Imported
3492,Ford,Altima,2004,33100,264500.0,20.0,Diesel,Semi-Automatic,Imported
3493,BMW,X5,2020,3800,107500.0,4.0,Diesel,Semi-Automatic,
3494,Hyundai,Civic,2009,12700,238000.0,15.0,Electric,Semi-Automatic,Imported
3495,Audi,,2015,30100,39500.0,9.0,Electric,Manual,Imported
3496,Ford,Impala,1992,5200,296500.0,32.0,Hybrid,Manual,First owner
3497,Toyota,Unknown,2021,13700,241500.0,3.0,Petrol,Semi-Automatic,Refurbished
3498,Ford,Altima,2008,3200,258000.0,16.0,Gas,Manual,First owner
3499,BMW,Unknown,1999,1700,10500.0,25.0,Petrol,Semi-Automatic,Refurbished
3500,Chevrolet,A4,2012,20000,-5000.0,12.0,Gas,Automatic,First owner
3501,Audi,A4,2012,31900,,12.0,Petrol,Automatic,Fleet vehicle
3502,Honda,F-150,2023,49600,99500.0,1.0,Diesel,Manual,Fleet vehicle
3503,Toyota,Sportage,2006,1100,109500.0,18.0,Gas,Manual,Fleet vehicle
3504,Chevrolet,Civic,2019,-1,272000.0,5.0,Electric,Manual,Refurbished
3505,Ford,X5,2015,36500,230500.0,9.0,Diesel,Semi-Automatic,Second owner
3506,Mercedes,Civic,1995,41600,60000.0,29.0,Gas,Semi-Automatic,Second owner
3507,Honda,C-Class,2001,28700,117500.0,23.0,Electric,Automatic,Fleet vehicle
3508,Ford,Civic,1998,34100,227000.0,26.0,Gas,Semi-Automatic,
3509,Audi,Impala,2009,Error,41000.0,15.0,Petrol,Manual,Fleet vehicle
3510,Toyota,X5,2014,14900,248000.0,10.0,Electric,Semi-Automatic,Imported
3511,Toyota,Sportage,Year?,5400,3500.0,,Electric,Semi-Automatic,Imported
3512,Kia,Elantra,1995,8300,159000.0,29.0,Petrol,Automatic,Second owner
3513,Honda,Corolla,2017,13800,85000.0,7.0,Diesel,Manual,Imported
3514,Mercedes,C-Class,1996,18000,83500.0,28.0,Petrol,Manual,Refurbished
3515,Mercedes,A4,,20300,201500.0,,Diesel,Semi-Automatic,Refurbished
3516,Ford,Sportage,1998,6100,83500.0,26.0,Hybrid,Manual,Imported
3517,Honda,Corolla,2015,19500,169000.0,9.0,Petrol,Manual,Imported
3518,Chevrolet,F-150,2000,35600,121500.0,24.0,Petrol,Semi-Automatic,Imported
3519,Chevrolet,Civic,2012,28700,146000.0,12.0,Diesel,Automatic,Fleet vehicle
3520,Chevrolet,Elantra,1993,31800,111000.0,31.0,Electric,Manual,Second owner
3521,Chevrolet,Corolla,1998,2500,116500.0,26.0,Diesel,Manual,First owner
3522,Chevrolet,A4,2004,Error,108000.0,20.0,Diesel,Automatic,Imported
3523,Toyota,Corolla,2018,40200,233500.0,6.0,Petrol,Automatic,Imported
3524,Hyundai,Civic,2014,5800,114000.0,10.0,Gas,Manual,Second owner
3525,Hyundai,Civic,1998,12400,165000.0,26.0,Gas,Manual,Refurbished
3526,Hyundai,Altima,1998,21600,226000.0,26.0,Petrol,Semi-Automatic,First owner
3527,Toyota,Impala,1996,8200,275500.0,28.0,Electric,Semi-Automatic,
3528,BMW,C-Class,2022,25800,25500.0,2.0,Hybrid,Semi-Automatic,First owner
3529,Hyundai,Elantra,2005,14400,105000.0,19.0,Electric,Semi-Automatic,
3530,Chevrolet,,2017,45800,96500.0,7.0,Electric,Semi-Automatic,First owner
3531,Audi,C-Class,1994,49900,265000.0,30.0,Petrol,Automatic,Fleet vehicle
3532,Ford,F-150,2006,38700,-5000.0,18.0,Gas,Manual,Refurbished
3533,Mercedes,,1994,26500,255000.0,30.0,Petrol,Manual,First owner
3534,Toyota,Sportage,2009,31300,-5000.0,15.0,Petrol,Semi-Automatic,Second owner
3535,Hyundai,Corolla,1992,2000,112500.0,32.0,Hybrid,Automatic,
3536,Honda,F-150,2022,46500,197000.0,2.0,Hybrid,Manual,First owner
3537,Kia,Civic,2006,17200,83500.0,18.0,Diesel,Semi-Automatic,Refurbished
3538,Honda,Impala,1997,30500,82500.0,27.0,Electric,Manual,
3539,BMW,X5,2006,2600,179000.0,18.0,Hybrid,Automatic,Second owner
3540,,X5,2001,27300,172500.0,23.0,Gas,Manual,Second owner
3541,Audi,Impala,1993,6900,5500.0,31.0,Petrol,Automatic,First owner
3542,Toyota,F-150,2010,47700,,14.0,Hybrid,Semi-Automatic,Refurbished
3543,Toyota,Corolla,2001,16000,119500.0,23.0,Gas,Automatic,First owner
3544,Toyota,Sportage,2020,32300,155000.0,4.0,Hybrid,Semi-Automatic,Imported
3545,Hyundai,Elantra,1999,43000,158000.0,25.0,Hybrid,Automatic,First owner
3546,Kia,Corolla,2006,24000,99500.0,18.0,Petrol,Semi-Automatic,Imported
3547,Mercedes,F-150,2006,20100,-5000.0,18.0,Petrol,Automatic,Imported
3548,Honda,F-150,2013,19500,184500.0,11.0,Gas,Manual,
3549,Mercedes,A4,2002,40500,15500.0,22.0,Diesel,Automatic,Fleet vehicle
3550,Audi,Sportage,2011,17900,276500.0,13.0,Gas,Manual,First owner
3551,Hyundai,X5,2007,19600,294000.0,17.0,Electric,Automatic,
3552,BMW,C-Class,2003,,201500.0,21.0,Gas,Manual,Second owner
3553,Mercedes,Impala,2015,49100,203500.0,9.0,Electric,Semi-Automatic,Fleet vehicle
3554,Ford,F-150,2018,,76500.0,6.0,Diesel,Automatic,First owner
3555,Ford,Civic,2007,35300,20000.0,17.0,Petrol,Semi-Automatic,First owner
3556,Chevrolet,Civic,2022,12100,252500.0,2.0,Hybrid,Automatic,Refurbished
3557,BMW,Civic,2000,20200,252000.0,24.0,Gas,Automatic,Imported
3558,Nissan,Corolla,2008,38100,245500.0,16.0,Electric,Automatic,Fleet vehicle
3559,Hyundai,Elantra,1991,41400,125000.0,33.0,Diesel,Semi-Automatic,
3560,BMW,Unknown,2015,36600,83500.0,9.0,Hybrid,Semi-Automatic,Second owner
3561,Toyota,Civic,2015,21800,82500.0,9.0,Petrol,Automatic,
3562,Chevrolet,Elantra,2002,9000,37500.0,22.0,Electric,Manual,
3563,Mercedes,Elantra,2003,1400,215000.0,21.0,Electric,Automatic,Fleet vehicle
3564,Chevrolet,F-150,,12400,87000.0,,Gas,Semi-Automatic,Imported
3565,Chevrolet,Altima,1990,46400,89000.0,34.0,Petrol,Semi-Automatic,First owner
3566,Toyota,Elantra,2010,17900,86500.0,14.0,Diesel,Manual,First owner
3567,Mercedes,A4,2023,14500,140500.0,1.0,Petrol,Automatic,Fleet vehicle
3568,Hyundai,A4,2011,8100,160000.0,13.0,Diesel,Manual,Imported
3569,Audi,F-150,2014,Error,257500.0,10.0,Hybrid,Automatic,
3570,Audi,C-Class,1998,-1,,26.0,Hybrid,Automatic,First owner
3571,Ford,X5,2003,18300,286500.0,21.0,Diesel,Semi-Automatic,Fleet vehicle
3572,Toyota,X5,2015,36000,242500.0,9.0,Gas,Automatic,Second owner
3573,Mercedes,Corolla,2003,Error,299000.0,21.0,Petrol,Manual,Fleet vehicle
3574,Mercedes,X5,2017,44300,1000.0,7.0,Hybrid,Manual,Imported
3575,Honda,Corolla,1997,43800,,27.0,Gas,Manual,Imported
3576,Audi,Impala,2010,9600,136500.0,14.0,Petrol,Semi-Automatic,
3577,Ford,Sportage,1999,14900,2500.0,25.0,Diesel,Manual,First owner
3578,Honda,,2000,44000,288000.0,24.0,Petrol,Manual,
3579,Nissan,Sportage,2006,41700,263500.0,18.0,Gas,Semi-Automatic,Refurbished
3580,Chevrolet,X5,1996,23000,174000.0,28.0,Hybrid,Automatic,First owner
3581,Kia,Civic,2011,21000,22500.0,13.0,Petrol,Semi-Automatic,First owner
3582,Kia,Elantra,2009,37600,143000.0,15.0,Gas,Automatic,Imported
3583,BMW,C-Class,2023,46400,112000.0,1.0,Gas,Manual,Second owner
3584,Mercedes,C-Class,2002,16800,284000.0,22.0,Petrol,Manual,First owner
3585,Ford,,2008,44000,37500.0,16.0,Petrol,Semi-Automatic,Imported
3586,Kia,Altima,1993,16800,252500.0,31.0,Electric,Semi-Automatic,Fleet vehicle
3587,BMW,Altima,2001,24700,,23.0,Diesel,Manual,
3588,,Corolla,2011,2900,90500.0,13.0,Diesel,Manual,
3589,Hyundai,Civic,2017,17500,254000.0,7.0,Gas,Manual,First owner
3590,Kia,Impala,2022,29700,125500.0,2.0,Electric,Semi-Automatic,Second owner
3591,Nissan,Elantra,1993,Error,102500.0,31.0,Electric,Automatic,Fleet vehicle
3592,Ford,X5,2020,-1,299000.0,4.0,Diesel,Manual,Imported
3593,Hyundai,Elantra,2019,44300,269000.0,5.0,Petrol,Manual,Imported
3594,Toyota,Sportage,1990,23200,194500.0,34.0,Electric,Semi-Automatic,Fleet vehicle
3595,Mercedes,Corolla,1991,38700,43500.0,33.0,Diesel,Manual,Second owner
3596,Mercedes,F-150,1996,7100,43500.0,28.0,Gas,Semi-Automatic,Fleet vehicle
3597,Nissan,F-150,2009,3300,160000.0,15.0,Electric,Semi-Automatic,Imported
3598,Audi,Elantra,,7100,248500.0,,Petrol,Manual,Imported
3599,Mercedes,C-Class,2007,22400,12500.0,17.0,Electric,Automatic,First owner
3600,BMW,C-Class,2000,42200,102500.0,24.0,Electric,Manual,Refurbished
3601,Chevrolet,Civic,2013,27300,64500.0,11.0,Petrol,Automatic,Imported
3602,Hyundai,F-150,2018,,209500.0,6.0,Hybrid,Automatic,Refurbished
3603,Ford,C-Class,2007,11700,130000.0,17.0,Diesel,Manual,Second owner
3604,Nissan,Impala,1992,27000,100000.0,32.0,Gas,Manual,Refurbished
3605,Audi,Altima,2005,36500,51500.0,19.0,Diesel,Semi-Automatic,First owner
3606,Hyundai,C-Class,2019,39500,111500.0,5.0,Diesel,Semi-Automatic,
3607,Toyota,Civic,1996,42300,42500.0,28.0,Hybrid,Automatic,Refurbished
3608,Audi,Corolla,2021,34700,240000.0,3.0,Diesel,Manual,Imported
3609,Honda,Corolla,2016,45100,116000.0,8.0,Petrol,Semi-Automatic,Second owner
3610,???,X5,2012,14300,81500.0,12.0,Petrol,Semi-Automatic,Imported
3611,Kia,Sportage,1991,31700,112000.0,33.0,Petrol,Semi-Automatic,First owner
3612,Ford,Impala,2018,16400,-5000.0,6.0,Diesel,Manual,Fleet vehicle
3613,Toyota,Corolla,1991,17700,283000.0,33.0,Gas,Automatic,First owner
3614,Hyundai,F-150,2003,36700,144500.0,21.0,Hybrid,Automatic,
3615,Chevrolet,Elantra,1998,44600,5500.0,26.0,Electric,Manual,Imported
3616,Honda,Sportage,2010,40100,33500.0,14.0,Hybrid,Semi-Automatic,First owner
3617,Audi,X5,2003,47600,102000.0,21.0,Hybrid,Automatic,First owner
3618,Toyota,Corolla,2001,Error,295000.0,23.0,Diesel,Semi-Automatic,Second owner
3619,Ford,X5,1990,45700,,34.0,Diesel,Semi-Automatic,First owner
3620,BMW,F-150,1998,3400,92000.0,26.0,Petrol,Manual,Imported
3621,BMW,Sportage,2015,29300,161000.0,9.0,Diesel,Manual,Imported
3622,BMW,Sportage,2000,45700,108000.0,24.0,Gas,Automatic,Refurbished
3623,Kia,Impala,1996,9300,291500.0,28.0,Electric,Semi-Automatic,First owner
3624,BMW,Corolla,1994,48400,219000.0,30.0,Diesel,Manual,Refurbished
3625,BMW,C-Class,2013,16800,23000.0,11.0,Gas,Manual,First owner
3626,Kia,Sportage,2011,4500,73500.0,13.0,Electric,Automatic,Second owner
3627,Toyota,,2008,-1,44500.0,16.0,Electric,Semi-Automatic,Second owner
3628,Audi,X5,Year?,19300,4000.0,,Hybrid,Manual,Imported
3629,BMW,C-Class,,2800,193500.0,,Diesel,Semi-Automatic,
3630,Mercedes,C-Class,1995,Error,23500.0,29.0,Diesel,Manual,
3631,Honda,Corolla,1994,-1,163500.0,30.0,Electric,Automatic,Imported
3632,Ford,Impala,2004,19300,,20.0,Petrol,Semi-Automatic,Second owner
3633,Nissan,C-Class,2014,11100,245000.0,10.0,Hybrid,Automatic,Second owner
3634,Ford,Elantra,2003,47100,-5000.0,21.0,Hybrid,Semi-Automatic,Refurbished
3635,Ford,Altima,1998,46300,135000.0,26.0,Petrol,Semi-Automatic,First owner
3636,Hyundai,Impala,1995,4800,9500.0,29.0,Diesel,Automatic,First owner
3637,Nissan,Impala,2001,18600,39500.0,23.0,Hybrid,Manual,Fleet vehicle
3638,Kia,C-Class,1990,33900,13500.0,34.0,Petrol,Automatic,Imported
3639,Honda,A4,2011,10500,101000.0,13.0,Electric,Semi-Automatic,Second owner
3640,Chevrolet,Elantra,1994,1300,73500.0,30.0,Hybrid,Manual,
3641,Ford,A4,1994,32200,236500.0,30.0,Gas,Semi-Automatic,Second owner
3642,Audi,C-Class,2023,Error,21500.0,1.0,Hybrid,Manual,
3643,Honda,Altima,1998,2800,197000.0,26.0,Hybrid,Automatic,
3644,Nissan,Civic,2012,14100,186000.0,12.0,Electric,Semi-Automatic,Imported
3645,Mercedes,F-150,2001,46500,207500.0,23.0,Hybrid,Automatic,Imported
3646,Mercedes,F-150,2022,25100,247000.0,2.0,Hybrid,Semi-Automatic,Fleet vehicle
3647,Nissan,F-150,2022,5000,91500.0,2.0,Gas,Semi-Automatic,
3648,Mercedes,Altima,2018,43300,182000.0,6.0,Petrol,Automatic,First owner
3649,BMW,Sportage,1993,3400,196500.0,31.0,Hybrid,Manual,Second owner
3650,Audi,C-Class,1994,-1,263000.0,30.0,Hybrid,Automatic,First owner
3651,Toyota,A4,1999,46200,291500.0,25.0,Gas,Semi-Automatic,
3652,Toyota,A4,0,6900,86500.0,,Gas,Automatic,
3653,Hyundai,X5,2021,16000,144500.0,3.0,Electric,Manual,Imported
3654,Honda,Civic,2003,6200,182000.0,21.0,Gas,Semi-Automatic,
3655,BMW,Impala,1991,Error,158000.0,33.0,Petrol,Automatic,Second owner
3656,???,Elantra,1994,9200,145000.0,30.0,Gas,Semi-Automatic,Second owner
3657,Mercedes,C-Class,2001,-1,7000.0,23.0,Gas,Automatic,Refurbished
3658,Honda,Corolla,2002,30100,151500.0,22.0,Diesel,Automatic,
3659,Kia,F-150,2004,35200,99500.0,20.0,Gas,Semi-Automatic,Fleet vehicle
3660,Hyundai,X5,2017,20100,7000.0,7.0,Electric,Manual,Fleet vehicle
3661,Hyundai,Elantra,2001,44900,,23.0,Hybrid,Automatic,Second owner
3662,Kia,Corolla,2015,35400,119000.0,9.0,Electric,Automatic,Refurbished
3663,Toyota,Corolla,1995,28700,15500.0,29.0,Hybrid,Manual,Imported
3664,Chevrolet,Civic,2018,42300,238000.0,6.0,Petrol,Automatic,
3665,Toyota,,2004,2800,90000.0,20.0,Hybrid,Manual,Imported
3666,Kia,Elantra,1997,40400,47000.0,27.0,Diesel,Manual,Fleet vehicle
3667,Chevrolet,X5,2011,22600,269000.0,13.0,Petrol,Manual,Imported
3668,Audi,X5,1997,47500,190500.0,27.0,Electric,Manual,Second owner
3669,Nissan,Sportage,1996,,293000.0,28.0,Petrol,Automatic,Second owner
3670,BMW,Impala,1995,39100,73500.0,29.0,Diesel,Manual,First owner
3671,Kia,Sportage,2015,36400,49000.0,9.0,Electric,Semi-Automatic,Fleet vehicle
3672,Kia,F-150,1991,46600,193000.0,33.0,Diesel,Semi-Automatic,Second owner
3673,BMW,Altima,2011,,265500.0,13.0,Gas,Automatic,
3674,Mercedes,Sportage,1999,17300,192500.0,25.0,Petrol,Automatic,Second owner
3675,Nissan,Altima,2007,16900,37000.0,17.0,Gas,Semi-Automatic,
3676,Hyundai,Corolla,2009,46200,170000.0,15.0,Electric,Semi-Automatic,Refurbished
3677,Audi,Corolla,2001,44700,190500.0,23.0,Petrol,Automatic,Fleet vehicle
3678,Chevrolet,Impala,,26000,7000.0,,Electric,Semi-Automatic,Imported
3679,Toyota,,1998,4000,72500.0,26.0,Hybrid,Semi-Automatic,Imported
3680,Audi,Sportage,1996,3800,250500.0,28.0,Gas,Automatic,
3681,BMW,Elantra,2015,36900,222500.0,9.0,Gas,Semi-Automatic,
3682,Ford,Civic,1995,25100,142000.0,29.0,Hybrid,Manual,First owner
3683,Toyota,Sportage,1990,-1,237000.0,34.0,Gas,Automatic,Refurbished
3684,Audi,Elantra,2014,27500,161500.0,10.0,Gas,Automatic,Imported
3685,Mercedes,F-150,2010,4300,236000.0,14.0,Petrol,Automatic,Second owner
3686,Chevrolet,Sportage,Year?,17100,233500.0,,Electric,Semi-Automatic,Second owner
3687,,A4,2008,34700,57500.0,16.0,Electric,Semi-Automatic,
3688,Toyota,Civic,2021,25400,292000.0,3.0,Hybrid,Automatic,
3689,Toyota,A4,2008,45000,253000.0,16.0,Gas,Manual,
3690,Toyota,F-150,,17000,68500.0,,Petrol,Manual,Second owner
3691,Mercedes,Corolla,2020,17800,112500.0,4.0,Electric,Automatic,
3692,Audi,Elantra,2000,,207000.0,24.0,Petrol,Manual,Second owner
3693,Kia,Civic,2010,6800,180000.0,14.0,Diesel,Semi-Automatic,
3694,Hyundai,X5,Year?,18000,260500.0,,Diesel,Automatic,Refurbished
3695,,X5,2008,13500,58000.0,16.0,Electric,Semi-Automatic,Imported
3696,Chevrolet,Civic,2011,25600,35500.0,13.0,Diesel,Automatic,Fleet vehicle
3697,Kia,Impala,Year?,7100,246500.0,,Gas,Automatic,Second owner
3698,Ford,F-150,2018,38500,85000.0,6.0,Diesel,Manual,First owner
3699,Mercedes,Civic,1999,26700,137000.0,25.0,Petrol,Semi-Automatic,Imported
3700,Mercedes,Impala,2009,12800,137500.0,15.0,Petrol,Semi-Automatic,Imported
3701,Kia,Elantra,2004,32200,,20.0,Hybrid,Automatic,Refurbished
3702,Mercedes,Elantra,2000,19500,122500.0,24.0,Electric,Semi-Automatic,Imported
3703,Toyota,Altima,2009,24300,118500.0,15.0,Electric,Manual,Refurbished
3704,Audi,Civic,1994,16300,107500.0,30.0,Electric,Automatic,First owner
3705,Kia,Altima,2014,21700,128000.0,10.0,Diesel,Manual,First owner
3706,Mercedes,C-Class,1998,33200,,26.0,Electric,Semi-Automatic,Second owner
3707,BMW,C-Class,2011,29300,15500.0,13.0,Hybrid,Automatic,Second owner
3708,Audi,Impala,2008,47700,160000.0,16.0,Petrol,Manual,First owner
3709,Hyundai,Unknown,2015,,98500.0,9.0,Hybrid,Automatic,Refurbished
3710,Audi,C-Class,1999,6800,297000.0,25.0,Hybrid,Manual,Imported
3711,BMW,Unknown,1997,-1,56000.0,27.0,Diesel,Manual,First owner
3712,Toyota,Unknown,2017,33000,11500.0,7.0,Electric,Semi-Automatic,
3713,Hyundai,Civic,2003,8100,238000.0,21.0,Hybrid,Automatic,First owner
3714,Ford,Civic,1999,2400,43000.0,25.0,Hybrid,Semi-Automatic,Second owner
3715,Mercedes,Elantra,2011,22600,7500.0,13.0,Gas,Manual,Second owner
3716,Hyundai,Impala,2000,37500,228500.0,24.0,Diesel,Automatic,
3717,Honda,Civic,2015,30900,296500.0,9.0,Petrol,Automatic,First owner
3718,Chevrolet,A4,2015,20400,,9.0,Electric,Manual,Second owner
3719,Audi,A4,2011,35700,280500.0,13.0,Gas,Semi-Automatic,Second owner
3720,Ford,Elantra,2015,2500,202000.0,9.0,Hybrid,Semi-Automatic,Imported
3721,Nissan,F-150,2018,21300,277000.0,6.0,Petrol,Semi-Automatic,Second owner
3722,Audi,Altima,2016,4700,286500.0,8.0,Electric,Manual,
3723,BMW,F-150,2013,Error,225500.0,11.0,Gas,Semi-Automatic,Refurbished
3724,BMW,Impala,2006,Error,52000.0,18.0,Diesel,Manual,
3725,Mercedes,C-Class,2007,14800,46500.0,17.0,Petrol,Semi-Automatic,Refurbished
3726,Chevrolet,Elantra,1993,6600,249500.0,31.0,Diesel,Manual,Second owner
3727,BMW,Elantra,2002,12000,120000.0,22.0,Gas,Automatic,Fleet vehicle
3728,Audi,Civic,2000,49700,293000.0,24.0,Petrol,Manual,Refurbished
3729,Ford,X5,1995,24900,265500.0,29.0,Petrol,Automatic,
3730,,Sportage,2011,45000,-5000.0,13.0,Hybrid,Manual,Second owner
3731,Kia,C-Class,1990,Error,,34.0,Gas,Manual,Refurbished
3732,Toyota,Civic,2008,26100,58500.0,16.0,Diesel,Manual,Second owner
3733,Nissan,Corolla,2020,21300,54500.0,4.0,Electric,Automatic,Fleet vehicle
3734,Audi,Elantra,1998,37700,89000.0,26.0,Gas,Semi-Automatic,First owner
3735,Hyundai,A4,2013,43900,298000.0,11.0,Diesel,Automatic,Imported
3736,Kia,C-Class,2011,16300,27500.0,13.0,Electric,Automatic,First owner
3737,,A4,2017,45100,92500.0,7.0,Electric,Automatic,
3738,Honda,F-150,2009,37800,,15.0,Gas,Manual,Second owner
3739,Nissan,Impala,1996,4000,127500.0,28.0,Hybrid,Semi-Automatic,Fleet vehicle
3740,Ford,Civic,2012,2300,219500.0,12.0,Gas,Automatic,Fleet vehicle
3741,BMW,Altima,1999,34100,220500.0,25.0,Diesel,Semi-Automatic,Refurbished
3742,Audi,Sportage,2008,28000,102500.0,16.0,Electric,Manual,
3743,Mercedes,C-Class,2009,23200,34000.0,15.0,Electric,Manual,Fleet vehicle
3744,Audi,Civic,2014,12400,148000.0,10.0,Petrol,Manual,Second owner
3745,Chevrolet,Impala,Year?,27600,154500.0,,Petrol,Automatic,Fleet vehicle
3746,Honda,Corolla,2021,27700,126000.0,3.0,Hybrid,Automatic,Second owner
3747,Nissan,X5,1999,38000,214000.0,25.0,Gas,Automatic,Refurbished
3748,Toyota,Sportage,2003,18200,296500.0,21.0,Electric,Manual,Refurbished
3749,Audi,X5,1994,14400,88500.0,30.0,Hybrid,Manual,
3750,Hyundai,Sportage,2018,38100,86000.0,6.0,Gas,Manual,Fleet vehicle
3751,Hyundai,Impala,2015,43900,82500.0,9.0,Petrol,Automatic,Second owner
3752,Toyota,Impala,2021,32700,158000.0,3.0,Diesel,Manual,
3753,Kia,Sportage,2017,5300,137000.0,7.0,Gas,Semi-Automatic,First owner
3754,BMW,Unknown,2002,39200,171500.0,22.0,Petrol,Manual,First owner
3755,Audi,C-Class,2006,2400,136000.0,18.0,Gas,Automatic,Refurbished
3756,Nissan,F-150,2002,30200,113000.0,22.0,Petrol,Semi-Automatic,Fleet vehicle
3757,Hyundai,Elantra,2016,49900,250000.0,8.0,Gas,Manual,Second owner
3758,Mercedes,Altima,2002,48500,-5000.0,22.0,Petrol,Manual,Fleet vehicle
3759,Mercedes,C-Class,2017,45100,236500.0,7.0,Gas,Automatic,Second owner
3760,Honda,A4,2020,22600,105500.0,4.0,Hybrid,Automatic,Second owner
3761,Honda,Civic,0,26300,267000.0,,Electric,Semi-Automatic,
3762,Chevrolet,Corolla,2015,27500,273500.0,9.0,Diesel,Automatic,Refurbished
3763,Chevrolet,C-Class,2004,19400,78500.0,20.0,Gas,Semi-Automatic,Fleet vehicle
3764,Ford,Elantra,2019,45900,107500.0,5.0,Diesel,Semi-Automatic,
3765,Toyota,Corolla,1992,30700,153500.0,32.0,Hybrid,Automatic,Imported
3766,Ford,Sportage,2005,39300,133500.0,19.0,Electric,Semi-Automatic,Refurbished
3767,Nissan,C-Class,2003,32700,9500.0,21.0,Diesel,Semi-Automatic,Imported
3768,Hyundai,Corolla,2018,-1,166000.0,6.0,Petrol,Semi-Automatic,First owner
3769,Nissan,Impala,2017,37300,17500.0,7.0,Hybrid,Automatic,First owner
3770,Honda,C-Class,2000,39500,,24.0,Petrol,Semi-Automatic,Fleet vehicle
3771,???,Unknown,1990,,,34.0,Hybrid,Manual,Imported
3772,Ford,Civic,2009,7000,165500.0,15.0,Hybrid,Manual,Refurbished
3773,???,C-Class,2022,38000,,2.0,Diesel,Manual,Fleet vehicle
3774,Toyota,Sportage,2018,Error,257500.0,6.0,Diesel,Manual,Refurbished
3775,Audi,X5,1990,-1,90000.0,34.0,Diesel,Semi-Automatic,Refurbished
3776,Audi,Civic,2000,17900,17500.0,24.0,Petrol,Semi-Automatic,Refurbished
3777,BMW,Sportage,2010,32100,223000.0,14.0,Gas,Semi-Automatic,Imported
3778,Hyundai,Civic,2020,35500,,4.0,Electric,Manual,Second owner
3779,Chevrolet,Civic,1991,16500,109000.0,33.0,Gas,Automatic,Refurbished
3780,Mercedes,Altima,2016,21300,136500.0,8.0,Gas,Automatic,
3781,Toyota,Altima,1997,8000,182500.0,27.0,Electric,Semi-Automatic,
3782,Ford,F-150,2004,46900,1000.0,20.0,Gas,Semi-Automatic,
3783,Kia,F-150,2013,14600,234000.0,11.0,Gas,Automatic,Fleet vehicle
3784,Honda,,2015,38300,125500.0,9.0,Diesel,Semi-Automatic,Second owner
3785,BMW,X5,2021,31900,269000.0,3.0,Electric,Semi-Automatic,First owner
3786,Toyota,Sportage,2003,18400,2000.0,21.0,Hybrid,Automatic,Fleet vehicle
3787,Ford,Impala,1990,45300,16500.0,34.0,Electric,Manual,Imported
3788,BMW,C-Class,2005,19400,35500.0,19.0,Hybrid,Semi-Automatic,Imported
3789,Mercedes,Corolla,1993,27100,291500.0,31.0,Hybrid,Manual,
3790,Kia,Corolla,2007,43500,125500.0,17.0,Hybrid,Automatic,First owner
3791,Nissan,Sportage,2020,34200,146500.0,4.0,Petrol,Semi-Automatic,Imported
3792,Nissan,C-Class,2004,28800,229500.0,20.0,Hybrid,Automatic,Refurbished
3793,Audi,Sportage,1996,23100,132500.0,28.0,Electric,Automatic,Refurbished
3794,Honda,X5,2001,18300,283500.0,23.0,Hybrid,Manual,
3795,Chevrolet,X5,2016,,10000.0,8.0,Hybrid,Semi-Automatic,First owner
3796,Toyota,A4,,30400,,,Hybrid,Automatic,Second owner
3797,Audi,X5,2010,19700,176500.0,14.0,Petrol,Manual,Refurbished
3798,Nissan,Sportage,2002,44400,69000.0,22.0,Hybrid,Manual,
3799,Ford,Impala,2005,9000,152500.0,19.0,Hybrid,Semi-Automatic,First owner
3800,Honda,Corolla,2002,13000,118000.0,22.0,Gas,Semi-Automatic,Imported
3801,Mercedes,A4,2000,46100,50500.0,24.0,Diesel,Automatic,Second owner
3802,Nissan,C-Class,2001,41000,296000.0,23.0,Diesel,Semi-Automatic,First owner
3803,Kia,Sportage,Year?,37000,43000.0,,Hybrid,Automatic,Fleet vehicle
3804,Toyota,C-Class,2016,48600,92000.0,8.0,Gas,Manual,Imported
3805,Mercedes,A4,2000,32200,219000.0,24.0,Hybrid,Semi-Automatic,Imported
3806,Hyundai,Elantra,2020,38500,-5000.0,4.0,Hybrid,Semi-Automatic,Refurbished
3807,Ford,Civic,1997,40800,34000.0,27.0,Electric,Automatic,First owner
3808,Toyota,C-Class,2016,24000,53000.0,8.0,Hybrid,Semi-Automatic,Refurbished
3809,Ford,Civic,1996,23800,47000.0,28.0,Electric,Semi-Automatic,
3810,Ford,,2015,28700,147000.0,9.0,Electric,Automatic,Second owner
3811,Mercedes,Elantra,1993,25500,66500.0,31.0,Petrol,Semi-Automatic,Second owner
3812,Toyota,Corolla,Year?,2300,157000.0,,Petrol,Automatic,Imported
3813,Kia,Corolla,2011,12200,78500.0,13.0,Diesel,Manual,Imported
3814,BMW,Elantra,2012,46400,286500.0,12.0,Electric,Semi-Automatic,Imported
3815,Nissan,C-Class,2020,40600,211000.0,4.0,Petrol,Semi-Automatic,
3816,Nissan,Altima,2011,49900,,13.0,Hybrid,Automatic,Refurbished
3817,Kia,C-Class,1993,49800,287000.0,31.0,Electric,Automatic,
3818,BMW,Civic,1997,49200,-5000.0,27.0,Gas,Manual,Imported
3819,Kia,Impala,1995,Error,244500.0,29.0,Diesel,Automatic,Second owner
3820,Nissan,Sportage,2012,20800,148500.0,12.0,Electric,Semi-Automatic,Imported
3821,Chevrolet,F-150,2002,36700,26000.0,22.0,Diesel,Semi-Automatic,Refurbished
3822,Audi,A4,0,-1,54500.0,,Diesel,Automatic,Refurbished
3823,Mercedes,C-Class,2000,,125500.0,24.0,Petrol,Semi-Automatic,First owner
3824,Chevrolet,Civic,2018,32100,184000.0,6.0,Hybrid,Semi-Automatic,
3825,Ford,C-Class,2014,33400,130500.0,10.0,Petrol,Manual,Refurbished
3826,Kia,X5,2002,36600,134500.0,22.0,Petrol,Automatic,Second owner
3827,Toyota,X5,2015,32200,51500.0,9.0,Electric,Semi-Automatic,Second owner
3828,Chevrolet,,1996,49300,207000.0,28.0,Diesel,Automatic,First owner
3829,Toyota,Sportage,1990,37200,197000.0,34.0,Diesel,Semi-Automatic,Refurbished
3830,Mercedes,F-150,2007,15400,120500.0,17.0,Electric,Semi-Automatic,Fleet vehicle
3831,BMW,Sportage,0,37500,202500.0,,Electric,Automatic,
3832,Toyota,Elantra,1992,18700,18500.0,32.0,Gas,Semi-Automatic,Second owner
3833,Mercedes,F-150,2018,29700,95500.0,6.0,Diesel,Automatic,Fleet vehicle
3834,Hyundai,X5,1996,17700,165000.0,28.0,Diesel,Semi-Automatic,Fleet vehicle
3835,Toyota,C-Class,2021,10500,16500.0,3.0,Electric,Manual,Fleet vehicle
3836,Hyundai,Impala,2005,21200,229500.0,19.0,Diesel,Manual,
3837,Ford,Corolla,1997,47900,62500.0,27.0,Gas,Automatic,First owner
3838,Audi,A4,1996,47500,156500.0,28.0,Hybrid,Manual,First owner
3839,Hyundai,Civic,2001,11400,,23.0,Gas,Manual,
3840,Honda,X5,1995,Error,115000.0,29.0,Gas,Manual,Imported
3841,???,C-Class,2013,17500,119500.0,11.0,Diesel,Semi-Automatic,Refurbished
3842,Honda,Altima,2008,23000,103500.0,16.0,Diesel,Automatic,Imported
3843,Honda,Civic,2021,8400,269000.0,3.0,Petrol,Automatic,Second owner
3844,Nissan,Corolla,1991,41600,264500.0,33.0,Hybrid,Manual,
3845,,F-150,2004,4000,129000.0,20.0,Electric,Manual,
3846,,Impala,2017,10000,95500.0,7.0,Electric,Automatic,
3847,Honda,F-150,2017,7200,143000.0,7.0,Petrol,Manual,Second owner
3848,Audi,C-Class,2019,40800,22500.0,5.0,Electric,Manual,Fleet vehicle
3849,Toyota,A4,1997,44100,26000.0,27.0,Electric,Semi-Automatic,Fleet vehicle
3850,Honda,Elantra,2000,44200,,24.0,Gas,Automatic,Refurbished
3851,Audi,X5,2005,33800,200000.0,19.0,Hybrid,Semi-Automatic,Refurbished
3852,Mercedes,Civic,2008,4800,254500.0,16.0,Petrol,Semi-Automatic,Refurbished
3853,Toyota,Civic,1991,12900,245500.0,33.0,Gas,Automatic,Refurbished
3854,Audi,Altima,1997,17600,,27.0,Hybrid,Automatic,Imported
3855,Kia,Corolla,1995,5100,106500.0,29.0,Hybrid,Automatic,
3856,BMW,X5,2017,2500,30500.0,7.0,Petrol,Semi-Automatic,
3857,BMW,C-Class,2012,47400,171000.0,12.0,Gas,Semi-Automatic,Imported
3858,Mercedes,X5,1997,9500,181500.0,27.0,Petrol,Automatic,Fleet vehicle
3859,BMW,Impala,2012,21600,224000.0,12.0,Hybrid,Semi-Automatic,Fleet vehicle
3860,Hyundai,Impala,2003,10500,,21.0,Petrol,Semi-Automatic,First owner
3861,Hyundai,Elantra,2002,-1,7500.0,22.0,Diesel,Manual,
3862,Chevrolet,Civic,2002,35400,176500.0,22.0,Hybrid,Semi-Automatic,Fleet vehicle
3863,Hyundai,Altima,2018,39600,-5000.0,6.0,Petrol,Semi-Automatic,Fleet vehicle
3864,Toyota,Impala,1993,48500,296000.0,31.0,Hybrid,Semi-Automatic,Imported
3865,Mercedes,Altima,2020,5200,36000.0,4.0,Hybrid,Manual,
3866,Ford,,2017,40400,108000.0,7.0,Hybrid,Semi-Automatic,Fleet vehicle
3867,Hyundai,Elantra,2015,41000,181500.0,9.0,Gas,Semi-Automatic,Fleet vehicle
3868,Ford,C-Class,2001,8900,259500.0,23.0,Hybrid,Semi-Automatic,Second owner
3869,Hyundai,,1999,36100,220500.0,25.0,Petrol,Automatic,
3870,Mercedes,C-Class,2008,45700,25500.0,16.0,Diesel,Manual,Second owner
3871,Ford,Altima,,10600,33500.0,,Hybrid,Manual,Fleet vehicle
3872,Honda,C-Class,2009,38800,195000.0,15.0,Electric,Semi-Automatic,First owner
3873,Ford,Corolla,2004,46300,172000.0,20.0,Gas,Semi-Automatic,Imported
3874,Nissan,Corolla,2022,7600,89000.0,2.0,Diesel,Semi-Automatic,Refurbished
3875,BMW,Elantra,0,23500,135000.0,,Hybrid,Manual,
3876,Kia,X5,1998,8200,126500.0,26.0,Electric,Automatic,Fleet vehicle
3877,Kia,F-150,2003,4500,255500.0,21.0,Diesel,Semi-Automatic,Refurbished
3878,Hyundai,A4,2003,21600,37500.0,21.0,Electric,Automatic,
3879,,F-150,2020,48100,222000.0,4.0,Electric,Manual,Imported
3880,Chevrolet,Corolla,2017,33600,13000.0,7.0,Diesel,Automatic,Fleet vehicle
3881,Honda,Elantra,2023,5300,153000.0,1.0,Gas,Semi-Automatic,
3882,Audi,Civic,2009,-1,240000.0,15.0,Electric,Automatic,
3883,Chevrolet,Elantra,2006,10000,197500.0,18.0,Gas,Semi-Automatic,
3884,BMW,Impala,2009,16100,,15.0,Petrol,Semi-Automatic,Imported
3885,BMW,Impala,2021,48600,12000.0,3.0,Hybrid,Semi-Automatic,First owner
3886,BMW,C-Class,2018,17500,114000.0,6.0,Electric,Manual,
3887,Hyundai,C-Class,1995,46800,256500.0,29.0,Electric,Semi-Automatic,Second owner
3888,BMW,A4,2006,42200,4000.0,18.0,Diesel,Automatic,Imported
3889,Nissan,A4,1992,49500,194000.0,32.0,Hybrid,Manual,Imported
3890,Mercedes,F-150,1998,22800,-5000.0,26.0,Hybrid,Semi-Automatic,Second owner
3891,BMW,C-Class,2020,31900,38500.0,4.0,Diesel,Semi-Automatic,First owner
3892,,Impala,2002,40100,68500.0,22.0,Petrol,Automatic,Fleet vehicle
3893,Honda,Elantra,2006,,18500.0,18.0,Electric,Automatic,
3894,Chevrolet,A4,2011,8300,51000.0,13.0,Hybrid,Semi-Automatic,Imported
3895,Audi,Altima,1996,Error,48500.0,28.0,Gas,Semi-Automatic,Refurbished
3896,Ford,Corolla,2012,16600,-5000.0,12.0,Gas,Semi-Automatic,Second owner
3897,BMW,Impala,1994,25400,277000.0,30.0,Diesel,Automatic,
3898,Nissan,Civic,2006,47500,148500.0,18.0,Gas,Manual,First owner
3899,Ford,C-Class,1998,32600,203500.0,26.0,Diesel,Manual,Second owner
3900,Nissan,C-Class,1994,36700,189500.0,30.0,Petrol,Semi-Automatic,Second owner
3901,,Elantra,2004,8100,97500.0,20.0,Electric,Automatic,Refurbished
3902,Kia,Civic,2004,46500,268000.0,20.0,Petrol,Manual,Fleet vehicle
3903,Chevrolet,Elantra,2003,31300,131500.0,21.0,Diesel,Automatic,Imported
3904,Nissan,Impala,2000,1100,224500.0,24.0,Electric,Manual,
3905,Nissan,Corolla,2003,39300,217000.0,21.0,Diesel,Automatic,Fleet vehicle
3906,Honda,Altima,2008,18800,290000.0,16.0,Gas,Manual,Second owner
3907,Kia,C-Class,,22900,198500.0,,Petrol,Semi-Automatic,First owner
3908,Honda,Corolla,2008,34400,104500.0,16.0,Gas,Manual,Second owner
3909,Honda,Unknown,2011,47000,,13.0,Diesel,Semi-Automatic,
3910,BMW,A4,2010,,,14.0,Petrol,Semi-Automatic,Second owner
3911,BMW,Impala,1997,12900,61500.0,27.0,Electric,Manual,Second owner
3912,Hyundai,Sportage,1998,11300,220000.0,26.0,Petrol,Semi-Automatic,Fleet vehicle
3913,Honda,Sportage,2013,46300,70500.0,11.0,Gas,Automatic,
3914,BMW,Impala,1997,27500,246500.0,27.0,Gas,Manual,First owner
3915,Hyundai,Impala,2016,47000,130500.0,8.0,Electric,Manual,First owner
3916,Kia,A4,1995,22400,296500.0,29.0,Hybrid,Automatic,
3917,Kia,C-Class,2020,24800,212500.0,4.0,Electric,Semi-Automatic,Refurbished
3918,Honda,Corolla,2006,8300,273500.0,18.0,Hybrid,Manual,
3919,Kia,F-150,2017,27900,261000.0,7.0,Electric,Manual,Second owner
3920,Audi,Elantra,2012,28600,51000.0,12.0,Diesel,Automatic,Imported
3921,Hyundai,Impala,2016,23100,50000.0,8.0,Hybrid,Semi-Automatic,First owner
3922,,Impala,1997,2000,77500.0,27.0,Electric,Semi-Automatic,First owner
3923,Audi,Impala,2019,9500,215000.0,5.0,Petrol,Semi-Automatic,Fleet vehicle
3924,Hyundai,Unknown,2013,10800,84000.0,11.0,Petrol,Semi-Automatic,
3925,Hyundai,F-150,1992,24400,80500.0,32.0,Petrol,Semi-Automatic,Refurbished
3926,Kia,Civic,2013,7700,170000.0,11.0,Electric,Automatic,Second owner
3927,Hyundai,A4,1998,7400,133500.0,26.0,Petrol,Manual,Second owner
3928,Hyundai,Elantra,1996,41900,180000.0,28.0,Hybrid,Automatic,
3929,Chevrolet,Altima,2009,2600,248500.0,15.0,Gas,Automatic,Refurbished
3930,Mercedes,X5,2016,9400,197000.0,8.0,Gas,Automatic,Refurbished
3931,Chevrolet,F-150,2018,39800,88000.0,6.0,Diesel,Manual,Fleet vehicle
3932,,Civic,2002,46700,174500.0,22.0,Gas,Automatic,Fleet vehicle
3933,Nissan,Civic,1998,30700,197000.0,26.0,Diesel,Manual,Refurbished
3934,Toyota,Civic,2018,40300,-5000.0,6.0,Hybrid,Automatic,Refurbished
3935,Mercedes,Altima,0,33600,245500.0,,Electric,Automatic,Refurbished
3936,Ford,C-Class,2004,34700,196000.0,20.0,Petrol,Automatic,Imported
3937,Kia,Civic,2020,14900,175000.0,4.0,Hybrid,Semi-Automatic,Refurbished
3938,Kia,F-150,2012,41600,132000.0,12.0,Hybrid,Automatic,First owner
3939,Audi,Impala,1996,3500,284500.0,28.0,Gas,Automatic,Second owner
3940,Kia,Civic,1997,21000,157500.0,27.0,Diesel,Manual,
3941,Chevrolet,Civic,1990,26600,125500.0,34.0,Hybrid,Semi-Automatic,Imported
3942,Audi,Elantra,Year?,2700,93500.0,,Petrol,Automatic,Fleet vehicle
3943,Toyota,Elantra,2018,28500,151500.0,6.0,Hybrid,Automatic,Refurbished
3944,Honda,Altima,2017,41800,201500.0,7.0,Electric,Semi-Automatic,Second owner
3945,Kia,X5,2018,1800,33000.0,6.0,Petrol,Manual,First owner
3946,Chevrolet,C-Class,2008,14000,212500.0,16.0,Electric,Automatic,Fleet vehicle
3947,Hyundai,Elantra,1997,28300,,27.0,Diesel,Semi-Automatic,Refurbished
3948,Kia,A4,2021,13300,-5000.0,3.0,Gas,Automatic,Fleet vehicle
3949,Nissan,,2019,34000,183000.0,5.0,Diesel,Automatic,Fleet vehicle
3950,Hyundai,C-Class,2006,16400,224500.0,18.0,Electric,Manual,Imported
3951,Chevrolet,Civic,2018,44800,115000.0,6.0,Diesel,Semi-Automatic,
3952,???,Impala,1993,8700,,31.0,Petrol,Manual,Imported
3953,Ford,Sportage,2002,7300,-5000.0,22.0,Petrol,Manual,Second owner
3954,BMW,Civic,2004,34200,212000.0,20.0,Hybrid,Automatic,Imported
3955,Nissan,C-Class,2007,-1,268500.0,17.0,Diesel,Automatic,Refurbished
3956,Nissan,Sportage,2022,15000,84000.0,2.0,Gas,Semi-Automatic,Refurbished
3957,Kia,Sportage,2012,7900,89500.0,12.0,Electric,Manual,Imported
3958,BMW,Corolla,2003,28100,288500.0,21.0,Petrol,Semi-Automatic,Imported
3959,BMW,Civic,1993,Error,14000.0,31.0,Gas,Automatic,Fleet vehicle
3960,Kia,Elantra,2012,10900,210500.0,12.0,Diesel,Automatic,Fleet vehicle
3961,Honda,Altima,2020,13800,295500.0,4.0,Gas,Manual,
3962,Hyundai,Sportage,Year?,21300,44500.0,,Hybrid,Manual,Fleet vehicle
3963,Honda,Impala,2010,28400,274500.0,14.0,Diesel,Manual,Refurbished
3964,Audi,Elantra,1998,Error,8000.0,26.0,Diesel,Manual,Imported
3965,Honda,Corolla,2007,44700,29500.0,17.0,Hybrid,Automatic,
3966,Chevrolet,Impala,2004,38700,111000.0,20.0,Diesel,Manual,First owner
3967,Nissan,Sportage,2023,6900,47500.0,1.0,Hybrid,Semi-Automatic,Fleet vehicle
3968,,C-Class,2016,20500,204000.0,8.0,Petrol,Semi-Automatic,
3969,Ford,A4,1999,37500,252500.0,25.0,Electric,Semi-Automatic,
3970,Kia,A4,2014,,232500.0,10.0,Electric,Automatic,Second owner
3971,Audi,Corolla,2019,48500,2500.0,5.0,Petrol,Semi-Automatic,Refurbished
3972,Audi,Corolla,2014,11100,197500.0,10.0,Gas,Manual,Imported
3973,Hyundai,X5,1997,38000,14000.0,27.0,Hybrid,Automatic,
3974,Mercedes,A4,2012,19500,261500.0,12.0,Diesel,Semi-Automatic,Refurbished
3975,Kia,X5,1997,3500,123500.0,27.0,Hybrid,Manual,Fleet vehicle
3976,Mercedes,F-150,2013,27900,26500.0,11.0,Petrol,Manual,Refurbished
3977,Audi,Civic,1991,44800,41500.0,33.0,Gas,Manual,Refurbished
3978,Mercedes,Impala,1990,34300,259500.0,34.0,Petrol,Manual,Second owner
3979,Kia,A4,1990,10000,,34.0,Gas,Manual,First owner
3980,Toyota,A4,2011,48900,168000.0,13.0,Diesel,Manual,Second owner
3981,Mercedes,Sportage,1990,44200,289000.0,34.0,Hybrid,Automatic,Fleet vehicle
3982,BMW,F-150,2021,33900,289500.0,3.0,Hybrid,Automatic,Fleet vehicle
3983,BMW,F-150,1996,17500,,28.0,Electric,Manual,Imported
3984,Chevrolet,X5,2016,11200,9000.0,8.0,Gas,Automatic,
3985,Toyota,Elantra,2022,10700,44000.0,2.0,Petrol,Semi-Automatic,Imported
3986,Toyota,Elantra,2009,25700,189500.0,15.0,Hybrid,Automatic,
3987,Mercedes,Elantra,1998,27600,,26.0,Hybrid,Automatic,Fleet vehicle
3988,Audi,X5,1994,44200,23500.0,30.0,Hybrid,Automatic,Second owner
3989,Honda,Civic,1998,41700,270000.0,26.0,Electric,Semi-Automatic,Refurbished
3990,Nissan,Elantra,Year?,5200,236000.0,,Electric,Automatic,Fleet vehicle
3991,Mercedes,Altima,1994,44400,203000.0,30.0,Petrol,Automatic,Second owner
3992,BMW,Unknown,2019,10000,,5.0,Hybrid,Automatic,Imported
3993,Ford,C-Class,2016,Error,150000.0,8.0,Diesel,Semi-Automatic,Fleet vehicle
3994,Kia,Sportage,1995,-1,88500.0,29.0,Gas,Semi-Automatic,Refurbished
3995,Mercedes,Civic,1990,47800,168000.0,34.0,Hybrid,Manual,
3996,Nissan,Elantra,1998,21000,117500.0,26.0,Petrol,Semi-Automatic,
3997,Nissan,Sportage,2001,37700,170500.0,23.0,Diesel,Manual,Imported
3998,BMW,Altima,2005,7800,257500.0,19.0,Gas,Semi-Automatic,Imported
3999,Audi,Altima,2020,39800,160000.0,4.0,Gas,Manual,Refurbished
4000,Audi,X5,2007,42600,,17.0,Diesel,Semi-Automatic,First owner
4001,Ford,Elantra,2001,9500,205000.0,23.0,Gas,Semi-Automatic,Refurbished
4002,Audi,Sportage,2010,44700,,14.0,Diesel,Automatic,Imported
4003,Nissan,A4,1991,25400,287500.0,33.0,Diesel,Manual,First owner
4004,Kia,Elantra,2005,47800,94500.0,19.0,Electric,Automatic,First owner
4005,Honda,Sportage,1996,4600,269500.0,28.0,Hybrid,Automatic,Second owner
4006,Ford,Corolla,2016,13700,253500.0,8.0,Petrol,Semi-Automatic,First owner
4007,Chevrolet,Unknown,2010,Error,244000.0,14.0,Hybrid,Manual,Second owner
4008,Kia,F-150,2023,,54500.0,1.0,Hybrid,Semi-Automatic,First owner
4009,???,F-150,2021,47500,239000.0,3.0,Gas,Automatic,
4010,Honda,F-150,1997,48700,112000.0,27.0,Gas,Automatic,Imported
4011,Hyundai,Unknown,1996,44100,207000.0,28.0,Electric,Semi-Automatic,Second owner
4012,Honda,F-150,2017,,47500.0,7.0,Hybrid,Automatic,Fleet vehicle
4013,Toyota,Sportage,2010,27100,64500.0,14.0,Hybrid,Manual,First owner
4014,BMW,Elantra,1999,1000,189500.0,25.0,Diesel,Semi-Automatic,Fleet vehicle
4015,Audi,F-150,1998,43600,50000.0,26.0,Petrol,Automatic,
4016,Ford,X5,1991,17900,-5000.0,33.0,Petrol,Manual,
4017,Audi,Altima,2012,42700,87000.0,12.0,Petrol,Manual,
4018,Kia,Corolla,2020,-1,165500.0,4.0,Diesel,Manual,Imported
4019,Ford,Civic,1990,2300,241000.0,34.0,Diesel,Semi-Automatic,Imported
4020,Mercedes,Impala,2018,Error,259000.0,6.0,Hybrid,Manual,Second owner
4021,Honda,Impala,2016,28100,192500.0,8.0,Hybrid,Automatic,Refurbished
4022,Ford,Impala,1996,12800,,28.0,Diesel,Automatic,Fleet vehicle
4023,Hyundai,Altima,2002,-1,211500.0,22.0,Petrol,Semi-Automatic,Second owner
4024,Mercedes,C-Class,2003,18800,43000.0,21.0,Hybrid,Automatic,First owner
4025,Kia,Sportage,2003,47700,165000.0,21.0,Hybrid,Semi-Automatic,
4026,Ford,F-150,1990,5000,282500.0,34.0,Hybrid,Semi-Automatic,Refurbished
4027,Toyota,Impala,1993,42900,249500.0,31.0,Hybrid,Automatic,
4028,Kia,A4,2019,21700,179500.0,5.0,Hybrid,Automatic,
4029,Mercedes,F-150,2003,36600,191500.0,21.0,Electric,Semi-Automatic,Refurbished
4030,Toyota,F-150,2005,32400,293500.0,19.0,Petrol,Automatic,Refurbished
4031,Mercedes,Impala,1995,22700,,29.0,Petrol,Semi-Automatic,Imported
4032,Toyota,C-Class,2014,47500,117000.0,10.0,Gas,Automatic,Fleet vehicle
4033,Hyundai,A4,1991,32100,68000.0,33.0,Gas,Semi-Automatic,
4034,BMW,A4,2019,42800,1500.0,5.0,Electric,Semi-Automatic,Imported
4035,,Impala,2017,36400,20500.0,7.0,Petrol,Semi-Automatic,First owner
4036,Chevrolet,F-150,1997,15900,,27.0,Petrol,Automatic,Second owner
4037,Hyundai,X5,1994,2900,120500.0,30.0,Gas,Automatic,
4038,Toyota,F-150,2003,8300,83000.0,21.0,Petrol,Semi-Automatic,First owner
4039,Toyota,Altima,1992,-1,31000.0,32.0,Petrol,Semi-Automatic,Fleet vehicle
4040,Hyundai,Altima,2012,-1,198000.0,12.0,Hybrid,Automatic,First owner
4041,Kia,X5,2005,48800,185500.0,19.0,Gas,Semi-Automatic,Imported
4042,,Impala,2004,4400,52500.0,20.0,Diesel,Manual,Refurbished
4043,Hyundai,,2019,2400,-5000.0,5.0,Gas,Semi-Automatic,First owner
4044,Mercedes,Elantra,2003,,262500.0,21.0,Electric,Manual,Refurbished
4045,Hyundai,Civic,2011,23900,170500.0,13.0,Electric,Automatic,Refurbished
4046,Toyota,Unknown,1997,1200,245500.0,27.0,Gas,Manual,First owner
4047,Ford,C-Class,Year?,24100,124500.0,,Petrol,Automatic,First owner
4048,Ford,Sportage,2008,4600,96500.0,16.0,Gas,Semi-Automatic,
4049,Mercedes,X5,2022,12600,12000.0,2.0,Petrol,Automatic,Second owner
4050,Audi,Impala,2020,37400,149000.0,4.0,Diesel,Semi-Automatic,Imported
4051,Toyota,Impala,2017,13000,166000.0,7.0,Diesel,Semi-Automatic,
4052,Ford,A4,1999,17000,68000.0,25.0,Electric,Manual,Fleet vehicle
4053,Mercedes,Civic,2003,7100,234000.0,21.0,Hybrid,Manual,First owner
4054,Nissan,Elantra,2008,48900,241500.0,16.0,Diesel,Automatic,
4055,Toyota,C-Class,2021,49300,152000.0,3.0,Diesel,Semi-Automatic,Fleet vehicle
4056,Toyota,X5,1994,,125500.0,30.0,Hybrid,Manual,Imported
4057,Toyota,Sportage,2008,38500,265000.0,16.0,Gas,Manual,
4058,Mercedes,Elantra,1992,-1,235500.0,32.0,Diesel,Automatic,Imported
4059,Honda,,1993,Error,54000.0,31.0,Gas,Semi-Automatic,Refurbished
4060,Ford,Civic,2014,25900,114000.0,10.0,Petrol,Semi-Automatic,First owner
4061,Mercedes,F-150,2014,15700,48000.0,10.0,Electric,Semi-Automatic,
4062,Kia,X5,2016,32600,,8.0,Hybrid,Semi-Automatic,Refurbished
4063,Ford,X5,2013,,276000.0,11.0,Gas,Manual,Fleet vehicle
4064,Mercedes,Altima,2010,16700,197500.0,14.0,Diesel,Semi-Automatic,Fleet vehicle
4065,Audi,F-150,2017,39500,-5000.0,7.0,Electric,Manual,Fleet vehicle
4066,Audi,Corolla,2009,29200,,15.0,Gas,Manual,
4067,BMW,Unknown,1999,32200,36500.0,25.0,Petrol,Automatic,Refurbished
4068,Ford,Civic,2022,47100,200500.0,2.0,Gas,Automatic,First owner
4069,Nissan,C-Class,1995,43000,194500.0,29.0,Petrol,Semi-Automatic,Fleet vehicle
4070,Toyota,Sportage,1994,Error,267500.0,30.0,Electric,Manual,Second owner
4071,Honda,Unknown,1993,12300,137500.0,31.0,Electric,Manual,Refurbished
4072,Ford,Altima,2001,7300,185500.0,23.0,Diesel,Automatic,Imported
4073,Mercedes,Impala,2016,5800,142500.0,8.0,Electric,Automatic,Imported
4074,,A4,2003,29200,89500.0,21.0,Hybrid,Automatic,Imported
4075,Hyundai,Impala,1996,17500,220500.0,28.0,Diesel,Automatic,Refurbished
4076,Kia,Sportage,2015,16900,280000.0,9.0,Gas,Manual,Refurbished
4077,Ford,X5,2001,18800,158500.0,23.0,Electric,Manual,Second owner
4078,BMW,Civic,2019,2200,60500.0,5.0,Electric,Semi-Automatic,Fleet vehicle
4079,Audi,Civic,2008,40800,114000.0,16.0,Gas,Automatic,Imported
4080,Audi,Civic,2014,45000,,10.0,Hybrid,Semi-Automatic,Imported
4081,???,F-150,1990,45900,295500.0,34.0,Hybrid,Automatic,Second owner
4082,Mercedes,Altima,2022,38000,77000.0,2.0,Electric,Manual,Fleet vehicle
4083,Hyundai,Corolla,2003,39700,97500.0,21.0,Petrol,Semi-Automatic,Refurbished
4084,Chevrolet,Altima,2000,21300,12500.0,24.0,Electric,Automatic,
4085,Audi,Impala,2021,43700,260500.0,3.0,Hybrid,Manual,Fleet vehicle
4086,Chevrolet,Impala,2022,22900,56500.0,2.0,Electric,Manual,Imported
4087,Hyundai,C-Class,2013,10000,131500.0,11.0,Petrol,Automatic,Second owner
4088,Audi,Sportage,1990,26100,149500.0,34.0,Electric,Semi-Automatic,Fleet vehicle
4089,Chevrolet,A4,1994,24400,142000.0,30.0,Hybrid,Manual,
4090,Kia,Sportage,2016,Error,223500.0,8.0,Hybrid,Automatic,First owner
4091,BMW,Impala,2018,6400,,6.0,Gas,Automatic,Imported
4092,Nissan,X5,2020,21800,200000.0,4.0,Electric,Manual,First owner
4093,Mercedes,F-150,1990,33100,147000.0,34.0,Hybrid,Manual,Fleet vehicle
4094,Nissan,Corolla,2003,29000,121000.0,21.0,Petrol,Manual,Second owner
4095,Kia,A4,1996,14000,283500.0,28.0,Hybrid,Manual,Fleet vehicle
4096,Toyota,F-150,2010,19500,54000.0,14.0,Diesel,Semi-Automatic,Imported
4097,Kia,Sportage,2007,37700,218000.0,17.0,Electric,Manual,
4098,Chevrolet,Elantra,1993,7900,77500.0,31.0,Electric,Semi-Automatic,Refurbished
4099,Honda,A4,2022,16600,286500.0,2.0,Hybrid,Manual,First owner
4100,Honda,C-Class,1996,16200,180000.0,28.0,Gas,Semi-Automatic,Second owner
4101,Toyota,Elantra,Year?,8700,,,Diesel,Manual,Fleet vehicle
4102,Audi,Sportage,2020,11000,220000.0,4.0,Hybrid,Manual,First owner
4103,Chevrolet,Elantra,2017,24900,77500.0,7.0,Petrol,Semi-Automatic,Fleet vehicle
4104,Ford,C-Class,1991,3500,281000.0,33.0,Diesel,Automatic,
4105,Ford,Impala,2019,4800,69500.0,5.0,Hybrid,Manual,First owner
4106,Toyota,Civic,1992,24100,220500.0,32.0,Electric,Manual,First owner
4107,Kia,C-Class,2002,8000,269000.0,22.0,Hybrid,Semi-Automatic,Refurbished
4108,Audi,Corolla,1997,47200,55500.0,27.0,Diesel,Automatic,Second owner
4109,Ford,X5,2023,28600,145500.0,1.0,Electric,Semi-Automatic,Refurbished
4110,Hyundai,A4,1993,12900,-5000.0,31.0,Diesel,Automatic,Fleet vehicle
4111,Ford,Corolla,1996,17000,268500.0,28.0,Petrol,Manual,
4112,Chevrolet,Altima,2003,38600,90500.0,21.0,Diesel,Semi-Automatic,Second owner
4113,Mercedes,Elantra,2018,46300,69500.0,6.0,Diesel,Manual,
4114,,Impala,2011,3700,286000.0,13.0,Diesel,Automatic,Second owner
4115,Ford,Civic,1997,42500,228000.0,27.0,Diesel,Semi-Automatic,First owner
4116,Toyota,Impala,2008,,25000.0,16.0,Diesel,Manual,
4117,Hyundai,Corolla,2005,15500,28000.0,19.0,Gas,Semi-Automatic,
4118,Nissan,Civic,1992,30500,21000.0,32.0,Hybrid,Semi-Automatic,First owner
4119,Nissan,Corolla,2023,30600,,1.0,Hybrid,Manual,Second owner
4120,Audi,A4,1995,20900,297500.0,29.0,Petrol,Manual,Refurbished
4121,Mercedes,Sportage,2021,34100,141500.0,3.0,Diesel,Manual,Second owner
4122,Ford,F-150,0,27500,299500.0,,Gas,Automatic,
4123,???,F-150,1993,38900,259500.0,31.0,Electric,Semi-Automatic,Fleet vehicle
4124,Audi,Impala,2011,31300,29500.0,13.0,Hybrid,Automatic,Imported
4125,Toyota,Altima,2018,15800,75500.0,6.0,Gas,Manual,Imported
4126,Nissan,X5,2012,25200,282000.0,12.0,Electric,Automatic,First owner
4127,Hyundai,Altima,2019,48000,50000.0,5.0,Electric,Manual,
4128,Honda,X5,2019,33000,62000.0,5.0,Diesel,Automatic,First owner
4129,Toyota,Elantra,1994,16100,149000.0,30.0,Hybrid,Semi-Automatic,First owner
4130,Mercedes,F-150,2004,39900,55000.0,20.0,Petrol,Manual,Fleet vehicle
4131,Mercedes,C-Class,2010,10300,50000.0,14.0,Diesel,Manual,Imported
4132,Kia,X5,2015,19400,143500.0,9.0,Petrol,Automatic,
4133,BMW,Sportage,2010,22800,79500.0,14.0,Petrol,Automatic,First owner
4134,Kia,Corolla,1994,46400,183500.0,30.0,Diesel,Semi-Automatic,Refurbished
4135,Chevrolet,Altima,2023,31600,150500.0,1.0,Gas,Semi-Automatic,
4136,Audi,Civic,2016,18100,90500.0,8.0,Gas,Automatic,Refurbished
4137,Nissan,C-Class,2019,30700,197000.0,5.0,Petrol,Automatic,Second owner
4138,Ford,Altima,1995,26000,,29.0,Gas,Manual,
4139,Hyundai,F-150,2005,16500,205000.0,19.0,Electric,Manual,First owner
4140,Kia,F-150,1996,40700,178000.0,28.0,Electric,Manual,First owner
4141,BMW,C-Class,2021,22500,228000.0,3.0,Diesel,Manual,Fleet vehicle
4142,BMW,Corolla,1994,43400,1500.0,30.0,Diesel,Semi-Automatic,Refurbished
4143,Chevrolet,C-Class,,37700,295000.0,,Hybrid,Semi-Automatic,
4144,Nissan,Impala,2011,33800,205000.0,13.0,Gas,Semi-Automatic,Fleet vehicle
4145,???,Corolla,2020,42800,273000.0,4.0,Gas,Manual,Imported
4146,Toyota,Impala,2004,21000,279000.0,20.0,Gas,Manual,First owner
4147,,Sportage,1994,3400,64000.0,30.0,Hybrid,Automatic,First owner
4148,Honda,A4,2010,3200,179000.0,14.0,Petrol,Semi-Automatic,First owner
4149,Mercedes,F-150,2012,9800,1500.0,12.0,Diesel,Semi-Automatic,Second owner
4150,Hyundai,X5,1997,22400,216000.0,27.0,Diesel,Semi-Automatic,First owner
4151,Hyundai,A4,1992,Error,73500.0,32.0,Petrol,Automatic,Fleet vehicle
4152,Toyota,Impala,2018,Error,155000.0,6.0,Electric,Semi-Automatic,Second owner
4153,Chevrolet,F-150,2023,21600,295500.0,1.0,Diesel,Semi-Automatic,Refurbished
4154,Kia,Sportage,2002,31000,235000.0,22.0,Diesel,Semi-Automatic,First owner
4155,Mercedes,X5,1994,33700,251000.0,30.0,Hybrid,Automatic,Imported
4156,Hyundai,F-150,2018,43500,193500.0,6.0,Electric,Automatic,Imported
4157,Nissan,Civic,1997,1400,282500.0,27.0,Electric,Semi-Automatic,Refurbished
4158,Hyundai,Corolla,1998,7800,275500.0,26.0,Petrol,Automatic,Refurbished
4159,Chevrolet,Unknown,2023,,145000.0,1.0,Petrol,Automatic,Refurbished
4160,Toyota,A4,2003,25400,49000.0,21.0,Hybrid,Manual,First owner
4161,Chevrolet,Elantra,1993,3400,29500.0,31.0,Hybrid,Manual,
4162,Kia,Impala,,45400,217500.0,,Petrol,Semi-Automatic,Imported
4163,BMW,Corolla,2010,33800,165500.0,14.0,Hybrid,Semi-Automatic,Fleet vehicle
4164,Toyota,Sportage,2020,30200,171000.0,4.0,Electric,Manual,Imported
4165,Toyota,Impala,2023,44900,63000.0,1.0,Hybrid,Automatic,Imported
4166,Honda,Corolla,1993,13200,256000.0,31.0,Hybrid,Automatic,Second owner
4167,Toyota,Elantra,2007,28300,75000.0,17.0,Electric,Manual,Fleet vehicle
4168,,Civic,1990,6800,55500.0,34.0,Gas,Semi-Automatic,
4169,BMW,Corolla,2009,48600,9000.0,15.0,Petrol,Manual,First owner
4170,Ford,Civic,2016,23300,45500.0,8.0,Electric,Semi-Automatic,Second owner
4171,,F-150,Year?,14900,298500.0,,Petrol,Manual,Second owner
4172,Kia,Corolla,2012,38300,110500.0,12.0,Petrol,Manual,First owner
4173,Hyundai,Impala,2021,4300,180500.0,3.0,Electric,Automatic,Fleet vehicle
4174,Audi,Elantra,2017,30200,,7.0,Gas,Manual,Refurbished
4175,Toyota,C-Class,2006,20900,47000.0,18.0,Gas,Semi-Automatic,First owner
4176,Ford,X5,2001,6400,293000.0,23.0,Gas,Manual,Refurbished
4177,Mercedes,Civic,2022,-1,181000.0,2.0,Gas,Automatic,Fleet vehicle
4178,Ford,X5,1996,23400,107000.0,28.0,Electric,Manual,Fleet vehicle
4179,Kia,A4,2023,17800,281500.0,1.0,Hybrid,Automatic,
4180,Chevrolet,Civic,2011,12300,107000.0,13.0,Petrol,Semi-Automatic,
4181,Ford,X5,2014,15400,224000.0,10.0,Electric,Manual,Imported
4182,Nissan,C-Class,2006,3700,46500.0,18.0,Electric,Manual,
4183,Audi,C-Class,2023,42000,41500.0,1.0,Gas,Automatic,Fleet vehicle
4184,Kia,Corolla,1993,12000,,31.0,Electric,Automatic,Refurbished
4185,Nissan,F-150,1997,,223000.0,27.0,Hybrid,Automatic,Fleet vehicle
4186,Kia,Elantra,1999,16600,14500.0,25.0,Hybrid,Semi-Automatic,Second owner
4187,BMW,F-150,2009,37200,170000.0,15.0,Diesel,Automatic,Refurbished
4188,Honda,F-150,1990,37500,135500.0,34.0,Hybrid,Manual,Refurbished
4189,Ford,C-Class,2017,17300,,7.0,Gas,Automatic,First owner
4190,Audi,F-150,2011,28300,258000.0,13.0,Gas,Manual,First owner
4191,Nissan,Sportage,2022,9500,37500.0,2.0,Hybrid,Automatic,Imported
4192,Kia,Sportage,2014,18500,84500.0,10.0,Gas,Semi-Automatic,Second owner
4193,Chevrolet,F-150,,8500,79500.0,,Hybrid,Automatic,Second owner
4194,Hyundai,Altima,2007,13200,112000.0,17.0,Hybrid,Semi-Automatic,Refurbished
4195,Nissan,F-150,1994,1000,100500.0,30.0,Gas,Manual,First owner
4196,Kia,Sportage,1994,17300,66500.0,30.0,Diesel,Manual,Fleet vehicle
4197,Chevrolet,X5,2013,29300,227000.0,11.0,Hybrid,Manual,Imported
4198,Honda,Elantra,2017,12500,187500.0,7.0,Gas,Manual,Second owner
4199,Ford,Civic,2015,12100,245500.0,9.0,Hybrid,Semi-Automatic,Imported
4200,,Elantra,2010,24800,,14.0,Electric,Automatic,Fleet vehicle
4201,Honda,F-150,2004,46200,1000.0,20.0,Petrol,Automatic,First owner
4202,Honda,Elantra,1998,30000,,26.0,Petrol,Manual,Fleet vehicle
4203,BMW,C-Class,2021,40700,105500.0,3.0,Diesel,Manual,Refurbished
4204,Ford,Civic,2012,11600,44000.0,12.0,Petrol,Manual,
4205,Kia,Impala,2002,31100,67500.0,22.0,Electric,Semi-Automatic,Imported
4206,Toyota,Elantra,2007,22500,158500.0,17.0,Petrol,Automatic,Fleet vehicle
4207,Audi,F-150,2013,24000,188500.0,11.0,Electric,Automatic,
4208,Nissan,Corolla,2005,41600,184500.0,19.0,Diesel,Semi-Automatic,Imported
4209,Mercedes,C-Class,1996,15400,116500.0,28.0,Petrol,Manual,Second owner
4210,Toyota,Civic,2011,17100,124000.0,13.0,Diesel,Automatic,Imported
4211,Ford,F-150,,27700,295500.0,,Electric,Semi-Automatic,Imported
4212,Kia,Elantra,1991,47100,91000.0,33.0,Hybrid,Semi-Automatic,First owner
4213,Nissan,Civic,2012,1600,40500.0,12.0,Electric,Semi-Automatic,
4214,Audi,A4,2010,47400,167500.0,14.0,Gas,Semi-Automatic,Imported
4215,BMW,Altima,2003,32100,85500.0,21.0,Petrol,Manual,
4216,Ford,Sportage,2015,,76000.0,9.0,Gas,Manual,
4217,Toyota,X5,2014,34300,,10.0,Electric,Semi-Automatic,
4218,Honda,F-150,2005,9900,168500.0,19.0,Gas,Automatic,Refurbished
4219,Ford,Civic,2003,30400,252000.0,21.0,Hybrid,Automatic,First owner
4220,Honda,Elantra,0,44300,44000.0,,Petrol,Automatic,
4221,Mercedes,C-Class,2019,16100,293500.0,5.0,Hybrid,Manual,First owner
4222,Audi,Altima,2015,12700,209500.0,9.0,Electric,Automatic,Second owner
4223,BMW,A4,2022,17300,70000.0,2.0,Diesel,Semi-Automatic,Refurbished
4224,Kia,A4,2018,11500,98500.0,6.0,Diesel,Automatic,Fleet vehicle
4225,Kia,A4,2009,12000,201000.0,15.0,Hybrid,Semi-Automatic,First owner
4226,Kia,X5,2013,46800,96500.0,11.0,Diesel,Semi-Automatic,Imported
4227,BMW,Civic,2001,21900,50500.0,23.0,Diesel,Manual,First owner
4228,Honda,Elantra,2005,22000,123000.0,19.0,Hybrid,Automatic,Imported
4229,Honda,F-150,1991,24800,154000.0,33.0,Hybrid,Semi-Automatic,Fleet vehicle
4230,BMW,Corolla,2008,6800,60500.0,16.0,Diesel,Manual,
4231,BMW,Unknown,2000,4800,145500.0,24.0,Diesel,Automatic,Refurbished
4232,Toyota,Impala,2014,18500,68000.0,10.0,Diesel,Manual,
4233,Audi,A4,2020,24300,,4.0,Hybrid,Automatic,First owner
4234,,Corolla,2012,40300,,12.0,Diesel,Manual,Fleet vehicle
4235,Nissan,Corolla,2004,18400,38000.0,20.0,Hybrid,Semi-Automatic,
4236,Mercedes,C-Class,2023,25900,213000.0,1.0,Petrol,Semi-Automatic,Second owner
4237,Toyota,Corolla,2022,42600,135500.0,2.0,Hybrid,Automatic,First owner
4238,Nissan,Civic,2002,10900,277500.0,22.0,Diesel,Semi-Automatic,Second owner
4239,Kia,F-150,1999,23400,88500.0,25.0,Petrol,Automatic,First owner
4240,Audi,F-150,1998,34200,95500.0,26.0,Gas,Manual,Second owner
4241,Kia,Altima,2009,,178000.0,15.0,Electric,Semi-Automatic,Fleet vehicle
4242,???,Corolla,2018,46500,291000.0,6.0,Diesel,Semi-Automatic,First owner
4243,Chevrolet,A4,2000,7000,269000.0,24.0,Petrol,Manual,Refurbished
4244,Ford,Corolla,2013,38800,,11.0,Petrol,Automatic,Imported
4245,Nissan,F-150,2014,24600,196000.0,10.0,Diesel,Manual,Fleet vehicle
4246,Kia,Unknown,1997,16600,122000.0,27.0,Electric,Manual,Second owner
4247,Mercedes,Altima,2015,30100,-5000.0,9.0,Hybrid,Automatic,First owner
4248,Ford,F-150,2020,4500,,4.0,Hybrid,Automatic,
4249,Mercedes,C-Class,2013,42600,145500.0,11.0,Gas,Automatic,Refurbished
4250,Toyota,Civic,1997,-1,279500.0,27.0,Gas,Semi-Automatic,Second owner
4251,Mercedes,Civic,2009,Error,46000.0,15.0,Gas,Automatic,Second owner
4252,Toyota,X5,2021,47600,271000.0,3.0,Diesel,Automatic,Refurbished
4253,BMW,,2004,23000,274500.0,20.0,Electric,Semi-Automatic,Second owner
4254,,X5,1993,6700,119500.0,31.0,Diesel,Manual,Imported
4255,Kia,Altima,1993,24500,105500.0,31.0,Hybrid,Automatic,Second owner
4256,Honda,Sportage,1996,2400,181500.0,28.0,Petrol,Manual,Refurbished
4257,Nissan,Sportage,2002,8200,201000.0,22.0,Hybrid,Semi-Automatic,
4258,Kia,F-150,2003,16600,291500.0,21.0,Electric,Manual,Second owner
4259,Toyota,Corolla,0,29200,129000.0,,Petrol,Semi-Automatic,Fleet vehicle
4260,Ford,Altima,2014,12200,51000.0,10.0,Gas,Manual,First owner
4261,Honda,Elantra,2017,34300,34500.0,7.0,Diesel,Manual,Fleet vehicle
4262,Hyundai,Sportage,2009,25800,67500.0,15.0,Diesel,Semi-Automatic,
4263,Ford,Corolla,2001,38800,59500.0,23.0,Gas,Semi-Automatic,Fleet vehicle
4264,Kia,C-Class,2014,14800,14000.0,10.0,Electric,Automatic,
4265,Mercedes,A4,2002,5800,204000.0,22.0,Hybrid,Semi-Automatic,
4266,,F-150,2019,15000,105000.0,5.0,Petrol,Manual,Second owner
4267,Chevrolet,Impala,2003,40600,147000.0,21.0,Diesel,Manual,
4268,Ford,Elantra,2003,44900,,21.0,Electric,Semi-Automatic,First owner
4269,Chevrolet,Civic,2015,20600,278000.0,9.0,Electric,Manual,
4270,Chevrolet,A4,2003,41000,16500.0,21.0,Electric,Semi-Automatic,Second owner
4271,Mercedes,,2007,41700,186000.0,17.0,Gas,Semi-Automatic,
4272,Toyota,A4,2013,16100,22500.0,11.0,Hybrid,Semi-Automatic,Imported
4273,Audi,Sportage,1990,48800,-5000.0,34.0,Gas,Automatic,Second owner
4274,Audi,X5,2003,20800,248000.0,21.0,Gas,Automatic,Second owner
4275,BMW,F-150,1997,12400,20000.0,27.0,Gas,Manual,Second owner
4276,Honda,Civic,1999,39400,162500.0,25.0,Hybrid,Automatic,Imported
4277,Audi,Sportage,2002,4000,215500.0,22.0,Diesel,Manual,First owner
4278,Chevrolet,Civic,2023,32100,264000.0,1.0,Gas,Automatic,Second owner
4279,Kia,Sportage,1999,33900,24000.0,25.0,Diesel,Semi-Automatic,
4280,Hyundai,Altima,2019,34700,281000.0,5.0,Electric,Semi-Automatic,Second owner
4281,Hyundai,Altima,1995,25600,231000.0,29.0,Petrol,Automatic,Imported
4282,Kia,Corolla,2023,19600,167000.0,1.0,Diesel,Automatic,
4283,Honda,C-Class,2017,44800,208000.0,7.0,Gas,Automatic,Imported
4284,Chevrolet,X5,2003,26200,198500.0,21.0,Electric,Automatic,First owner
4285,Hyundai,X5,2020,49600,82500.0,4.0,Diesel,Automatic,Imported
4286,Hyundai,A4,2003,2800,89500.0,21.0,Gas,Semi-Automatic,
4287,Audi,A4,2020,46100,244500.0,4.0,Hybrid,Automatic,Fleet vehicle
4288,Ford,X5,1999,5300,-5000.0,25.0,Petrol,Manual,Imported
4289,Hyundai,Civic,1994,20600,252500.0,30.0,Electric,Automatic,Imported
4290,Chevrolet,C-Class,2007,7300,208000.0,17.0,Hybrid,Semi-Automatic,First owner
4291,Nissan,Impala,2010,46700,15500.0,14.0,Petrol,Semi-Automatic,Refurbished
4292,Honda,Impala,1990,20800,153000.0,34.0,Electric,Semi-Automatic,Second owner
4293,Ford,Elantra,2007,23900,117000.0,17.0,Gas,Semi-Automatic,Fleet vehicle
4294,Kia,F-150,2005,3100,65000.0,19.0,Diesel,Automatic,First owner
4295,Toyota,Corolla,2009,5400,,15.0,Electric,Manual,Imported
4296,Toyota,Elantra,2008,48500,,16.0,Diesel,Semi-Automatic,Second owner
4297,BMW,Altima,2011,,277000.0,13.0,Hybrid,Manual,
4298,Kia,X5,2003,42800,105000.0,21.0,Electric,Manual,First owner
4299,Audi,X5,2005,35300,93000.0,19.0,Petrol,Manual,Imported
4300,Toyota,A4,,40500,43500.0,,Gas,Automatic,
4301,Toyota,X5,2003,39300,58500.0,21.0,Gas,Automatic,Refurbished
4302,Ford,A4,2007,Error,77000.0,17.0,Diesel,Automatic,Second owner
4303,Kia,X5,2015,42100,287000.0,9.0,Diesel,Automatic,Second owner
4304,Honda,Impala,2016,19700,59500.0,8.0,Hybrid,Automatic,First owner
4305,Toyota,Unknown,2021,3400,247000.0,3.0,Hybrid,Manual,Imported
4306,Audi,Altima,1992,24000,18000.0,32.0,Electric,Automatic,Fleet vehicle
4307,BMW,F-150,1992,10500,142000.0,32.0,Electric,Semi-Automatic,
4308,Mercedes,Sportage,2004,26700,,20.0,Diesel,Automatic,Fleet vehicle
4309,Ford,X5,2011,31400,280000.0,13.0,Diesel,Semi-Automatic,Imported
4310,Audi,Elantra,2018,33200,157500.0,6.0,Electric,Automatic,Fleet vehicle
4311,Chevrolet,C-Class,,-1,210000.0,,Diesel,Semi-Automatic,Imported
4312,Audi,Altima,2020,24200,86500.0,4.0,Hybrid,Semi-Automatic,First owner
4313,Honda,C-Class,2020,31900,55000.0,4.0,Diesel,Automatic,Second owner
4314,Audi,A4,2019,29300,285000.0,5.0,Electric,Automatic,Second owner
4315,BMW,Elantra,2003,46000,-5000.0,21.0,Electric,Semi-Automatic,Second owner
4316,Audi,Corolla,2012,1100,80000.0,12.0,Diesel,Semi-Automatic,Second owner
4317,Nissan,Elantra,2014,4900,147500.0,10.0,Hybrid,Automatic,Refurbished
4318,???,F-150,2017,35000,122000.0,7.0,Petrol,Manual,First owner
4319,Nissan,Impala,2011,5000,164000.0,13.0,Petrol,Automatic,Second owner
4320,Kia,Impala,1997,,51000.0,27.0,Petrol,Automatic,Second owner
4321,Mercedes,C-Class,2009,43500,234000.0,15.0,Electric,Semi-Automatic,Refurbished
4322,Ford,A4,2000,43300,41000.0,24.0,Diesel,Manual,Refurbished
4323,Kia,X5,2020,23700,,4.0,Petrol,Semi-Automatic,Refurbished
4324,BMW,Sportage,2000,28700,272500.0,24.0,Diesel,Manual,First owner
4325,Chevrolet,Impala,1999,42700,15000.0,25.0,Petrol,Manual,
4326,Chevrolet,Civic,2008,Error,266000.0,16.0,Gas,Automatic,First owner
4327,Toyota,Civic,2002,3200,215000.0,22.0,Electric,Automatic,Imported
4328,Mercedes,Impala,1995,3200,66000.0,29.0,Gas,Semi-Automatic,Imported
4329,Nissan,Civic,1998,33400,1500.0,26.0,Gas,Manual,Imported
4330,Audi,Sportage,Year?,42400,237500.0,,Gas,Manual,Refurbished
4331,Chevrolet,C-Class,1995,9200,120000.0,29.0,Petrol,Manual,Second owner
4332,Chevrolet,Altima,2001,1000,210500.0,23.0,Diesel,Manual,Imported
4333,Kia,Sportage,2006,29900,19000.0,18.0,Diesel,Manual,First owner
4334,Mercedes,Altima,1990,26700,27000.0,34.0,Diesel,Semi-Automatic,Second owner
4335,Hyundai,X5,2008,36200,,16.0,Gas,Semi-Automatic,First owner
4336,???,Sportage,2010,-1,176000.0,14.0,Electric,Manual,
4337,Mercedes,Elantra,2013,15100,46000.0,11.0,Petrol,Manual,Fleet vehicle
4338,Ford,Impala,2021,,93000.0,3.0,Hybrid,Automatic,Imported
4339,Audi,A4,2010,4900,127500.0,14.0,Hybrid,Semi-Automatic,
4340,Kia,,1993,22800,,31.0,Hybrid,Semi-Automatic,Refurbished
4341,Kia,Civic,2013,38500,,11.0,Hybrid,Semi-Automatic,
4342,Mercedes,Elantra,1995,33000,91000.0,29.0,Petrol,Semi-Automatic,Second owner
4343,Honda,C-Class,2004,48700,86500.0,20.0,Electric,Semi-Automatic,Fleet vehicle
4344,Ford,Civic,2011,4500,-5000.0,13.0,Gas,Automatic,First owner
4345,BMW,Elantra,2005,18200,91500.0,19.0,Gas,Manual,First owner
4346,Toyota,F-150,1997,47900,238500.0,27.0,Gas,Manual,Refurbished
4347,Nissan,Corolla,2019,40700,110000.0,5.0,Petrol,Semi-Automatic,Refurbished
4348,,Impala,2015,24300,223000.0,9.0,Electric,Automatic,Imported
4349,BMW,C-Class,1994,10700,122500.0,30.0,Electric,Semi-Automatic,Imported
4350,Audi,Altima,2020,36800,243500.0,4.0,Electric,Automatic,Imported
4351,Chevrolet,Corolla,2005,36900,232000.0,19.0,Electric,Manual,First owner
4352,Kia,Impala,1997,30600,6000.0,27.0,Gas,Automatic,Refurbished
4353,Toyota,Elantra,1995,29100,297000.0,29.0,Diesel,Semi-Automatic,Second owner
4354,Honda,Civic,1993,35000,153500.0,31.0,Petrol,Semi-Automatic,Fleet vehicle
4355,Kia,Altima,2003,-1,179000.0,21.0,Hybrid,Automatic,Second owner
4356,Ford,Impala,2017,7800,206000.0,7.0,Petrol,Manual,Imported
4357,???,A4,2014,26900,9500.0,10.0,Electric,Automatic,Fleet vehicle
4358,Nissan,Elantra,1998,31100,179500.0,26.0,Petrol,Semi-Automatic,First owner
4359,Audi,,2013,17500,-5000.0,11.0,Hybrid,Semi-Automatic,Refurbished
4360,Honda,Corolla,1992,19100,184000.0,32.0,Diesel,Manual,Second owner
4361,Kia,X5,2022,17500,92500.0,2.0,Electric,Semi-Automatic,First owner
4362,Kia,Impala,,3200,59000.0,,Diesel,Semi-Automatic,First owner
4363,Mercedes,Altima,1998,2500,177000.0,26.0,Diesel,Manual,Refurbished
4364,Audi,Elantra,2010,29800,280000.0,14.0,Electric,Automatic,Fleet vehicle
4365,BMW,Altima,0,39000,177500.0,,Electric,Automatic,Fleet vehicle
4366,Audi,Civic,2013,Error,68000.0,11.0,Electric,Manual,First owner
4367,Nissan,A4,1999,48100,124000.0,25.0,Gas,Manual,
4368,Nissan,Civic,2011,2100,,13.0,Electric,Automatic,
4369,Ford,F-150,2008,10700,228500.0,16.0,Diesel,Manual,Second owner
4370,Nissan,Altima,2019,30400,276500.0,5.0,Diesel,Manual,Refurbished
4371,Audi,Altima,2016,46200,46000.0,8.0,Gas,Semi-Automatic,
4372,Kia,X5,2015,21700,205500.0,9.0,Hybrid,Semi-Automatic,First owner
4373,Toyota,Corolla,2014,10500,199500.0,10.0,Diesel,Semi-Automatic,First owner
4374,Hyundai,Sportage,1992,10900,145500.0,32.0,Electric,Automatic,Imported
4375,Kia,Elantra,1990,38200,150000.0,34.0,Gas,Manual,Imported
4376,Audi,Civic,2005,11900,16000.0,19.0,Petrol,Automatic,First owner
4377,Honda,,1994,21200,148000.0,30.0,Gas,Automatic,First owner
4378,Nissan,A4,1990,49900,259000.0,34.0,Electric,Manual,Refurbished
4379,,Altima,2001,45000,194000.0,23.0,Diesel,Semi-Automatic,Imported
4380,,X5,2005,2000,115000.0,19.0,Hybrid,Automatic,First owner
4381,Kia,Civic,1991,26500,188500.0,33.0,Hybrid,Semi-Automatic,Refurbished
4382,Kia,A4,2019,Error,118000.0,5.0,Hybrid,Manual,
4383,Audi,Corolla,2018,1700,120500.0,6.0,Hybrid,Manual,First owner
4384,,Corolla,2019,23000,14000.0,5.0,Gas,Semi-Automatic,Imported
4385,Kia,Civic,Year?,20700,93000.0,,Electric,Semi-Automatic,Imported
4386,???,Civic,2015,46000,218500.0,9.0,Petrol,Semi-Automatic,
4387,???,Sportage,2018,3100,124500.0,6.0,Electric,Manual,First owner
4388,BMW,Civic,2009,29000,47500.0,15.0,Hybrid,Automatic,Refurbished
4389,Toyota,A4,2007,5000,235500.0,17.0,Electric,Manual,Second owner
4390,Hyundai,F-150,2021,35500,50000.0,3.0,Petrol,Automatic,Second owner
4391,Nissan,Sportage,2016,,239500.0,8.0,Petrol,Manual,Fleet vehicle
4392,Hyundai,C-Class,1994,30800,101500.0,30.0,Diesel,Automatic,Imported
4393,Nissan,F-150,1993,17000,97000.0,31.0,Electric,Manual,Fleet vehicle
4394,Kia,Civic,2001,30300,14000.0,23.0,Electric,Manual,Fleet vehicle
4395,Ford,Impala,1994,36300,13000.0,30.0,Hybrid,Semi-Automatic,Imported
4396,Toyota,A4,1997,1600,157000.0,27.0,Hybrid,Semi-Automatic,Refurbished
4397,Nissan,Sportage,1992,5300,45000.0,32.0,Petrol,Manual,Refurbished
4398,???,X5,1999,,65500.0,25.0,Diesel,Automatic,Refurbished
4399,Ford,Impala,2003,49400,166000.0,21.0,Electric,Manual,Imported
4400,Honda,C-Class,2005,49000,170000.0,19.0,Electric,Semi-Automatic,
4401,Audi,Corolla,1991,,41500.0,33.0,Electric,Semi-Automatic,Fleet vehicle
4402,Honda,Corolla,2010,37600,68000.0,14.0,Gas,Semi-Automatic,Refurbished
4403,BMW,C-Class,2000,5600,238000.0,24.0,Petrol,Manual,Fleet vehicle
4404,Kia,C-Class,2010,21300,284500.0,14.0,Petrol,Automatic,Fleet vehicle
4405,Toyota,Sportage,2016,20200,141500.0,8.0,Hybrid,Automatic,Imported
4406,Kia,F-150,2009,Error,251500.0,15.0,Hybrid,Manual,Imported
4407,Toyota,A4,1991,20200,262500.0,33.0,Hybrid,Automatic,Refurbished
4408,Toyota,X5,2016,32300,36500.0,8.0,Electric,Semi-Automatic,First owner
4409,Toyota,A4,2003,16200,158000.0,21.0,Electric,Manual,
4410,Chevrolet,Civic,2015,-1,143500.0,9.0,Diesel,Automatic,Second owner
4411,Hyundai,X5,2019,,14500.0,5.0,Diesel,Manual,Second owner
4412,Nissan,Altima,2002,21000,111500.0,22.0,Electric,Semi-Automatic,First owner
4413,Ford,Altima,2009,36000,181000.0,15.0,Hybrid,Semi-Automatic,Fleet vehicle
4414,Chevrolet,Elantra,2006,8000,225500.0,18.0,Gas,Manual,First owner
4415,Nissan,Civic,2011,17800,248000.0,13.0,Hybrid,Manual,Second owner
4416,Chevrolet,Altima,1997,24700,141500.0,27.0,Electric,Automatic,First owner
4417,Chevrolet,Civic,2018,15300,130500.0,6.0,Electric,Automatic,
4418,Kia,A4,2019,35200,181500.0,5.0,Diesel,Semi-Automatic,Imported
4419,Mercedes,Civic,2023,28000,111000.0,1.0,Diesel,Manual,Fleet vehicle
4420,Kia,Elantra,2012,34100,162500.0,12.0,Gas,Semi-Automatic,Imported
4421,Chevrolet,Sportage,1990,39400,101000.0,34.0,Petrol,Manual,Second owner
4422,Toyota,A4,1996,44700,92000.0,28.0,Hybrid,Manual,Imported
4423,Audi,Impala,2003,31900,181500.0,21.0,Gas,Semi-Automatic,Second owner
4424,Mercedes,A4,2022,,298000.0,2.0,Hybrid,Automatic,Fleet vehicle
4425,Mercedes,Sportage,1999,18500,151000.0,25.0,Electric,Semi-Automatic,Fleet vehicle
4426,Honda,Elantra,2017,11200,204000.0,7.0,Gas,Manual,Fleet vehicle
4427,Kia,Elantra,2017,44800,227000.0,7.0,Electric,Automatic,Refurbished
4428,BMW,Corolla,2000,,290000.0,24.0,Gas,Semi-Automatic,Fleet vehicle
4429,Toyota,Corolla,1994,42000,31500.0,30.0,Diesel,Semi-Automatic,First owner
4430,Toyota,Elantra,1990,33500,279000.0,34.0,Electric,Manual,First owner
4431,Mercedes,Sportage,2020,23800,,4.0,Hybrid,Semi-Automatic,Second owner
4432,Chevrolet,Altima,2018,31100,238000.0,6.0,Diesel,Manual,Second owner
4433,Toyota,Corolla,,8900,294000.0,,Hybrid,Semi-Automatic,
4434,Hyundai,Impala,1996,39700,144500.0,28.0,Gas,Semi-Automatic,Second owner
4435,Toyota,A4,2011,6200,215500.0,13.0,Diesel,Automatic,Refurbished
4436,Toyota,Sportage,2019,38100,156500.0,5.0,Diesel,Automatic,
4437,Ford,Altima,2019,38400,128500.0,5.0,Electric,Manual,Second owner
4438,Audi,Impala,2006,,35000.0,18.0,Electric,Automatic,Imported
4439,Chevrolet,Corolla,2014,-1,115500.0,10.0,Electric,Automatic,Imported
4440,BMW,Altima,1995,49000,106000.0,29.0,Gas,Automatic,Second owner
4441,Honda,Elantra,2020,Error,33000.0,4.0,Petrol,Semi-Automatic,Fleet vehicle
4442,Nissan,Civic,2012,18500,235500.0,12.0,Hybrid,Semi-Automatic,Imported
4443,Audi,Impala,2002,,-5000.0,22.0,Diesel,Automatic,First owner
4444,Audi,A4,1992,13500,154000.0,32.0,Hybrid,Automatic,Imported
4445,Nissan,C-Class,2013,48500,36000.0,11.0,Diesel,Automatic,Imported
4446,Chevrolet,Corolla,2001,-1,,23.0,Gas,Semi-Automatic,Second owner
4447,Mercedes,,2010,-1,1000.0,14.0,Hybrid,Manual,Refurbished
4448,Chevrolet,Elantra,2012,26300,41500.0,12.0,Hybrid,Semi-Automatic,Fleet vehicle
4449,BMW,Elantra,,23400,134500.0,,Gas,Automatic,First owner
4450,Honda,A4,2008,18700,95000.0,16.0,Gas,Semi-Automatic,First owner
4451,Ford,C-Class,2008,9000,180000.0,16.0,Gas,Automatic,First owner
4452,Ford,Impala,0,21400,85500.0,,Gas,Manual,First owner
4453,Toyota,Corolla,2005,30700,81000.0,19.0,Diesel,Semi-Automatic,First owner
4454,Chevrolet,Corolla,2012,12100,222000.0,12.0,Gas,Manual,First owner
4455,Audi,X5,1995,8000,170500.0,29.0,Gas,Automatic,Second owner
4456,Toyota,Sportage,2018,26100,121500.0,6.0,Electric,Semi-Automatic,Fleet vehicle
4457,Hyundai,F-150,2001,1000,96000.0,23.0,Petrol,Automatic,First owner
4458,Hyundai,Corolla,1990,8700,82500.0,34.0,Electric,Automatic,Fleet vehicle
4459,Kia,Altima,2019,16800,163500.0,5.0,Hybrid,Manual,
4460,Ford,Corolla,2003,12800,122500.0,21.0,Hybrid,Manual,Fleet vehicle
4461,Toyota,Impala,2005,-1,,19.0,Petrol,Manual,
4462,BMW,X5,2020,15800,79500.0,4.0,Hybrid,Manual,First owner
4463,Hyundai,Impala,1994,,106500.0,30.0,Diesel,Automatic,Imported
4464,Nissan,Elantra,1999,44100,169500.0,25.0,Hybrid,Automatic,
4465,Toyota,F-150,2010,15900,271000.0,14.0,Hybrid,Manual,
4466,Kia,Elantra,1993,30400,39500.0,31.0,Hybrid,Automatic,Imported
4467,Nissan,Altima,2002,,208000.0,22.0,Diesel,Automatic,First owner
4468,Kia,Corolla,1994,2000,283000.0,30.0,Electric,Automatic,Fleet vehicle
4469,Chevrolet,Altima,1991,13300,177000.0,33.0,Diesel,Manual,Refurbished
4470,Audi,C-Class,1995,6800,255000.0,29.0,Gas,Automatic,Fleet vehicle
4471,???,C-Class,2015,5800,255000.0,9.0,Petrol,Semi-Automatic,Fleet vehicle
4472,Toyota,A4,2009,27800,71000.0,15.0,Diesel,Automatic,Refurbished
4473,Nissan,C-Class,2006,4000,283000.0,18.0,Gas,Manual,
4474,Honda,Unknown,2023,16000,276000.0,1.0,Petrol,Manual,First owner
4475,Audi,A4,2003,38900,6500.0,21.0,Diesel,Semi-Automatic,Second owner
4476,BMW,A4,1996,26600,288500.0,28.0,Diesel,Manual,
4477,Hyundai,Impala,2006,24400,,18.0,Petrol,Manual,Fleet vehicle
4478,Honda,X5,1994,44800,127500.0,30.0,Hybrid,Manual,Second owner
4479,Chevrolet,C-Class,Year?,47100,54000.0,,Electric,Semi-Automatic,Second owner
4480,Honda,X5,2019,,30000.0,5.0,Gas,Automatic,Second owner
4481,Audi,Altima,1996,1700,285500.0,28.0,Hybrid,Manual,First owner
4482,Toyota,Corolla,2007,33700,282000.0,17.0,Petrol,Automatic,
4483,Ford,Sportage,1991,11900,263000.0,33.0,Diesel,Semi-Automatic,Refurbished
4484,Kia,Corolla,0,5800,69000.0,,Petrol,Semi-Automatic,Second owner
4485,Chevrolet,Impala,1992,7000,213000.0,32.0,Hybrid,Automatic,
4486,Ford,Impala,1996,30600,13500.0,28.0,Gas,Automatic,
4487,Hyundai,Corolla,2007,,208500.0,17.0,Electric,Automatic,Imported
4488,Kia,Elantra,2019,32200,97000.0,5.0,Hybrid,Automatic,
4489,Honda,Altima,1993,15600,173500.0,31.0,Electric,Semi-Automatic,First owner
4490,Toyota,Sportage,2002,10100,,22.0,Hybrid,Automatic,Refurbished
4491,Mercedes,Impala,1993,5900,223000.0,31.0,Electric,Semi-Automatic,Imported
4492,Honda,Altima,1993,,296000.0,31.0,Hybrid,Semi-Automatic,First owner
4493,Hyundai,C-Class,1998,8000,265500.0,26.0,Hybrid,Automatic,Fleet vehicle
4494,Mercedes,F-150,2023,20900,8500.0,1.0,Hybrid,Automatic,Imported
4495,Toyota,Altima,2018,5800,99500.0,6.0,Gas,Automatic,
4496,Toyota,Impala,2017,25600,154000.0,7.0,Electric,Manual,Imported
4497,Audi,Altima,2023,36700,155000.0,1.0,Hybrid,Automatic,
4498,Nissan,Impala,2020,18600,67500.0,4.0,Gas,Automatic,Second owner
4499,Toyota,Unknown,2018,41300,264500.0,6.0,Gas,Manual,Imported
4500,Nissan,C-Class,2005,14700,216500.0,19.0,Diesel,Manual,Second owner
4501,Toyota,Impala,1996,10100,,28.0,Gas,Automatic,Refurbished
4502,Audi,A4,2018,36500,147000.0,6.0,Gas,Semi-Automatic,
4503,Mercedes,Impala,2008,10500,288500.0,16.0,Hybrid,Manual,Second owner
4504,Audi,Civic,2017,23600,79500.0,7.0,Hybrid,Manual,Refurbished
4505,Chevrolet,A4,2020,48700,251500.0,4.0,Electric,Manual,Fleet vehicle
4506,Audi,Civic,1997,,144000.0,27.0,Diesel,Manual,
4507,BMW,A4,1993,21500,20500.0,31.0,Diesel,Manual,Second owner
4508,Ford,Elantra,2013,Error,203500.0,11.0,Hybrid,Manual,Refurbished
4509,???,X5,2020,13400,52500.0,4.0,Hybrid,Manual,First owner
4510,Ford,Elantra,2000,-1,121000.0,24.0,Electric,Semi-Automatic,
4511,Audi,Civic,2016,-1,9500.0,8.0,Gas,Automatic,First owner
4512,Mercedes,F-150,2017,39400,54500.0,7.0,Gas,Automatic,Second owner
4513,Chevrolet,F-150,2012,28900,264500.0,12.0,Diesel,Automatic,Fleet vehicle
4514,Nissan,X5,2015,-1,67000.0,9.0,Petrol,Semi-Automatic,Imported
4515,Hyundai,A4,2017,44500,205500.0,7.0,Gas,Manual,
4516,Audi,Sportage,1996,17600,88500.0,28.0,Gas,Semi-Automatic,Second owner
4517,Chevrolet,Elantra,1999,14400,9000.0,25.0,Hybrid,Manual,Imported
4518,Honda,Sportage,2009,48200,122000.0,15.0,Petrol,Automatic,First owner
4519,Kia,A4,1999,39100,9000.0,25.0,Gas,Automatic,Imported
4520,Ford,A4,1993,26300,205500.0,31.0,Electric,Automatic,Refurbished
4521,Honda,Unknown,2016,40900,6000.0,8.0,Diesel,Automatic,
4522,Audi,F-150,2021,11200,174000.0,3.0,Hybrid,Manual,Imported
4523,Toyota,Civic,1991,21300,191500.0,33.0,Gas,Automatic,First owner
4524,Honda,Elantra,2012,35400,207000.0,12.0,Diesel,Semi-Automatic,Fleet vehicle
4525,Hyundai,X5,1994,23300,193000.0,30.0,Petrol,Semi-Automatic,Second owner
4526,Kia,Elantra,1993,24500,162500.0,31.0,Diesel,Semi-Automatic,Imported
4527,Chevrolet,C-Class,1999,47100,111500.0,25.0,Hybrid,Manual,Second owner
4528,Toyota,Civic,2006,26800,110000.0,18.0,Diesel,Manual,Second owner
4529,Honda,Impala,2013,18100,147500.0,11.0,Gas,Manual,Refurbished
4530,Honda,X5,1990,31400,246000.0,34.0,Gas,Automatic,Imported
4531,Hyundai,A4,2013,27300,122000.0,11.0,Petrol,Semi-Automatic,
4532,Audi,X5,1990,Error,-5000.0,34.0,Diesel,Semi-Automatic,Imported
4533,Audi,A4,2020,17500,81500.0,4.0,Petrol,Manual,Imported
4534,Honda,,2010,41200,200500.0,14.0,Diesel,Automatic,Second owner
4535,Kia,Sportage,2015,29500,40000.0,9.0,Gas,Automatic,Refurbished
4536,Nissan,Civic,2014,22000,64000.0,10.0,Gas,Automatic,Refurbished
4537,Chevrolet,X5,2017,25600,150500.0,7.0,Petrol,Manual,Second owner
4538,Nissan,Impala,2021,38600,239000.0,3.0,Gas,Automatic,First owner
4539,Kia,Altima,1991,17600,106000.0,33.0,Hybrid,Automatic,Imported
4540,Mercedes,Sportage,2020,,273000.0,4.0,Petrol,Semi-Automatic,Fleet vehicle
4541,Ford,F-150,2013,25300,107500.0,11.0,Electric,Manual,
4542,Hyundai,C-Class,1994,45500,82500.0,30.0,Hybrid,Automatic,Fleet vehicle
4543,Ford,Civic,2011,22100,219000.0,13.0,Petrol,Manual,Second owner
4544,Audi,Impala,2016,46700,3500.0,8.0,Petrol,Automatic,Second owner
4545,,A4,2006,5300,9500.0,18.0,Gas,Automatic,Imported
4546,Ford,F-150,1992,-1,286500.0,32.0,Hybrid,Automatic,Refurbished
4547,Kia,Sportage,2005,41800,30500.0,19.0,Gas,Semi-Automatic,Refurbished
4548,Toyota,Civic,2004,,160000.0,20.0,Diesel,Semi-Automatic,Fleet vehicle
4549,Hyundai,Altima,2013,29700,7000.0,11.0,Petrol,Automatic,
4550,Ford,Corolla,2003,1800,22000.0,21.0,Hybrid,Automatic,
4551,,Impala,1999,32800,149500.0,25.0,Diesel,Semi-Automatic,Imported
4552,Ford,Corolla,2023,Error,249000.0,1.0,Gas,Automatic,First owner
4553,Audi,Altima,,42900,167500.0,,Diesel,Manual,Refurbished
4554,Mercedes,C-Class,2015,4300,248000.0,9.0,Hybrid,Automatic,Fleet vehicle
4555,Honda,Sportage,1990,28400,54000.0,34.0,Petrol,Semi-Automatic,Second owner
4556,Audi,C-Class,1998,36800,80000.0,26.0,Petrol,Manual,Imported
4557,Mercedes,X5,2008,14800,226000.0,16.0,Hybrid,Automatic,Imported
4558,BMW,Elantra,1993,17000,,31.0,Diesel,Manual,Fleet vehicle
4559,Ford,Elantra,2012,7000,222500.0,12.0,Diesel,Manual,Second owner
4560,BMW,Elantra,Year?,31900,285500.0,,Diesel,Manual,Fleet vehicle
4561,Toyota,X5,1997,10900,192000.0,27.0,Diesel,Manual,Imported
4562,Honda,,2006,21900,46500.0,18.0,Petrol,Manual,Fleet vehicle
4563,Audi,Elantra,,35600,34000.0,,Petrol,Manual,First owner
4564,Chevrolet,Civic,,49700,136500.0,,Gas,Semi-Automatic,Refurbished
4565,Honda,X5,1997,47600,170500.0,27.0,Electric,Manual,
4566,Nissan,Elantra,2009,32000,292000.0,15.0,Gas,Semi-Automatic,Refurbished
4567,BMW,Corolla,2007,30800,261500.0,17.0,Gas,Manual,
4568,Ford,Impala,2001,20000,36000.0,23.0,Diesel,Manual,
4569,Nissan,F-150,1998,9300,47000.0,26.0,Petrol,Semi-Automatic,Refurbished
4570,Mercedes,Civic,2005,39400,66000.0,19.0,Petrol,Automatic,Second owner
4571,Chevrolet,Altima,2004,3600,128000.0,20.0,Diesel,Manual,Refurbished
4572,Toyota,Sportage,2003,4300,76500.0,21.0,Gas,Semi-Automatic,Second owner
4573,Nissan,C-Class,1998,27100,98000.0,26.0,Diesel,Automatic,Imported
4574,Chevrolet,Altima,2006,10200,272500.0,18.0,Petrol,Manual,Fleet vehicle
4575,,Altima,2008,21900,20500.0,16.0,Petrol,Automatic,Imported
4576,Ford,Impala,1994,,78500.0,30.0,Petrol,Manual,First owner
4577,Chevrolet,Sportage,2009,34600,291000.0,15.0,Petrol,Semi-Automatic,
4578,Ford,F-150,2011,9900,127000.0,13.0,Hybrid,Manual,Second owner
4579,Chevrolet,Altima,1990,25300,8500.0,34.0,Electric,Manual,Refurbished
4580,Mercedes,A4,1991,10900,,33.0,Diesel,Automatic,Fleet vehicle
4581,,Impala,1991,46600,62500.0,33.0,Diesel,Semi-Automatic,Fleet vehicle
4582,Chevrolet,,1999,36600,-5000.0,25.0,Diesel,Semi-Automatic,Second owner
4583,Toyota,Elantra,2014,21200,111000.0,10.0,Petrol,Manual,First owner
4584,Chevrolet,Corolla,2004,12100,274000.0,20.0,Electric,Automatic,Second owner
4585,Kia,Elantra,2023,32400,150500.0,1.0,Hybrid,Manual,Imported
4586,Kia,Corolla,2017,15600,148000.0,7.0,Gas,Manual,Fleet vehicle
4587,Kia,X5,2017,17900,98000.0,7.0,Diesel,Manual,Imported
4588,Chevrolet,A4,2011,49400,14500.0,13.0,Hybrid,Semi-Automatic,Second owner
4589,Chevrolet,C-Class,2016,16900,80000.0,8.0,Electric,Automatic,Refurbished
4590,BMW,X5,2011,11500,140500.0,13.0,Petrol,Manual,First owner
4591,Audi,Impala,2022,-1,138000.0,2.0,Electric,Semi-Automatic,Refurbished
4592,Nissan,F-150,2015,-1,158000.0,9.0,Hybrid,Semi-Automatic,Imported
4593,Ford,Altima,2016,38900,8000.0,8.0,Gas,Manual,Refurbished
4594,Ford,Elantra,1994,43700,290000.0,30.0,Petrol,Semi-Automatic,Refurbished
4595,Nissan,F-150,2007,19600,220000.0,17.0,Diesel,Manual,
4596,Nissan,Sportage,1996,22800,156500.0,28.0,Petrol,Automatic,
4597,Toyota,C-Class,2002,23800,-5000.0,22.0,Electric,Automatic,Fleet vehicle
4598,Toyota,C-Class,2010,4000,18000.0,14.0,Petrol,Manual,
4599,Toyota,F-150,2013,35500,151500.0,11.0,Diesel,Manual,Refurbished
4600,Audi,Impala,2002,42400,298000.0,22.0,Diesel,Manual,Second owner
4601,Audi,Civic,2013,20000,179500.0,11.0,Diesel,Semi-Automatic,
4602,Hyundai,Civic,1991,15200,164000.0,33.0,Diesel,Semi-Automatic,Imported
4603,Audi,Impala,1993,46400,180000.0,31.0,Diesel,Semi-Automatic,Refurbished
4604,Toyota,Unknown,2014,45900,43500.0,10.0,Electric,Manual,Second owner
4605,Nissan,Sportage,2017,5900,-5000.0,7.0,Hybrid,Automatic,Imported
4606,Honda,Civic,2007,25900,251000.0,17.0,Electric,Manual,First owner
4607,BMW,Corolla,2003,1300,230500.0,21.0,Gas,Automatic,First owner
4608,Ford,Elantra,2017,27200,134500.0,7.0,Hybrid,Semi-Automatic,Fleet vehicle
4609,Hyundai,Impala,1993,-1,215500.0,31.0,Petrol,Manual,Refurbished
4610,Mercedes,F-150,2017,36000,298500.0,7.0,Electric,Automatic,Refurbished
4611,Audi,Impala,1995,4000,105500.0,29.0,Petrol,Semi-Automatic,Second owner
4612,???,F-150,2013,39100,80500.0,11.0,Diesel,Manual,Imported
4613,BMW,,2003,33700,50000.0,21.0,Petrol,Manual,Refurbished
4614,Mercedes,X5,1992,49000,135000.0,32.0,Gas,Automatic,Fleet vehicle
4615,Audi,F-150,2021,26900,148000.0,3.0,Electric,Manual,Refurbished
4616,Chevrolet,F-150,2004,38600,277500.0,20.0,Electric,Automatic,First owner
4617,Toyota,Elantra,2019,44500,69000.0,5.0,Electric,Semi-Automatic,Second owner
4618,Nissan,Altima,1999,34300,115000.0,25.0,Gas,Manual,First owner
4619,Hyundai,Civic,1991,40000,114500.0,33.0,Diesel,Manual,First owner
4620,Chevrolet,F-150,2008,41100,142000.0,16.0,Gas,Automatic,
4621,Kia,X5,Year?,28100,15500.0,,Diesel,Manual,Second owner
4622,Audi,F-150,2008,31000,,16.0,Gas,Manual,Second owner
4623,Toyota,Sportage,2022,20500,70500.0,2.0,Electric,Semi-Automatic,
4624,Toyota,A4,2006,24600,18500.0,18.0,Hybrid,Semi-Automatic,
4625,Toyota,Corolla,2020,37100,226000.0,4.0,Petrol,Automatic,Imported
4626,Ford,Altima,2009,20100,204000.0,15.0,Petrol,Semi-Automatic,
4627,Audi,Corolla,2016,36000,286500.0,8.0,Hybrid,Manual,Fleet vehicle
4628,BMW,Civic,2005,3000,292000.0,19.0,Diesel,Automatic,Imported
4629,Toyota,A4,2004,32100,51000.0,20.0,Gas,Automatic,Imported
4630,BMW,Sportage,2019,10300,184500.0,5.0,Gas,Manual,Second owner
4631,Ford,A4,2008,18800,33000.0,16.0,Hybrid,Automatic,Second owner
4632,Nissan,Corolla,2016,33800,39000.0,8.0,Diesel,Semi-Automatic,First owner
4633,Honda,Civic,1999,26200,12000.0,25.0,Diesel,Automatic,Fleet vehicle
4634,Chevrolet,F-150,1995,25500,73000.0,29.0,Hybrid,Manual,Fleet vehicle
4635,Ford,F-150,2003,34300,150000.0,21.0,Diesel,Automatic,Refurbished
4636,Honda,F-150,1990,44400,,34.0,Petrol,Manual,Imported
4637,Audi,X5,2010,11500,124500.0,14.0,Hybrid,Semi-Automatic,
4638,Hyundai,Elantra,2005,30600,132000.0,19.0,Electric,Semi-Automatic,Second owner
4639,Hyundai,Elantra,2022,Error,90500.0,2.0,Electric,Semi-Automatic,Refurbished
4640,Mercedes,Elantra,2005,33800,246500.0,19.0,Hybrid,Automatic,
4641,Mercedes,F-150,1997,9300,194500.0,27.0,Electric,Semi-Automatic,Fleet vehicle
4642,Honda,X5,2001,33400,247000.0,23.0,Hybrid,Semi-Automatic,Fleet vehicle
4643,Toyota,F-150,2008,42500,-5000.0,16.0,Petrol,Automatic,First owner
4644,Hyundai,X5,2021,14200,95000.0,3.0,Diesel,Automatic,Fleet vehicle
4645,Ford,Civic,1991,33200,148000.0,33.0,Petrol,Automatic,First owner
4646,Toyota,X5,1993,25700,131500.0,31.0,Electric,Manual,Fleet vehicle
4647,Nissan,F-150,1990,18400,153000.0,34.0,Electric,Automatic,Fleet vehicle
4648,Hyundai,X5,1996,48100,104000.0,28.0,Petrol,Automatic,Fleet vehicle
4649,,Unknown,2003,23600,156000.0,21.0,Petrol,Manual,First owner
4650,Toyota,Sportage,1997,16600,48000.0,27.0,Petrol,Manual,Second owner
4651,Hyundai,Sportage,Year?,1000,86000.0,,Gas,Automatic,Refurbished
4652,Hyundai,,1997,24300,280500.0,27.0,Hybrid,Automatic,First owner
4653,Ford,Altima,2021,37700,152500.0,3.0,Gas,Automatic,Second owner
4654,Toyota,Altima,2002,44300,139000.0,22.0,Petrol,Manual,First owner
4655,Toyota,Sportage,2021,Error,131000.0,3.0,Hybrid,Automatic,
4656,Nissan,,2003,35200,161500.0,21.0,Petrol,Semi-Automatic,Refurbished
4657,Mercedes,Corolla,2016,45200,10000.0,8.0,Petrol,Automatic,
4658,Hyundai,X5,1993,21000,233000.0,31.0,Hybrid,Automatic,Refurbished
4659,Mercedes,,2010,Error,221500.0,14.0,Diesel,Automatic,Second owner
4660,Kia,Corolla,2000,7800,278500.0,24.0,Gas,Semi-Automatic,First owner
4661,Kia,Corolla,2017,41400,34000.0,7.0,Hybrid,Semi-Automatic,Fleet vehicle
4662,Mercedes,,2004,49900,19500.0,20.0,Petrol,Semi-Automatic,First owner
4663,Kia,Corolla,2007,29900,298500.0,17.0,Gas,Manual,Refurbished
4664,Toyota,A4,2017,43100,,7.0,Gas,Automatic,First owner
4665,Toyota,X5,2021,21400,69000.0,3.0,Petrol,Semi-Automatic,Fleet vehicle
4666,Toyota,F-150,1997,32900,119500.0,27.0,Petrol,Semi-Automatic,
4667,Kia,X5,2012,Error,252000.0,12.0,Petrol,Semi-Automatic,
4668,Mercedes,Elantra,,29500,85000.0,,Electric,Automatic,Imported
4669,Nissan,F-150,1997,12600,20000.0,27.0,Gas,Manual,First owner
4670,Toyota,Elantra,2004,-1,248000.0,20.0,Petrol,Manual,Fleet vehicle
4671,BMW,Impala,1997,Error,-5000.0,27.0,Electric,Manual,
4672,BMW,Corolla,1992,16000,18500.0,32.0,Petrol,Semi-Automatic,Fleet vehicle
4673,Honda,C-Class,2012,13200,86000.0,12.0,Petrol,Automatic,Refurbished
4674,Toyota,Elantra,2013,-1,74000.0,11.0,Electric,Automatic,Imported
4675,Nissan,Corolla,2015,31800,181000.0,9.0,Diesel,Manual,Imported
4676,Hyundai,Altima,2013,11500,284500.0,11.0,Gas,Semi-Automatic,Refurbished
4677,Kia,X5,2003,-1,183500.0,21.0,Petrol,Automatic,
4678,Honda,Sportage,1993,13600,134500.0,31.0,Diesel,Semi-Automatic,Fleet vehicle
4679,Mercedes,Sportage,1992,26100,,32.0,Diesel,Semi-Automatic,Imported
4680,Nissan,Sportage,1995,47900,244500.0,29.0,Diesel,Automatic,Imported
4681,Mercedes,A4,2009,Error,210500.0,15.0,Petrol,Manual,Fleet vehicle
4682,Ford,C-Class,2010,2000,261500.0,14.0,Hybrid,Automatic,First owner
4683,Nissan,C-Class,2003,22600,,21.0,Gas,Automatic,
4684,Kia,A4,2017,8100,167000.0,7.0,Gas,Semi-Automatic,Imported
4685,,A4,1999,42900,130500.0,25.0,Electric,Automatic,First owner
4686,Kia,Impala,1990,34300,299000.0,34.0,Gas,Automatic,First owner
4687,Chevrolet,X5,2004,36800,3500.0,20.0,Petrol,Semi-Automatic,Refurbished
4688,Ford,C-Class,1992,9500,294000.0,32.0,Electric,Automatic,Second owner
4689,Ford,C-Class,2016,33400,127000.0,8.0,Petrol,Manual,Fleet vehicle
4690,Audi,X5,2002,,281000.0,22.0,Petrol,Semi-Automatic,Second owner
4691,Chevrolet,Impala,2014,27000,204000.0,10.0,Diesel,Manual,Imported
4692,Mercedes,C-Class,1998,10800,100000.0,26.0,Petrol,Semi-Automatic,Fleet vehicle
4693,,Impala,1996,23200,34000.0,28.0,Electric,Semi-Automatic,Fleet vehicle
4694,Mercedes,Altima,1992,46200,37000.0,32.0,Electric,Automatic,First owner
4695,Mercedes,Unknown,2008,39600,180000.0,16.0,Diesel,Semi-Automatic,
4696,Kia,F-150,1998,Error,240500.0,26.0,Gas,Semi-Automatic,Fleet vehicle
4697,Toyota,F-150,2018,27900,215500.0,6.0,Petrol,Semi-Automatic,Fleet vehicle
4698,Mercedes,Unknown,1992,16300,10500.0,32.0,Electric,Automatic,Fleet vehicle
4699,Mercedes,F-150,1994,28300,-5000.0,30.0,Hybrid,Automatic,First owner
4700,Audi,A4,2019,22700,22500.0,5.0,Petrol,Automatic,Fleet vehicle
4701,Mercedes,X5,0,31200,266500.0,,Electric,Manual,First owner
4702,Chevrolet,Civic,2009,29300,,15.0,Diesel,Automatic,First owner
4703,Kia,F-150,1996,6100,55000.0,28.0,Petrol,Manual,
4704,Nissan,C-Class,2012,16400,209500.0,12.0,Hybrid,Automatic,
4705,Toyota,,2010,11100,60000.0,14.0,Diesel,Semi-Automatic,Imported
4706,Mercedes,X5,2014,15000,203500.0,10.0,Electric,Automatic,Imported
4707,Ford,Impala,1996,1800,160000.0,28.0,Petrol,Manual,Refurbished
4708,Hyundai,X5,2007,11400,20000.0,17.0,Petrol,Manual,First owner
4709,Chevrolet,Sportage,2002,Error,176000.0,22.0,Petrol,Manual,Refurbished
4710,Kia,Civic,1995,3700,152500.0,29.0,Electric,Automatic,Imported
4711,BMW,Corolla,2016,42100,45500.0,8.0,Hybrid,Automatic,Imported
4712,Mercedes,Civic,2010,23800,114000.0,14.0,Diesel,Semi-Automatic,Imported
4713,Honda,Civic,1992,34000,21500.0,32.0,Diesel,Manual,Imported
4714,Honda,X5,2016,27400,163500.0,8.0,Electric,Automatic,
4715,Chevrolet,X5,2019,43000,177000.0,5.0,Diesel,Semi-Automatic,
4716,Nissan,C-Class,2010,47900,174000.0,14.0,Petrol,Semi-Automatic,
4717,Ford,X5,1991,18100,279000.0,33.0,Petrol,Automatic,Second owner
4718,Audi,Sportage,2023,23100,238500.0,1.0,Electric,Automatic,First owner
4719,Kia,Sportage,2011,45100,201000.0,13.0,Gas,Automatic,Fleet vehicle
4720,Toyota,C-Class,2007,16100,113500.0,17.0,Hybrid,Semi-Automatic,Refurbished
4721,Nissan,Civic,1994,48100,100500.0,30.0,Diesel,Automatic,Refurbished
4722,Toyota,A4,2006,33600,267000.0,18.0,Gas,Semi-Automatic,Second owner
4723,???,Sportage,1999,24000,275500.0,25.0,Electric,Automatic,Refurbished
4724,Kia,Civic,2005,12800,133500.0,19.0,Diesel,Manual,Second owner
4725,Nissan,Elantra,2022,20500,202500.0,2.0,Diesel,Automatic,Imported
4726,Chevrolet,Impala,2019,,45000.0,5.0,Hybrid,Manual,Imported
4727,Honda,Altima,2009,31700,141500.0,15.0,Gas,Automatic,Second owner
4728,Ford,A4,1995,-1,246000.0,29.0,Hybrid,Manual,Second owner
4729,Honda,Civic,2016,46200,108000.0,8.0,Gas,Automatic,Fleet vehicle
4730,Audi,Elantra,2008,32500,,16.0,Hybrid,Automatic,Second owner
4731,Kia,C-Class,2008,39700,45500.0,16.0,Hybrid,Manual,Imported
4732,Honda,Elantra,1992,4100,33500.0,32.0,Electric,Automatic,Imported
4733,Ford,A4,2006,32800,37500.0,18.0,Petrol,Manual,
4734,Ford,Civic,2003,9800,126000.0,21.0,Electric,Automatic,Second owner
4735,Toyota,Sportage,1996,30400,244000.0,28.0,Hybrid,Automatic,Refurbished
4736,Kia,X5,2004,6700,163000.0,20.0,Gas,Manual,Refurbished
4737,Audi,C-Class,2018,2900,275500.0,6.0,Gas,Semi-Automatic,Fleet vehicle
4738,Honda,F-150,2007,8900,66000.0,17.0,Petrol,Automatic,Second owner
4739,Nissan,,2005,45400,184500.0,19.0,Diesel,Manual,Imported
4740,Toyota,Corolla,1998,23000,168000.0,26.0,Petrol,Semi-Automatic,Refurbished
4741,BMW,Impala,2003,Error,17000.0,21.0,Electric,Manual,Imported
4742,BMW,Civic,2021,44200,112000.0,3.0,Hybrid,Semi-Automatic,Fleet vehicle
4743,Audi,Elantra,1996,32200,267000.0,28.0,Electric,Semi-Automatic,Refurbished
4744,Honda,F-150,2011,47900,17500.0,13.0,Diesel,Manual,First owner
4745,Audi,Impala,2007,9400,76000.0,17.0,Petrol,Manual,Refurbished
4746,Nissan,Civic,1993,30900,,31.0,Petrol,Automatic,First owner
4747,Honda,X5,2018,37400,153500.0,6.0,Hybrid,Semi-Automatic,First owner
4748,Toyota,C-Class,2009,16200,236500.0,15.0,Diesel,Manual,Fleet vehicle
4749,???,Impala,2017,40900,284000.0,7.0,Gas,Manual,Fleet vehicle
4750,Nissan,A4,1994,46400,213000.0,30.0,Petrol,Automatic,Second owner
4751,Nissan,A4,1990,47700,176500.0,34.0,Hybrid,Manual,First owner
4752,Toyota,X5,2005,23000,64500.0,19.0,Gas,Semi-Automatic,Refurbished
4753,Nissan,Impala,1990,46400,60000.0,34.0,Hybrid,Manual,Fleet vehicle
4754,Kia,Altima,1990,42900,71500.0,34.0,Gas,Semi-Automatic,Refurbished
4755,BMW,Altima,2000,Error,64000.0,24.0,Electric,Manual,Second owner
4756,Chevrolet,X5,2007,22900,221000.0,17.0,Hybrid,Manual,Fleet vehicle
4757,Toyota,C-Class,1993,20800,56000.0,31.0,Gas,Manual,Refurbished
4758,Mercedes,F-150,Year?,36100,28500.0,,Diesel,Manual,
4759,Mercedes,X5,2021,26000,104500.0,3.0,Electric,Semi-Automatic,Fleet vehicle
4760,,C-Class,2023,-1,277500.0,1.0,Electric,Automatic,Imported
4761,Toyota,Civic,2015,,4000.0,9.0,Hybrid,Automatic,Second owner
4762,Honda,C-Class,2016,35600,66500.0,8.0,Electric,Automatic,Refurbished
4763,Hyundai,C-Class,2017,39300,-5000.0,7.0,Diesel,Automatic,Refurbished
4764,BMW,Unknown,1996,43400,177000.0,28.0,Electric,Automatic,Fleet vehicle
4765,Mercedes,X5,2009,23600,133000.0,15.0,Electric,Semi-Automatic,Second owner
4766,Hyundai,Unknown,2017,38400,246500.0,7.0,Electric,Automatic,Imported
4767,Honda,C-Class,2013,14600,59000.0,11.0,Hybrid,Automatic,Second owner
4768,Nissan,Altima,2023,35800,204000.0,1.0,Electric,Automatic,First owner
4769,Ford,Elantra,2013,16900,182000.0,11.0,Diesel,Manual,
4770,Audi,Civic,2015,30800,235500.0,9.0,Diesel,Manual,
4771,Hyundai,C-Class,1990,5200,260500.0,34.0,Electric,Manual,Second owner
4772,Chevrolet,Unknown,2011,30200,169000.0,13.0,Gas,Automatic,First owner
4773,Toyota,A4,,23600,10000.0,,Diesel,Automatic,Refurbished
4774,Ford,Impala,1998,39100,36000.0,26.0,Hybrid,Semi-Automatic,Second owner
4775,Honda,C-Class,1993,24900,266500.0,31.0,Gas,Semi-Automatic,First owner
4776,Toyota,Sportage,2018,49600,265500.0,6.0,Gas,Semi-Automatic,
4777,Kia,X5,2007,39600,,17.0,Hybrid,Manual,Imported
4778,Honda,Civic,2004,10900,206500.0,20.0,Electric,Semi-Automatic,Fleet vehicle
4779,Kia,Civic,2020,18500,178000.0,4.0,Gas,Automatic,First owner
4780,Hyundai,C-Class,2015,2600,-5000.0,9.0,Electric,Manual,Imported
4781,Ford,X5,2015,6000,78500.0,9.0,Petrol,Manual,Refurbished
4782,Chevrolet,Corolla,1992,28300,,32.0,Diesel,Semi-Automatic,Fleet vehicle
4783,Honda,Altima,2012,10000,,12.0,Electric,Automatic,Second owner
4784,Ford,C-Class,2010,49900,296500.0,14.0,Hybrid,Semi-Automatic,Imported
4785,Ford,Altima,2020,34300,176000.0,4.0,Petrol,Semi-Automatic,Second owner
4786,Chevrolet,A4,2020,35700,255000.0,4.0,Petrol,Manual,First owner
4787,BMW,Sportage,2009,2500,15000.0,15.0,Gas,Automatic,Fleet vehicle
4788,BMW,F-150,0,39400,33000.0,,Electric,Semi-Automatic,Imported
4789,Toyota,X5,2023,15100,77500.0,1.0,Electric,Manual,Imported
4790,BMW,Corolla,2013,21400,145000.0,11.0,Hybrid,Manual,First owner
4791,Chevrolet,Sportage,2010,44800,199500.0,14.0,Gas,Automatic,First owner
4792,Mercedes,Sportage,2021,8700,213500.0,3.0,Petrol,Semi-Automatic,Fleet vehicle
4793,Audi,Impala,2011,20000,162500.0,13.0,Gas,Semi-Automatic,
4794,Hyundai,X5,2023,49100,117500.0,1.0,Diesel,Semi-Automatic,Refurbished
4795,Hyundai,X5,2011,46100,293000.0,13.0,Diesel,Semi-Automatic,Fleet vehicle
4796,BMW,Altima,2012,31900,9500.0,12.0,Petrol,Automatic,First owner
4797,Toyota,Sportage,2005,46900,,19.0,Diesel,Semi-Automatic,Fleet vehicle
4798,Audi,C-Class,2017,13400,19500.0,7.0,Hybrid,Manual,Fleet vehicle
4799,Honda,C-Class,1999,41000,281000.0,25.0,Hybrid,Automatic,Imported
4800,Nissan,Altima,1992,10700,243000.0,32.0,Gas,Manual,Second owner
4801,Nissan,Sportage,1994,2900,225000.0,30.0,Petrol,Automatic,Refurbished
4802,BMW,Impala,1996,19300,43000.0,28.0,Petrol,Manual,Second owner
4803,Ford,Altima,2011,7200,96500.0,13.0,Gas,Automatic,Imported
4804,Toyota,Elantra,2021,Error,204000.0,3.0,Hybrid,Automatic,Second owner
4805,BMW,X5,Year?,28800,73500.0,,Electric,Manual,Second owner
4806,Chevrolet,Sportage,2006,23400,34500.0,18.0,Gas,Manual,Second owner
4807,Chevrolet,Altima,2012,,252500.0,12.0,Petrol,Manual,First owner
4808,Nissan,F-150,2018,18000,112000.0,6.0,Electric,Manual,Refurbished
4809,BMW,X5,2004,45100,53000.0,20.0,Electric,Manual,
4810,Toyota,Sportage,2001,49400,50500.0,23.0,Gas,Manual,Refurbished
4811,Mercedes,Sportage,2018,-1,6000.0,6.0,Diesel,Semi-Automatic,Refurbished
4812,Chevrolet,Impala,2008,22700,277000.0,16.0,Gas,Automatic,
4813,BMW,Civic,2023,,,1.0,Petrol,Semi-Automatic,
4814,Honda,C-Class,1995,10300,241000.0,29.0,Electric,Semi-Automatic,
4815,Nissan,Altima,2001,20700,26000.0,23.0,Diesel,Automatic,First owner
4816,Honda,Civic,2019,29100,185000.0,5.0,Petrol,Automatic,Imported
4817,Mercedes,F-150,2013,25700,127000.0,11.0,Petrol,Semi-Automatic,Fleet vehicle
4818,Toyota,F-150,1999,2500,81500.0,25.0,Gas,Semi-Automatic,Second owner
4819,Kia,Corolla,2007,38200,7000.0,17.0,Gas,Manual,First owner
4820,Honda,F-150,1991,14700,288000.0,33.0,Petrol,Automatic,Imported
4821,Kia,A4,2019,38700,-5000.0,5.0,Electric,Automatic,Fleet vehicle
4822,Audi,C-Class,2002,11300,280000.0,22.0,Gas,Manual,Imported
4823,Nissan,Elantra,1990,41100,156000.0,34.0,Petrol,Automatic,
4824,Hyundai,A4,2015,44000,94000.0,9.0,Petrol,Semi-Automatic,Refurbished
4825,Audi,Elantra,2019,30800,,5.0,Gas,Automatic,
4826,Kia,Sportage,Year?,17900,262500.0,,Gas,Semi-Automatic,Imported
4827,BMW,A4,2015,17400,105500.0,9.0,Gas,Manual,
4828,Honda,Sportage,2017,7200,-5000.0,7.0,Petrol,Semi-Automatic,Fleet vehicle
4829,Honda,X5,2018,11800,-5000.0,6.0,Electric,Manual,
4830,Chevrolet,Elantra,2023,30200,276000.0,1.0,Petrol,Semi-Automatic,
4831,Audi,F-150,1996,32300,198500.0,28.0,Electric,Semi-Automatic,Refurbished
4832,Mercedes,C-Class,2012,21100,279000.0,12.0,Gas,Automatic,First owner
4833,Mercedes,Civic,2013,7900,245500.0,11.0,Hybrid,Manual,Second owner
4834,Toyota,Corolla,2003,18900,136000.0,21.0,Diesel,Semi-Automatic,
4835,Nissan,A4,1994,20600,279500.0,30.0,Gas,Automatic,Imported
4836,Chevrolet,Impala,2022,29600,10000.0,2.0,Hybrid,Automatic,
4837,BMW,Corolla,2012,3600,218000.0,12.0,Petrol,Manual,Second owner
4838,Chevrolet,C-Class,2011,49400,236500.0,13.0,Diesel,Automatic,
4839,Nissan,Elantra,2000,,182000.0,24.0,Petrol,Automatic,Refurbished
4840,Honda,Civic,0,11200,-5000.0,,Gas,Semi-Automatic,Refurbished
4841,Honda,C-Class,2009,27800,284500.0,15.0,Hybrid,Semi-Automatic,Fleet vehicle
4842,Mercedes,F-150,2020,35900,173500.0,4.0,Gas,Semi-Automatic,Second owner
4843,Chevrolet,Altima,1992,29800,173500.0,32.0,Petrol,Automatic,Fleet vehicle
4844,Audi,F-150,2004,37900,271000.0,20.0,Gas,Semi-Automatic,Refurbished
4845,Chevrolet,Impala,2014,30200,183000.0,10.0,Electric,Semi-Automatic,Refurbished
4846,Ford,Civic,2001,35300,293000.0,23.0,Gas,Manual,Imported
4847,Chevrolet,A4,1994,44900,203000.0,30.0,Diesel,Automatic,First owner
4848,Chevrolet,Sportage,1990,,231500.0,34.0,Petrol,Manual,
4849,Toyota,,2012,35700,40000.0,12.0,Electric,Automatic,
4850,Hyundai,Impala,2014,2900,74000.0,10.0,Petrol,Manual,Fleet vehicle
4851,Nissan,Sportage,2011,36100,183500.0,13.0,Electric,Manual,Refurbished
4852,Nissan,X5,2001,13500,135000.0,23.0,Gas,Semi-Automatic,Second owner
4853,BMW,X5,2009,16100,171000.0,15.0,Electric,Semi-Automatic,First owner
4854,Honda,Civic,2021,13100,234500.0,3.0,Diesel,Manual,Imported
4855,Audi,C-Class,1994,Error,44000.0,30.0,Diesel,Semi-Automatic,Fleet vehicle
4856,Mercedes,A4,1998,37000,159500.0,26.0,Diesel,Automatic,Refurbished
4857,Ford,Elantra,1999,35000,219500.0,25.0,Gas,Semi-Automatic,Second owner
4858,Ford,Elantra,2013,46100,252000.0,11.0,Petrol,Manual,Imported
4859,Hyundai,Elantra,2020,6900,51500.0,4.0,Electric,Semi-Automatic,Refurbished
4860,Hyundai,Altima,2001,26200,15000.0,23.0,Diesel,Automatic,Fleet vehicle
4861,Ford,Impala,2006,12500,27500.0,18.0,Petrol,Automatic,Imported
4862,Mercedes,X5,1995,26300,241500.0,29.0,Hybrid,Automatic,Imported
4863,Ford,C-Class,2006,39400,65500.0,18.0,Gas,Manual,Refurbished
4864,Ford,C-Class,0,25000,-5000.0,,Hybrid,Semi-Automatic,Fleet vehicle
4865,Toyota,Unknown,1997,4400,114000.0,27.0,Gas,Manual,Fleet vehicle
4866,Kia,Altima,1993,47200,292500.0,31.0,Electric,Automatic,Second owner
4867,Nissan,A4,2007,-1,19500.0,17.0,Diesel,Manual,First owner
4868,BMW,Civic,1999,2300,,25.0,Diesel,Semi-Automatic,Imported
4869,Nissan,A4,2019,Error,,5.0,Electric,Manual,Second owner
4870,Chevrolet,F-150,1997,36800,133000.0,27.0,Hybrid,Semi-Automatic,Imported
4871,Chevrolet,Civic,2014,,168000.0,10.0,Hybrid,Semi-Automatic,Imported
4872,,A4,2007,30800,-5000.0,17.0,Petrol,Automatic,Fleet vehicle
4873,Mercedes,Elantra,2018,6800,199500.0,6.0,Gas,Semi-Automatic,
4874,Kia,Corolla,2017,39400,241500.0,7.0,Gas,Automatic,Fleet vehicle
4875,Nissan,Impala,2020,38100,147000.0,4.0,Petrol,Manual,
4876,Mercedes,Corolla,2013,8200,134500.0,11.0,Gas,Automatic,Second owner
4877,Mercedes,Civic,1993,18900,175000.0,31.0,Petrol,Manual,Second owner
4878,BMW,Unknown,1992,20900,217000.0,32.0,Gas,Semi-Automatic,First owner
4879,???,Altima,2015,34600,207000.0,9.0,Hybrid,Automatic,Refurbished
4880,Audi,Sportage,2001,23300,184500.0,23.0,Petrol,Automatic,Fleet vehicle
4881,Hyundai,Unknown,2012,16500,232500.0,12.0,Electric,Automatic,Fleet vehicle
4882,BMW,A4,1992,28800,204000.0,32.0,Hybrid,Automatic,Imported
4883,Mercedes,Elantra,2022,13000,5000.0,2.0,Electric,Automatic,Fleet vehicle
4884,Kia,C-Class,2004,2800,227500.0,20.0,Electric,Manual,Imported
4885,Kia,,0,23100,60500.0,,Diesel,Automatic,Second owner
4886,Audi,Corolla,Year?,35100,265500.0,,Gas,Semi-Automatic,Imported
4887,Mercedes,Sportage,2010,2600,,14.0,Gas,Automatic,Imported
4888,Toyota,Corolla,1994,,-5000.0,30.0,Electric,Manual,Refurbished
4889,Toyota,A4,2015,5500,59500.0,9.0,Gas,Semi-Automatic,First owner
4890,Honda,C-Class,2011,2700,10500.0,13.0,Petrol,Semi-Automatic,
4891,Chevrolet,X5,1994,43700,,30.0,Diesel,Automatic,Imported
4892,Toyota,Civic,2006,48600,299500.0,18.0,Petrol,Semi-Automatic,Fleet vehicle
4893,Chevrolet,A4,0,9700,37500.0,,Diesel,Manual,Fleet vehicle
4894,BMW,Elantra,2008,Error,118500.0,16.0,Electric,Semi-Automatic,
4895,Chevrolet,F-150,2005,11600,189500.0,19.0,Electric,Manual,Refurbished
4896,Toyota,Elantra,2012,7600,,12.0,Hybrid,Semi-Automatic,Second owner
4897,Mercedes,F-150,2014,10400,104000.0,10.0,Electric,Manual,Imported
4898,BMW,A4,1991,40300,150000.0,33.0,Diesel,Automatic,Fleet vehicle
4899,Chevrolet,A4,2005,7900,156000.0,19.0,Petrol,Manual,Imported
4900,BMW,Civic,1998,34200,108500.0,26.0,Hybrid,Manual,Imported
4901,Chevrolet,X5,1998,32400,-5000.0,26.0,Gas,Semi-Automatic,Fleet vehicle
4902,Kia,Civic,2015,1900,187500.0,9.0,Petrol,Semi-Automatic,
4903,Kia,Impala,2016,24400,85000.0,8.0,Electric,Automatic,Fleet vehicle
4904,Mercedes,Altima,Year?,26100,194500.0,,Gas,Automatic,Imported
4905,???,A4,2018,-1,293500.0,6.0,Petrol,Semi-Automatic,First owner
4906,Mercedes,A4,2016,31700,247000.0,8.0,Petrol,Manual,Fleet vehicle
4907,Kia,F-150,1992,20800,12000.0,32.0,Gas,Manual,Refurbished
4908,Hyundai,X5,2001,28500,244000.0,23.0,Diesel,Manual,First owner
4909,BMW,Sportage,1992,30300,94000.0,32.0,Gas,Semi-Automatic,Fleet vehicle
4910,Toyota,Elantra,1994,25200,,30.0,Electric,Manual,First owner
4911,Chevrolet,A4,1996,30800,26500.0,28.0,Hybrid,Automatic,Fleet vehicle
4912,Chevrolet,F-150,2016,29100,45500.0,8.0,Petrol,Manual,Refurbished
4913,Honda,Altima,1993,8100,152500.0,31.0,Hybrid,Manual,
4914,Toyota,Sportage,1991,34200,208000.0,33.0,Gas,Semi-Automatic,Second owner
4915,Honda,C-Class,2003,35100,143500.0,21.0,Hybrid,Semi-Automatic,First owner
4916,Toyota,Impala,1992,47200,5500.0,32.0,Electric,Manual,Second owner
4917,Hyundai,Sportage,2013,1000,125000.0,11.0,Gas,Semi-Automatic,First owner
4918,Toyota,Civic,1998,48400,201500.0,26.0,Petrol,Semi-Automatic,Second owner
4919,BMW,C-Class,2004,6000,267000.0,20.0,Hybrid,Semi-Automatic,Fleet vehicle
4920,BMW,F-150,2018,41900,89500.0,6.0,Petrol,Manual,Second owner
4921,Audi,X5,2013,47000,192500.0,11.0,Gas,Automatic,Refurbished
4922,Toyota,F-150,2013,10400,108000.0,11.0,Petrol,Manual,Refurbished
4923,BMW,A4,1990,10700,289000.0,34.0,Gas,Automatic,Imported
4924,Toyota,Civic,2014,43600,276000.0,10.0,Diesel,Automatic,First owner
4925,???,Civic,2003,47900,210000.0,21.0,Electric,Automatic,Refurbished
4926,Hyundai,A4,1994,13300,204000.0,30.0,Diesel,Manual,Fleet vehicle
4927,Audi,Sportage,2007,12600,192000.0,17.0,Gas,Automatic,Second owner
4928,Chevrolet,F-150,1998,21500,155000.0,26.0,Gas,Automatic,Refurbished
4929,Chevrolet,Unknown,2005,11400,190500.0,19.0,Electric,Manual,Fleet vehicle
4930,Kia,Civic,2014,1100,171000.0,10.0,Petrol,Manual,Second owner
4931,Ford,Sportage,2011,8100,181500.0,13.0,Diesel,Manual,Second owner
4932,Chevrolet,F-150,2015,5900,36000.0,9.0,Diesel,Automatic,
4933,Audi,Altima,2015,33300,263000.0,9.0,Diesel,Manual,Imported
4934,Honda,Corolla,1996,28400,11000.0,28.0,Hybrid,Semi-Automatic,First owner
4935,Ford,X5,2008,16900,170000.0,16.0,Diesel,Semi-Automatic,First owner
4936,Nissan,Corolla,1993,22200,-5000.0,31.0,Gas,Automatic,Refurbished
4937,Honda,A4,1993,3600,295500.0,31.0,Electric,Manual,First owner
4938,BMW,Civic,2021,Error,19500.0,3.0,Diesel,Manual,
4939,Toyota,Elantra,2014,32900,,10.0,Electric,Semi-Automatic,
4940,BMW,Elantra,1996,46800,213500.0,28.0,Diesel,Automatic,Fleet vehicle
4941,Chevrolet,F-150,2006,21000,20000.0,18.0,Diesel,Automatic,Second owner
4942,Chevrolet,Elantra,2001,36800,278000.0,23.0,Diesel,Automatic,Refurbished
4943,Hyundai,Civic,2002,31100,18000.0,22.0,Diesel,Semi-Automatic,Fleet vehicle
4944,BMW,F-150,2011,5900,203000.0,13.0,Petrol,Manual,Second owner
4945,Audi,A4,2002,29200,,22.0,Diesel,Semi-Automatic,Refurbished
4946,Honda,A4,2009,2000,17500.0,15.0,Hybrid,Semi-Automatic,Fleet vehicle
4947,Toyota,Elantra,2008,23400,,16.0,Petrol,Automatic,
4948,Mercedes,Sportage,1995,28700,185500.0,29.0,Gas,Semi-Automatic,
4949,Hyundai,Altima,2000,37600,85000.0,24.0,Hybrid,Manual,First owner
4950,BMW,Impala,2001,41100,-5000.0,23.0,Gas,Semi-Automatic,Second owner
4951,Honda,Corolla,2021,40200,135500.0,3.0,Hybrid,Manual,Imported
4952,Kia,F-150,1996,38000,,28.0,Electric,Manual,
4953,Nissan,Sportage,2007,20100,267500.0,17.0,Gas,Manual,Second owner
4954,Audi,A4,1994,21600,119000.0,30.0,Diesel,Manual,Imported
4955,Kia,Corolla,2000,3200,104000.0,24.0,Gas,Manual,Imported
4956,Nissan,Sportage,2006,43700,61500.0,18.0,Petrol,Manual,Imported
4957,Kia,F-150,2018,35400,123500.0,6.0,Gas,Automatic,Fleet vehicle
4958,Nissan,Sportage,2022,48300,277000.0,2.0,Hybrid,Manual,Imported
4959,Audi,X5,1995,19900,282000.0,29.0,Hybrid,Manual,
4960,Chevrolet,Civic,2007,9700,,17.0,Diesel,Semi-Automatic,Imported
4961,Ford,Altima,Year?,33700,138000.0,,Electric,Semi-Automatic,Second owner
4962,Hyundai,Impala,,33700,236000.0,,Petrol,Semi-Automatic,Second owner
4963,Ford,X5,2001,22600,189500.0,23.0,Hybrid,Automatic,Second owner
4964,BMW,,1995,45000,284000.0,29.0,Diesel,Manual,Fleet vehicle
4965,Toyota,Civic,1993,-1,64500.0,31.0,Electric,Manual,First owner
4966,Mercedes,A4,1994,-1,80000.0,30.0,Petrol,Automatic,Second owner
4967,Mercedes,F-150,1999,4200,240500.0,25.0,Diesel,Automatic,
4968,Toyota,Civic,1998,48800,103000.0,26.0,Petrol,Automatic,
4969,Mercedes,Sportage,2018,11100,109500.0,6.0,Hybrid,Manual,Fleet vehicle
4970,Mercedes,Elantra,2009,6000,220500.0,15.0,Petrol,Semi-Automatic,First owner
4971,Ford,F-150,2012,27500,223500.0,12.0,Diesel,Manual,Refurbished
4972,Audi,Civic,2022,8500,117500.0,2.0,Hybrid,Automatic,Refurbished
4973,Hyundai,Impala,1998,42900,82500.0,26.0,Electric,Automatic,
4974,Mercedes,Elantra,2014,9200,287000.0,10.0,Electric,Automatic,Fleet vehicle
4975,BMW,A4,1994,11600,276000.0,30.0,Hybrid,Automatic,Fleet vehicle
4976,Kia,Civic,1992,39300,264500.0,32.0,Electric,Automatic,Refurbished
4977,Mercedes,Elantra,2022,Error,89500.0,2.0,Gas,Manual,Imported
4978,Chevrolet,X5,1996,29200,250000.0,28.0,Gas,Automatic,Imported
4979,Ford,Altima,1992,17300,151000.0,32.0,Petrol,Automatic,First owner
4980,BMW,Civic,1995,23600,210500.0,29.0,Gas,Automatic,Imported
4981,Nissan,Civic,2006,26500,246500.0,18.0,Diesel,Automatic,Refurbished
4982,Kia,Elantra,1992,24700,,32.0,Diesel,Semi-Automatic,Second owner
4983,Audi,Corolla,1992,48800,40500.0,32.0,Petrol,Automatic,First owner
4984,Honda,X5,2022,28000,287500.0,2.0,Hybrid,Automatic,Second owner
4985,Chevrolet,Sportage,1998,14200,,26.0,Diesel,Semi-Automatic,First owner
4986,Audi,Sportage,1991,33200,18500.0,33.0,Diesel,Semi-Automatic,Imported
4987,Nissan,F-150,2021,12600,268000.0,3.0,Gas,Manual,Fleet vehicle
4988,Ford,Corolla,2013,18200,215500.0,11.0,Diesel,Semi-Automatic,Second owner
4989,Ford,F-150,0,36300,175000.0,,Petrol,Manual,Fleet vehicle
4990,Chevrolet,X5,1999,-1,131000.0,25.0,Diesel,Automatic,Imported
4991,Ford,C-Class,1991,Error,,33.0,Diesel,Automatic,Refurbished
4992,Honda,C-Class,1991,40200,157000.0,33.0,Gas,Manual,First owner
4993,Hyundai,Civic,2001,27700,290500.0,23.0,Diesel,Automatic,
4994,BMW,,1996,11600,259500.0,28.0,Electric,Semi-Automatic,Refurbished
4995,Honda,F-150,,24800,281500.0,,Diesel,Manual,Refurbished
4996,Audi,Elantra,2015,4400,,9.0,Diesel,Manual,First owner
4997,Hyundai,Sportage,2001,26400,152500.0,23.0,Diesel,Manual,First owner
4998,Chevrolet,A4,2002,24100,244000.0,22.0,Petrol,Automatic,Imported
4999,Mercedes,Corolla,1994,34700,155500.0,30.0,Electric,Manual,Refurbished
5000,Hyundai,Sportage,2008,26300,35500.0,16.0,Gas,Semi-Automatic,Fleet vehicle
